Unnamed: 0,label,text,hindi,bengali
0,Psoriasis,"I have been experiencing a skin rash on my arms, legs, and torso for the past few weeks. It is red, itchy, and covered in dry, scaly patches.","मैं पिछले कुछ हफ्तों से अपनी बाहों, पैरों और धड़ पर एक त्वचा पर चकत्ते का अनुभव कर रहा हूं। यह लाल, खुजली है, और सूखे, पपड़ीदार पैच में ढंका हुआ है।","আমি গত কয়েক সপ্তাহ ধরে আমার বাহু, পা এবং ধড়ের উপর ত্বকের ফুসকুড়ি অনুভব করছি। এটি লাল, চুলকানি এবং শুকনো, খালি প্যাচগুলিতে আচ্ছাদিত।"
1,Psoriasis,"My skin has been peeling, especially on my knees, elbows, and scalp. This peeling is often accompanied by a burning or stinging sensation.","मेरी त्वचा छील रही है, खासकर मेरे घुटनों, कोहनी और खोपड़ी पर। यह छीलना अक्सर एक जलती हुई या चुभने वाली सनसनी के साथ होता है।","আমার ত্বক খোসা ছাড়ছে, বিশেষত আমার হাঁটু, কনুই এবং মাথার ত্বকে। এই খোসাটি প্রায়শই জ্বলন্ত বা স্টিংিং সংবেদন সহ থাকে।"
2,Psoriasis,"I have been experiencing joint pain in my fingers, wrists, and knees. The pain is often achy and throbbing, and it gets worse when I move my joints.","मैं अपनी उंगलियों, कलाई और घुटनों में जोड़ों के दर्द का अनुभव कर रहा हूं। दर्द अक्सर दर्द और धड़कन होता है, और जब मैं अपने जोड़ों को स्थानांतरित करता हूं तो यह खराब हो जाता है।","আমি আমার আঙ্গুল, কব্জি এবং হাঁটুতে জয়েন্টে ব্যথা অনুভব করছি। ব্যথা প্রায়শই বেদনাদায়ক এবং থ্রোবিং হয় এবং আমি যখন আমার জয়েন্টগুলি সরান তখন এটি আরও খারাপ হয়।"
3,Psoriasis,"There is a silver like dusting on my skin, especially on my lower back and scalp. This dusting is made up of small scales that flake off easily when I scratch them.","मेरी त्वचा पर धूल की तरह एक चांदी है, खासकर मेरी पीठ के निचले हिस्से और खोपड़ी पर। यह डस्टिंग छोटे पैमानों से बना है जो आसानी से बंद हो जाता है जब मैं उन्हें खरोंचता हूं।","আমার ত্বকে ধুলাবালি করার মতো রৌপ্য রয়েছে, বিশেষত আমার নীচের পিঠে এবং মাথার ত্বকে। এই ধুলা ছোট ছোট স্কেলগুলি দিয়ে তৈরি যা আমি যখন স্ক্র্যাচ করি তখন সহজেই ফ্লেক হয়ে যায়।"
4,Psoriasis,"My nails have small dents or pits in them, and they often feel inflammatory and tender to the touch. Even there are minor rashes on my arms.","मेरे नाखूनों में उनमें छोटे डेंट या गड्ढे होते हैं, और वे अक्सर भड़काऊ और स्पर्श के लिए कोमल महसूस करते हैं। यहां तक ​​कि मेरी बाहों पर मामूली चकत्ते हैं।",আমার নখগুলিতে তাদের মধ্যে ছোট ছোট ডেন্ট বা পিট রয়েছে এবং তারা প্রায়শই স্পর্শে প্রদাহজনক এবং কোমল বোধ করে। এমনকি আমার বাহুতে ছোটখাটো ফুসকুড়ি রয়েছে।
5,Psoriasis,The skin on my palms and soles is thickened and has deep cracks. These cracks are painful and bleed easily.,मेरी हथेलियों और तलवों पर त्वचा गाढ़ा हो जाती है और गहरी दरारें होती हैं। ये दरारें दर्दनाक और आसानी से खून बहती हैं।,আমার তালুতে এবং তলগুলির ত্বক ঘন হয়ে গেছে এবং এতে গভীর ফাটল রয়েছে। এই ফাটলগুলি বেদনাদায়ক এবং সহজেই রক্তপাত হয়।
6,Psoriasis,"The skin around my mouth, nose, and eyes is red and inflamed. It is often itchy and uncomfortable. There is a noticeable inflammation in my nails.","मेरे मुंह, नाक और आंखों के चारों ओर की त्वचा लाल और सूजन होती है। यह अक्सर खुजली और असहज होता है। मेरे नाखूनों में एक ध्यान देने योग्य सूजन है।","আমার মুখ, নাক এবং চোখের চারপাশের ত্বক লাল এবং ফুলে গেছে। এটি প্রায়শই চুলকানি এবং অস্বস্তিকর হয়। আমার নখগুলিতে একটি লক্ষণীয় প্রদাহ রয়েছে।"
7,Psoriasis,My skin is very sensitive and reacts easily to changes in temperature or humidity. I often have to be careful about what products I use on my skin.,मेरी त्वचा बहुत संवेदनशील है और तापमान या आर्द्रता में परिवर्तन के लिए आसानी से प्रतिक्रिया करती है। मुझे अक्सर सावधान रहना पड़ता है कि मैं अपनी त्वचा पर किन उत्पादों का उपयोग करता हूं।,আমার ত্বক খুব সংবেদনশীল এবং তাপমাত্রা বা আর্দ্রতার পরিবর্তনে সহজেই প্রতিক্রিয়া জানায়। আমি আমার ত্বকে কোন পণ্য ব্যবহার করি সে সম্পর্কে আমাকে প্রায়শই সতর্ক থাকতে হবে।
8,Psoriasis,"I have noticed a sudden peeling of skin at different parts of my body, mainly arms, legs and back. Also, I face severe joint pain and skin rashes.","मैंने अपने शरीर के विभिन्न हिस्सों में त्वचा के अचानक छीलने पर ध्यान दिया है, मुख्य रूप से हथियार, पैर और पीठ। इसके अलावा, मैं गंभीर जोड़ों के दर्द और त्वचा के चकत्ते का सामना करता हूं।","আমি আমার দেহের বিভিন্ন অংশে মূলত বাহু, পা এবং পিছনে ত্বকের খোসা ছাড়ার বিষয়টি লক্ষ্য করেছি। এছাড়াও, আমি গুরুতর জয়েন্টে ব্যথা এবং ত্বকের ফুসকুড়িগুলির মুখোমুখি।"
9,Psoriasis,"The skin on my genitals is red and inflamed. It is often itchy, burning, and uncomfortable. There are rashes on different parts of the body too.","मेरे जननांगों पर त्वचा लाल और सूजन है। यह अक्सर खुजली, जलन और असहज है। शरीर के विभिन्न हिस्सों पर भी चकत्ते हैं।","আমার যৌনাঙ্গে ত্বক লাল এবং স্ফীত। এটি প্রায়শই চুলকানি, জ্বলন্ত এবং অস্বস্তিকর হয়। শরীরের বিভিন্ন অংশেও ফুসকুড়ি রয়েছে।"
10,Psoriasis,"I have experienced fatigue and a general feeling of malaise. I often feel tired and have a lack of energy, even after a good night's sleep.",मैंने थकान और अस्वस्थता की एक सामान्य भावना का अनुभव किया है। मैं अक्सर थका हुआ महसूस करता हूं और एक अच्छी रात की नींद के बाद भी ऊर्जा की कमी है।,আমি ক্লান্তি এবং বিপর্যয়ের একটি সাধারণ অনুভূতি অনুভব করেছি। আমি প্রায়শই ক্লান্ত বোধ করি এবং একটি ভাল রাতের ঘুমের পরেও শক্তির অভাব বোধ করি।
11,Psoriasis,"The rash on my skin has spread to other parts of my body, including my chest and abdomen. It is itchy and uncomfortable, and it is often worse at night. I am also facing skin peeling.","मेरी त्वचा पर दाने मेरे शरीर के अन्य हिस्सों में फैल गया है, जिसमें मेरी छाती और पेट भी शामिल है। यह खुजली और असहज है, और यह अक्सर रात में बदतर होता है। मैं भी त्वचा के छीलने का सामना कर रहा हूं।",আমার ত্বকের ফুসকুড়ি আমার বুক এবং পেটে সহ আমার দেহের অন্যান্য অংশে ছড়িয়ে পড়েছে। এটি চুলকানি এবং অস্বস্তিকর এবং এটি প্রায়শই রাতে খারাপ হয়। আমি ত্বকের খোসা ছাড়ারও মুখোমুখি।
12,Psoriasis,The rash on my skin is worse in the winter months when the air is dry. I find that I have to moisturize more frequently and use humidifiers to keep my skin hydrated.,मेरी त्वचा पर दाने सर्दियों के महीनों में खराब हो जाती है जब हवा सूखी होती है। मुझे लगता है कि मुझे अधिक बार मॉइस्चराइज करना होगा और अपनी त्वचा को हाइड्रेटेड रखने के लिए ह्यूमिडिफायर का उपयोग करना होगा।,আমার ত্বকে ফুসকুড়ি শীতের মাসগুলিতে আরও খারাপ হয় যখন বাতাস শুকিয়ে যায়। আমি দেখতে পেয়েছি যে আমাকে আরও ঘন ঘন ময়শ্চারাইজ করতে হবে এবং আমার ত্বককে হাইড্রেটেড রাখতে হিউমিডিফায়ার ব্যবহার করতে হবে।
13,Psoriasis,"I have experienced difficulty sleeping due to the itching and discomfort caused by the rash. There are small dents in my nails, which is really concerning.","मुझे दाने के कारण होने वाली खुजली और असुविधा के कारण सोने में कठिनाई हुई है। मेरे नाखूनों में छोटे डेंट हैं, जो वास्तव में संबंधित है।","ফুসকুড়ি কারণে চুলকানি এবং অস্বস্তির কারণে আমি ঘুমাতে অসুবিধা পেয়েছি। আমার নখগুলিতে ছোট ছোট ডেন্ট রয়েছে, যা সত্যই সম্পর্কিত।"
14,Psoriasis,"My skin is prone to infections due to dry, flaky patches. I am experiencing a strong pain in my joints. The skin on my knees and elbows is starting to peel off.","मेरी त्वचा सूखी, परतदार पैच के कारण संक्रमण की संभावना है। मैं अपने जोड़ों में एक मजबूत दर्द का अनुभव कर रहा हूं। मेरे घुटनों और कोहनी पर त्वचा छीलने लगी है।","শুকনো, ফ্লেকি প্যাচগুলির কারণে আমার ত্বক সংক্রমণের ঝুঁকিতে রয়েছে। আমি আমার জয়েন্টগুলিতে একটি শক্ত ব্যথা অনুভব করছি। আমার হাঁটু এবং কনুইয়ের ত্বক খোসা ছাড়তে শুরু করেছে।"
15,Psoriasis,"I am starting to have rashes on my skin. The rash often bleeds when I scratch or rub it. Moreover, I have noticed small dents in my nails.","मैं अपनी त्वचा पर चकत्ते होने लगा हूं। जब मैं खरोंच या रगड़ता हूं तो दाने अक्सर खून बहता है। इसके अलावा, मैंने अपने नाखूनों में छोटे डेंट देखे हैं।","আমি আমার ত্বকে ফুসকুড়ি পেতে শুরু করছি। আমি যখন স্ক্র্যাচ বা ঘষে তখন ফুসকুড়ি প্রায়শই রক্তপাত করে। তদুপরি, আমি আমার নখগুলিতে ছোট ছোট ডেন্টগুলি লক্ষ্য করেছি।"
16,Psoriasis,"I have noticed that my skin has become more sensitive than it used to be. There is a silver like dusting on my skin, especially on my back and elbows.","मैंने देखा है कि मेरी त्वचा की तुलना में अधिक संवेदनशील हो गई है। मेरी त्वचा पर धूल की तरह एक चांदी है, खासकर मेरी पीठ और कोहनी पर।","আমি লক্ষ্য করেছি যে আমার ত্বক আগের চেয়ে বেশি সংবেদনশীল হয়ে উঠেছে। আমার ত্বকে ধুলাবালি করার মতো রৌপ্য রয়েছে, বিশেষত আমার পিঠে এবং কনুইতে।"
17,Psoriasis,"I am worried about the constant peeling of the skin on my palm, elbow and knee. I have developed rashes on my arms, which itch if I touch them. All of these are making my life quite discomforting and miserable.","मैं अपनी हथेली, कोहनी और घुटने पर त्वचा के निरंतर छीलने के बारे में चिंतित हूं। मैंने अपनी बाहों पर चकत्ते विकसित किए हैं, जो अगर मैं उन्हें छूता हूं तो खुजली। ये सभी मेरे जीवन को काफी असुविधाजनक और दयनीय बना रहे हैं।","আমি আমার খেজুর, কনুই এবং হাঁটুতে ত্বকের ধ্রুবক খোসা নিয়ে উদ্বিগ্ন। আমি আমার বাহুতে ফুসকুড়ি তৈরি করেছি, যদি আমি তাদের স্পর্শ করি তবে চুলকানি। এগুলি সবই আমার জীবনকে বেশ অস্বস্তিকর এবং কৃপণ করে তুলছে।"
18,Psoriasis,"There is strange pain in my joints. Also, I have noticed strange peeling of skin in different parts of my body. I am afraid there is something wrong going on with my body.","मेरे जोड़ों में अजीब दर्द है। इसके अलावा, मैंने अपने शरीर के विभिन्न हिस्सों में त्वचा के अजीब छीलने पर ध्यान दिया है। मुझे डर है कि मेरे शरीर के साथ कुछ गलत हो रहा है।","আমার জয়েন্টগুলিতে অদ্ভুত ব্যথা আছে। এছাড়াও, আমি আমার দেহের বিভিন্ন অংশে ত্বকের অদ্ভুত খোসা ছাড়ার বিষয়টি লক্ষ্য করেছি। আমি ভয় পাচ্ছি আমার শরীরের সাথে কিছু ভুল চলছে।"
19,Psoriasis,"My nails have small dents on them. Even my joints have started to pain severely. There is a silver like dusting on my skin, particularly in my back.","मेरे नाखूनों में उन पर छोटे डेंट हैं। यहां तक ​​कि मेरे जोड़ों ने भी गंभीर रूप से दर्द होने लगा है। मेरी त्वचा पर धूल की तरह एक चांदी है, खासकर मेरी पीठ में।","আমার নখগুলিতে তাদের উপর ছোট ছোট ডেন্ট রয়েছে। এমনকি আমার জয়েন্টগুলি মারাত্মকভাবে ব্যথা শুরু করেছে। আমার ত্বকে ধুলাবালি করার মতো রৌপ্য রয়েছে, বিশেষত আমার পিঠে।"
20,Psoriasis,"The rashes on my skin are not healing. Moreover, I have noticed a sudden peeling of the skin, especially the skin on my elbows and knees. I am really worried about this.","मेरी त्वचा पर चकत्ते ठीक नहीं हैं। इसके अलावा, मैंने त्वचा के अचानक छीलने पर ध्यान दिया है, विशेष रूप से मेरी कोहनी और घुटनों पर त्वचा। मैं वास्तव में इस बारे में चिंतित हूं।","আমার ত্বকে ফুসকুড়ি নিরাময় হয় না। তদুপরি, আমি হঠাৎ ত্বকের খোসা ছাড়ার বিষয়টি লক্ষ্য করেছি, বিশেষত আমার কনুই এবং হাঁটুর ত্বক। আমি এই সম্পর্কে সত্যিই উদ্বিগ্ন।"
21,Psoriasis,"For the past few weeks, I've had a skin rash on my arms, legs, and chest. It's red and irritating, with dry, scaly spots. I have a strange pain in my joints too.","पिछले कुछ हफ्तों से, मैंने अपनी बाहों, पैरों और छाती पर एक त्वचा पर चकरा दिया है। यह लाल और चिड़चिड़ा है, शुष्क, पपड़ीदार धब्बों के साथ। मुझे अपने जोड़ों में भी एक अजीब दर्द है।","গত কয়েক সপ্তাহ ধরে, আমার বাহু, পা এবং বুকে ত্বকের ফুসকুড়ি ছিল। এটি শুকনো, খালি দাগ সহ লাল এবং বিরক্তিকর। আমার জয়েন্টগুলিতেও আমার এক অদ্ভুত ব্যথা আছে।"
22,Psoriasis,"My skin is peeling, particularly on my knees, elbows, and scalp. This peeling is frequently accompanied by a stinging or burning feeling.","मेरी त्वचा छील रही है, विशेष रूप से मेरे घुटनों, कोहनी और खोपड़ी पर। यह छीलना अक्सर एक स्टिंगिंग या जलती हुई भावना के साथ होता है।","আমার ত্বক খোসা ছাড়ছে, বিশেষত আমার হাঁটু, কনুই এবং মাথার ত্বকে। এই খোসাটি প্রায়শই একটি স্টিং বা জ্বলন্ত অনুভূতি সহ থাকে।"
23,Psoriasis,"I'm having joint discomfort in my fingers, wrists, and knees. The pain is frequently aching and throbbing, and it worsens when I move my joints.","मुझे अपनी उंगलियों, कलाई और घुटनों में संयुक्त असुविधा हो रही है। दर्द अक्सर दर्द होता है और धड़क रहा है, और जब मैं अपने जोड़ों को स्थानांतरित करता हूं तो यह बिगड़ जाता है।","আমি আমার আঙ্গুল, কব্জি এবং হাঁটুতে যৌথ অস্বস্তি করছি। ব্যথা প্রায়শই ব্যথা করে এবং থ্রোবিং করে এবং আমি যখন আমার জয়েন্টগুলি সরিয়ে নিয়ে যায় তখন এটি আরও খারাপ হয়।"
24,Psoriasis,"My skin has a silvery film, particularly on my back, arms and scalp. This dusting is composed of tiny scales that easily peel off when scratched.","मेरी त्वचा में एक चांदी की फिल्म है, विशेष रूप से मेरी पीठ, हथियार और खोपड़ी पर। यह धूल छोटे तराजू से बना होता है जो आसानी से खरोंच होने पर छील जाते हैं।","আমার ত্বকের একটি রৌপ্য চলচ্চিত্র রয়েছে, বিশেষত আমার পিঠে, অস্ত্র এবং মাথার ত্বকে। এই ধুলা ছোট ছোট স্কেলগুলির সমন্বয়ে গঠিত যা স্ক্র্যাচ করার সময় সহজেই খোসা ছাড়ায়।"
25,Psoriasis,"I have red and inflammatory skin around my mouth, nose, and eyes. It is frequently irritating and unpleasant. Recently, it has got very painful.","मेरे मुंह, नाक और आंखों के चारों ओर लाल और भड़काऊ त्वचा है। यह अक्सर परेशान और अप्रिय होता है। हाल ही में, यह बहुत दर्दनाक हो गया है।","আমার মুখ, নাক এবং চোখের চারপাশে লাল এবং প্রদাহজনক ত্বক রয়েছে। এটি প্রায়শই বিরক্তিকর এবং অপ্রীতিকর হয়। সম্প্রতি, এটি খুব বেদনাদায়ক হয়েছে।"
26,Psoriasis,My skin is extremely sensitive and quickly irritated by changes in temperature or humidity. My nails have developed dents on them. I am worried about this sudden change.,मेरी त्वचा बेहद संवेदनशील है और तापमान या आर्द्रता में परिवर्तन से जल्दी से चिढ़ जाती है। मेरे नाखूनों ने उन पर डेंट विकसित किया है। मैं इस अचानक बदलाव को लेकर चिंतित हूं।,আমার ত্বক অত্যন্ত সংবেদনশীল এবং তাপমাত্রা বা আর্দ্রতার পরিবর্তনের দ্বারা দ্রুত বিরক্ত হয়। আমার নখ তাদের উপর ডেন্ট বিকাশ করেছে। আমি এই হঠাৎ পরিবর্তন সম্পর্কে উদ্বিগ্ন।
27,Psoriasis,"I've seen a sudden peeling of skin on various regions of my body, mostly my arms, legs, and back. In addition, I have significant joint pain and skin rashes. The rash is spreading to different parts of my body.","मैंने अपने शरीर के विभिन्न क्षेत्रों में त्वचा का अचानक छीलते हुए देखा है, ज्यादातर मेरे हाथ, पैर और पीठ। इसके अलावा, मुझे महत्वपूर्ण जोड़ों में दर्द और त्वचा चकत्ते हैं। दाने मेरे शरीर के विभिन्न हिस्सों में फैल रहा है।","আমি আমার দেহের বিভিন্ন অঞ্চলে হঠাৎ ত্বকের খোসা ছাড়তে দেখেছি, বেশিরভাগ আমার বাহু, পা এবং পিছনে। এছাড়াও, আমার উল্লেখযোগ্য জয়েন্ট ব্যথা এবং ত্বকের ফুসকুড়ি রয়েছে। ফুসকুড়ি আমার দেহের বিভিন্ন অংশে ছড়িয়ে পড়ছে।"
28,Psoriasis,"My genital skin is red and irritated. It is frequently irritating, burning, and unpleasant. There are also rashes in various places of the body. Also, I have a strange pain in my joints.","मेरी जननांग त्वचा लाल और चिढ़ है। यह अक्सर परेशान, जलन और अप्रिय है। शरीर के विभिन्न स्थानों में भी चकत्ते हैं। इसके अलावा, मुझे अपने जोड़ों में एक अजीब दर्द है।","আমার যৌনাঙ্গে ত্বক লাল এবং বিরক্ত। এটি প্রায়শই বিরক্তিকর, জ্বলন্ত এবং অপ্রীতিকর হয়। দেহের বিভিন্ন জায়গায় ফুসকুড়িও রয়েছে। এছাড়াও, আমার জয়েন্টগুলিতে আমার একটি অদ্ভুত ব্যথা রয়েছে।"
29,Psoriasis,"I've had trouble sleeping because of the itching and pain produced by the rash. My nails have little dents, which is really alarming. There is a noticeable inflammation in my nails.","मुझे दाने द्वारा उत्पन्न खुजली और दर्द के कारण सोने में परेशानी हुई है। मेरे नाखूनों में बहुत कम डेंट हैं, जो वास्तव में चिंताजनक है। मेरे नाखूनों में एक ध्यान देने योग्य सूजन है।","ফুসকুড়ি দ্বারা উত্পাদিত চুলকানি এবং ব্যথার কারণে আমার ঘুমাতে সমস্যা হয়েছিল। আমার নখগুলিতে সামান্য ডেন্ট রয়েছে, যা সত্যিই উদ্বেগজনক। আমার নখগুলিতে একটি লক্ষণীয় প্রদাহ রয়েছে।"
30,Psoriasis,"Because of dry, flaky areas on my skin, I am prone to infections. My joints are in excruciating agony. The skin on my knees and elbows is beginning to flake.","मेरी त्वचा पर सूखे, परतदार क्षेत्रों के कारण, मैं संक्रमणों के लिए प्रवण हूं। मेरे जोड़ों को पीड़ा देने वाली पीड़ा में है। मेरे घुटनों और कोहनी पर त्वचा परिमित होने लगी है।","আমার ত্বকে শুকনো, ফ্লেকি অঞ্চলগুলির কারণে আমি সংক্রমণের ঝুঁকিতে আছি। আমার জয়েন্টগুলি উদ্বেগজনক যন্ত্রণায় রয়েছে। আমার হাঁটু এবং কনুইয়ের ত্বক ফ্লেক করতে শুরু করেছে।"
31,Psoriasis,"My skin is breaking out in rashes. When I scratch or rub the rash, it frequently bleeds. In addition, I've observed little dents in my nails. There is a noticeable inflammation in my nails.","मेरी त्वचा चकत्ते में टूट रही है। जब मैं दाने को खरोंच या रगड़ता हूं, तो यह अक्सर खून बहता है। इसके अलावा, मैंने अपने नाखूनों में थोड़ा डेंट देखा है। मेरे नाखूनों में एक ध्यान देने योग्य सूजन है।","আমার ত্বক ফুসকুড়ি ভেঙে যাচ্ছে। আমি যখন ফুসকুড়িটি স্ক্র্যাচ করি বা ঘষে থাকি তখন এটি প্রায়শই রক্তপাত হয়। এছাড়াও, আমি আমার নখগুলিতে সামান্য ডেন্টগুলি পর্যবেক্ষণ করেছি। আমার নখগুলিতে একটি লক্ষণীয় প্রদাহ রয়েছে।"
32,Psoriasis,"I've observed that my skin is more sensitive now than it used to be. My skin has a silvery film, especially on my back and elbows.","मैंने देखा है कि मेरी त्वचा अब अधिक संवेदनशील है, क्योंकि यह हुआ करता था। मेरी त्वचा में एक चांदी की फिल्म है, खासकर मेरी पीठ और कोहनी पर।","আমি লক্ষ্য করেছি যে আমার ত্বক এখন আগের চেয়ে বেশি সংবেদনশীল। আমার ত্বকের একটি রৌপ্য চলচ্চিত্র রয়েছে, বিশেষত আমার পিঠে এবং কনুইতে।"
33,Psoriasis,"My palms and soles have grown and developed severe fissures. These cracks are unpleasant and frequently bleed. Also, the skin is starting to peel off.","मेरी हथेलियों और तलवों ने गंभीर रूप से विकसित और विकसित किए हैं। ये दरारें अप्रिय और अक्सर खून बहती हैं। इसके अलावा, त्वचा छीलने लगी है।","আমার খেজুর এবং তলগুলি বেড়ে উঠেছে এবং মারাত্মক ফিশারগুলি বিকাশ করেছে। এই ফাটলগুলি অপ্রীতিকর এবং ঘন ঘন রক্তপাত হয়। এছাড়াও, ত্বক খোসা ছাড়তে শুরু করে।"
34,Psoriasis,"My nails are starting to have small pits on them. I am worried and don't know what is causing it. Also, my joints pain and there are rashes on my arms and back.","मेरे नाखून उन पर छोटे गड्ढे होने लगे हैं। मैं चिंतित हूं और नहीं जानता कि इसका क्या कारण है। इसके अलावा, मेरे जोड़ों में दर्द होता है और मेरी बाहों और पीठ पर चकत्ते होते हैं।","আমার নখগুলি তাদের উপর ছোট ছোট গর্ত হতে শুরু করেছে। আমি উদ্বিগ্ন এবং এটি কী কারণে জানি না। এছাড়াও, আমার জয়েন্টগুলি ব্যথা করে এবং আমার বাহুতে এবং পিঠে ফুসকুড়ি রয়েছে।"
35,Psoriasis,"There is a silver like dusting on my skin. Moreover, the skin on my arms and back are starting to peel off. This is strange and really concerning me.","मेरी त्वचा पर धूल की तरह एक चांदी है। इसके अलावा, मेरी बाहों और पीठ पर त्वचा छीलने लगी है। यह अजीब है और वास्तव में मेरे विषय में है।","আমার ত্বকে ধুলাবালি করার মতো রৌপ্য রয়েছে। তদুপরি, আমার বাহুতে এবং পিছনে ত্বকটি খোসা ছাড়তে শুরু করে। এটি আমার সম্পর্কে অদ্ভুত এবং সত্যই।"
36,Psoriasis,"My skin rash has extended to other areas of my body, including my chest and belly. It is irritating and unpleasant, and it is frequently worst at night. I'm also experiencing skin flaking.","मेरी त्वचा दाने मेरे शरीर के अन्य क्षेत्रों तक फैली हुई है, जिसमें मेरी छाती और पेट शामिल हैं। यह परेशान और अप्रिय है, और यह रात में अक्सर सबसे खराब होता है। मैं भी त्वचा के फ्लेकिंग का अनुभव कर रहा हूं।","আমার ত্বকের ফুসকুড়ি আমার বুক এবং পেট সহ আমার দেহের অন্যান্য অঞ্চলে প্রসারিত হয়েছে। এটি বিরক্তিকর এবং অপ্রীতিকর, এবং এটি রাতে প্রায়শই সবচেয়ে খারাপ হয়। আমি ত্বকের ঝাঁকুনিও অনুভব করছি।"
37,Psoriasis,"My skin rash gets worse in the winter when the air is dry. To keep my skin moisturized, I have to moisturize more regularly and use humidifiers. I am also facing joint pain.","हवा के सूखने पर सर्दियों में मेरी त्वचा दाने खराब हो जाती है। मेरी त्वचा को मॉइस्चराइज करने के लिए, मुझे अधिक नियमित रूप से मॉइस्चराइज करना होगा और ह्यूमिडिफायर का उपयोग करना होगा। मैं भी जोड़ों में दर्द का सामना कर रहा हूं।","শীতকালে আমার ত্বকের ফুসকুড়ি আরও খারাপ হয়ে যায় যখন বাতাস শুকিয়ে যায়। আমার ত্বককে ময়শ্চারাইজড রাখতে, আমাকে আরও নিয়মিত ময়শ্চারাইজ করতে হবে এবং হিউমিডিফায়ার ব্যবহার করতে হবে। আমিও জয়েন্ট ব্যথার মুখোমুখি।"
38,Psoriasis,I've had trouble sleeping because of the itching and pain produced by the rash. My nails have little dents. I am also experiencing skin peeling in different parts of my body.,मुझे दाने द्वारा उत्पन्न खुजली और दर्द के कारण सोने में परेशानी हुई है। मेरे नाखूनों में बहुत कम डेंट हैं। मैं अपने शरीर के विभिन्न हिस्सों में त्वचा के छीलने का भी अनुभव कर रहा हूं।,ফুসকুড়ি দ্বারা উত্পাদিত চুলকানি এবং ব্যথার কারণে আমার ঘুমাতে সমস্যা হয়েছিল। আমার নখের সামান্য ডেন্ট আছে। আমি আমার দেহের বিভিন্ন অংশে ত্বকের খোসা ছাড়ারও অভিজ্ঞতা নিচ্ছি।
39,Psoriasis,"My skin is peeling in places, especially on my knees, elbows, and arms. This peeling is often accompanied by a painful or burning sensation. I am also developing small dents on my nails, which is really concerning.","मेरी त्वचा स्थानों में छील रही है, विशेष रूप से मेरे घुटनों, कोहनी और हथियारों पर। यह छीलना अक्सर एक दर्दनाक या जलन के साथ होता है। मैं अपने नाखूनों पर छोटे डेंट भी विकसित कर रहा हूं, जो वास्तव में संबंधित है।","আমার ত্বক জায়গাগুলিতে খোসা ছাড়ছে, বিশেষত আমার হাঁটু, কনুই এবং বাহুতে। এই খোসাটি প্রায়শই বেদনাদায়ক বা জ্বলন্ত সংবেদন সহ থাকে। আমি আমার নখগুলিতে ছোট ছোট ডেন্টগুলিও বিকাশ করছি, যা সত্যই সম্পর্কিত।"
40,Psoriasis,"My skin has a silvery layer over it, especially on my back and arms. This dusting is made up of small scales that peel off readily when rubbed. Also, there are rashes all over my body.","मेरी त्वचा में उस पर एक चांदी की परत है, खासकर मेरी पीठ और बाहों पर। यह डस्टिंग छोटे पैमानों से बना है जो रगड़ने पर आसानी से छीलते हैं। इसके अलावा, मेरे शरीर में पूरे चकत्ते हैं।","আমার ত্বকের উপরে একটি সিলভার স্তর রয়েছে, বিশেষত আমার পিঠে এবং বাহুতে। এই ধুলাবালি ছোট ছোট স্কেলগুলি দিয়ে তৈরি যা ঘষে গেলে সহজেই খোসা ছাড়ায়। এছাড়াও, আমার সারা শরীর জুড়ে ফুসকুড়ি রয়েছে।"
41,Psoriasis,"My arms, face and back are all red and irritated. It is frequently irritating and unpleasant. My nails have a strange inflammation and have developed small dents. I have never seen anything like this.","मेरी भुजाएँ, चेहरे और पीठ सभी लाल और चिढ़ हैं। यह अक्सर परेशान और अप्रिय होता है। मेरे नाखूनों में एक अजीब सूजन है और छोटे डेंट विकसित किए हैं। मैं इस तरह से कुछ भी कभी नहीं देखा है।","আমার বাহু, মুখ এবং পিছনে সমস্ত লাল এবং বিরক্ত। এটি প্রায়শই বিরক্তিকর এবং অপ্রীতিকর হয়। আমার নখগুলিতে একটি অদ্ভুত প্রদাহ রয়েছে এবং এটি ছোট ছোট ডেন্টগুলি বিকাশ করেছে। আমি এর আগে কখনও দেখিনি।"
42,Psoriasis,"I've had trouble sleeping because of the itching and pain produced by the rash. My nails have little dents, which is really alarming. Moreover, my joints pain everyday and I have no idea what is causing it.","मुझे दाने द्वारा उत्पन्न खुजली और दर्द के कारण सोने में परेशानी हुई है। मेरे नाखूनों में बहुत कम डेंट हैं, जो वास्तव में चिंताजनक है। इसके अलावा, मेरे जोड़ों में हर रोज दर्द होता है और मुझे नहीं पता कि इसका क्या कारण है।","ফুসকুড়ি দ্বারা উত্পাদিত চুলকানি এবং ব্যথার কারণে আমার ঘুমাতে সমস্যা হয়েছিল। আমার নখগুলিতে সামান্য ডেন্ট রয়েছে, যা সত্যিই উদ্বেগজনক। তদুপরি, আমার জয়েন্টগুলি প্রতিদিন ব্যথা করে এবং এর কারণ কী তা আমার কোনও ধারণা নেই।"
43,Psoriasis,My fingers and soles have pretty thick skin that is cracked severely. These fractures hurt and bleed frequently. The fractures are itchy and covered with scales.,मेरी उंगलियों और तलवों में बहुत मोटी त्वचा होती है जो गंभीर रूप से फट जाती है। ये फ्रैक्चर अक्सर चोट लगाते हैं और खून बहाते हैं। फ्रैक्चर खुजली करते हैं और तराजू से ढंके होते हैं।,আমার আঙ্গুলগুলি এবং তলগুলিতে বেশ ঘন ত্বক রয়েছে যা মারাত্মকভাবে ফাটল। এই ফ্র্যাকচারগুলি ঘন ঘন আঘাত এবং রক্তপাত করে। ফ্র্যাকচারগুলি চুলকানি এবং আঁশ দিয়ে আচ্ছাদিত।
44,Psoriasis,"My skin has changed from being less sensitive to being more sensitive. My skin has a silvery coating, especially on my back, elbows and knees.","मेरी त्वचा कम संवेदनशील होने से अधिक संवेदनशील होने से बदल गई है। मेरी त्वचा में एक चांदी कोटिंग है, खासकर मेरी पीठ, कोहनी और घुटनों पर।","আমার ত্বক কম সংবেদনশীল হতে আরও সংবেদনশীল হতে পরিবর্তিত হয়েছে। আমার ত্বকের একটি সিলভার লেপ রয়েছে, বিশেষত আমার পিঠে, কনুই এবং হাঁটুতে।"
45,Psoriasis,"My nails are slightly dented. Even my joints are now experiencing excruciating discomfort. My skin has a silver-like powder, especially on my back and elbows. ","मेरे नाखून थोड़ा डेंटेड हैं। यहां तक ​​कि मेरे जोड़ों को अब कष्टदायी असुविधा का अनुभव हो रहा है। मेरी त्वचा में एक चांदी की तरह पाउडर है, खासकर मेरी पीठ और कोहनी पर।","আমার নখগুলি কিছুটা ডেন্টেড। এমনকি আমার জয়েন্টগুলি এখন উদ্বেগজনক অস্বস্তি অনুভব করছে। আমার ত্বকের রূপার মতো গুঁড়ো রয়েছে, বিশেষত আমার পিঠে এবং কনুইতে।"
46,Psoriasis,"I've had trouble falling asleep because of the rash's pain and itching. The skin on my fingers are starting to peel off. My nails have a few tiny cracks, which is really worrying. ","मुझे दाने के दर्द और खुजली के कारण सो जाने में परेशानी हुई। मेरी उंगलियों पर त्वचा छीलने लगी है। मेरे नाखूनों में कुछ छोटी दरारें हैं, जो वास्तव में चिंताजनक है।","ফুসকুড়ি ব্যথা এবং চুলকানি কারণে আমার ঘুমিয়ে পড়তে সমস্যা হয়েছিল। আমার আঙ্গুলের ত্বকটি খোসা ছাড়তে শুরু করেছে। আমার নখগুলিতে কয়েকটি ছোট ফাটল রয়েছে, যা সত্যিই উদ্বেগজনক।"
47,Psoriasis,"My joints are experiencing an unusual discomfort. Additionally, I've experienced weird skin peeling in various places on my body. I'm concerned that something is wrong with my body. ","मेरे जोड़ों को एक असामान्य असुविधा का अनुभव हो रहा है। इसके अतिरिक्त, मैंने अपने शरीर पर विभिन्न स्थानों पर अजीब त्वचा छीलने का अनुभव किया है। मुझे चिंता है कि मेरे शरीर में कुछ गलत है।","আমার জয়েন্টগুলি একটি অস্বাভাবিক অস্বস্তি অনুভব করছে। অতিরিক্তভাবে, আমি আমার দেহের বিভিন্ন জায়গায় অদ্ভুত ত্বকের খোসা ছাড়িয়েছি। আমি উদ্বিগ্ন যে আমার শরীরে কিছু ভুল আছে।"
48,Psoriasis,"I am starting to have rashes on my arms and neck. The rash often bleeds and hurts when I scratch it. I have also developed small dents in my nails, which is very strange.","मुझे अपनी बाहों और गर्दन पर चकत्ते होने लगे हैं। जब मैं इसे खरोंचता हूं तो दाने अक्सर खून बहता है और दर्द होता है। मैंने अपने नाखूनों में छोटे डेंट भी विकसित किए हैं, जो बहुत अजीब है।","আমি আমার বাহু এবং ঘাড়ে ফুসকুড়ি পেতে শুরু করছি। ফুসকুড়ি প্রায়শই রক্তপাত করে এবং যখন আমি এটি স্ক্র্যাচ করি তখন ব্যথা হয়। আমি আমার নখগুলিতে ছোট ছোট ডেন্টগুলিও তৈরি করেছি, যা খুব অদ্ভুত।"
49,Psoriasis,"Because of dry, flaky areas on my skin, I am prone to infections. My joints are in extreme pain . My knees and elbows' skin are starting to peel off.","मेरी त्वचा पर सूखे, परतदार क्षेत्रों के कारण, मैं संक्रमणों के लिए प्रवण हूं। मेरे जोड़ों में अत्यधिक दर्द होता है। मेरे घुटनों और कोहनी की त्वचा छीलने लगी है।","আমার ত্বকে শুকনো, ফ্লেকি অঞ্চলগুলির কারণে আমি সংক্রমণের ঝুঁকিতে আছি। আমার জয়েন্টগুলি চরম ব্যথায় রয়েছে। আমার হাঁটু এবং কনুইয়ের ত্বক খোসা ছাড়তে শুরু করেছে।"
50,Varicose Veins,"I have a rash on my legs that is causing a lot of discomforts. It seems there is a cramp and I can see prominent veins on the calf. Also, I have been feeling very tired and fatigued in the past couple of days.","मेरे पैरों पर एक चकत्ते है जो बहुत अधिक असुविधाओं का कारण बन रहा है। ऐसा लगता है कि एक ऐंठन है और मैं बछड़े पर प्रमुख नसें देख सकता हूं। इसके अलावा, मैं पिछले कुछ दिनों में बहुत थका हुआ और थका हुआ महसूस कर रहा हूं।","আমার পায়ে একটি ফুসকুড়ি রয়েছে যা প্রচুর অস্বস্তি সৃষ্টি করে। দেখে মনে হচ্ছে একটি বাধা আছে এবং আমি বাছুরের উপর বিশিষ্ট শিরা দেখতে পাচ্ছি। এছাড়াও, আমি গত কয়েকদিনে খুব ক্লান্ত এবং ক্লান্তি বোধ করছি।"
51,Varicose Veins,"My calves have been cramping up when I walk or stand for long periods of time. There are bruise marks on my calves, which is making me worried. I feel tired very soon.","जब मैं चलता हूं या लंबे समय तक खड़ा होता हूं तो मेरे बछड़े ऐंठन करते रहे हैं। मेरे बछड़ों पर चोट के निशान हैं, जो मुझे चिंतित कर रहे हैं। मैं बहुत जल्द थका हुआ महसूस करता हूं।","আমি যখন হাঁটছি বা দীর্ঘ সময় ধরে দাঁড়িয়ে থাকি তখন আমার বাছুরগুলি ক্র্যাম্প হয়ে যাচ্ছে। আমার বাছুরগুলিতে ব্রুজ চিহ্ন রয়েছে, যা আমাকে উদ্বিগ্ন করে তুলছে। আমি খুব শীঘ্রই ক্লান্ত বোধ করছি।"
52,Varicose Veins,"There is bruising on my legs that I cannot explain. I can see strange blood vessels below the skin. Also, I am slightly obese and I am really worried.","मेरे पैरों पर चोट लगी है जिसे मैं समझा नहीं सकता। मैं त्वचा के नीचे अजीब रक्त वाहिकाओं को देख सकता हूं। इसके अलावा, मैं थोड़ा मोटा हूं और मैं वास्तव में चिंतित हूं।","আমার পায়ে আঘাত হানা আছে যা আমি ব্যাখ্যা করতে পারি না। আমি ত্বকের নীচে অদ্ভুত রক্তনালী দেখতে পাচ্ছি। এছাড়াও, আমি কিছুটা স্থূল এবং আমি সত্যিই চিন্তিত।"
53,Varicose Veins,I am overweight and have noticed that my legs are swollen and the blood vessels are visible. My legs have swollen and I can see a stream of swollen veins on my calves.,मैं अधिक वजन वाला हूं और देखा है कि मेरे पैर सूजे हुए हैं और रक्त वाहिकाएं दिखाई देती हैं। मेरे पैर सूज गए हैं और मैं अपने बछड़ों पर सूजन वाली नसों की एक धारा देख सकता हूं।,আমি অতিরিক্ত ওজন এবং লক্ষ্য করেছি যে আমার পা ফুলে গেছে এবং রক্তনালীগুলি দৃশ্যমান। আমার পা ফুলে গেছে এবং আমি আমার বাছুরগুলিতে ফোলা শিরাগুলির একটি স্রোত দেখতে পাচ্ছি।
54,Varicose Veins,"The veins on my calves have become very prominent and causing discomfort. I can't stand for long periods of time, as it causes pain in my legs, similar to cramps.","मेरे बछड़ों की नसें बहुत प्रमुख हो गई हैं और असुविधा पैदा कर रही हैं। मैं लंबे समय तक खड़ा नहीं हो सकता, क्योंकि यह मेरे पैरों में दर्द का कारण बनता है, ऐंठन के समान।","আমার বাছুরের শিরাগুলি খুব বিশিষ্ট হয়ে উঠেছে এবং অস্বস্তি সৃষ্টি করেছে। আমি দীর্ঘ সময় ধরে দাঁড়াতে পারি না, কারণ এটি আমার পায়ে ব্যথা সৃষ্টি করে, ক্র্যাম্পগুলির মতো।"
55,Varicose Veins,The skin around the veins on my legs is red and inflamed. I believe I can see some of the swollen blood vessels. I am really worried about it.,मेरे पैरों पर नसों के चारों ओर की त्वचा लाल और सूजन होती है। मुझे विश्वास है कि मैं कुछ सूजे हुए रक्त वाहिकाओं को देख सकता हूं। मैं वास्तव में इसके बारे में चिंतित हूं।,আমার পায়ে শিরাগুলির চারপাশের ত্বক লাল এবং ফুলে গেছে। আমি বিশ্বাস করি আমি কিছু ফোলা রক্তনালী দেখতে পাচ্ছি। আমি এটি সম্পর্কে সত্যিই উদ্বিগ্ন।
56,Varicose Veins,Standing or walking for long periods of time causes a lot of pain in my legs. I get cramps upon doing physical activities. There are bruise marks on my legs too.,लंबे समय तक खड़े होने या चलने से मेरे पैरों में बहुत दर्द होता है। मुझे शारीरिक गतिविधियाँ करने पर ऐंठन होती है। मेरे पैरों पर भी चोट के निशान हैं।,দীর্ঘ সময় ধরে দাঁড়ানো বা হাঁটাচলা আমার পায়ে প্রচুর ব্যথা সৃষ্টি করে। আমি শারীরিক ক্রিয়াকলাপ করার পরে বাধা পাই। আমার পায়েও আঘাতের চিহ্ন রয়েছে।
57,Varicose Veins,The cramps in my calves are making it difficult for me to walk. I feel fatigued after working for some time. I believe obesity is the reason behind this.,मेरे बछड़ों में ऐंठन मेरे लिए चलना मुश्किल बना रही है। मैं कुछ समय के लिए काम करने के बाद थका हुआ महसूस करता हूं। मेरा मानना ​​है कि मोटापा इसके पीछे का कारण है।,আমার বাছুরের বাধাগুলি আমার পক্ষে হাঁটাচলা করা কঠিন করে তুলছে। আমি কিছু সময়ের জন্য কাজ করার পরে ক্লান্তি বোধ করি। আমি বিশ্বাস করি স্থূলত্বই এর পিছনে কারণ।
58,Varicose Veins,"The swelling in my legs has gotten worse over the past few weeks. Now, a large number of veins are noticeable on my calves, which is making me worried.","मेरे पैरों में सूजन पिछले कुछ हफ्तों में खराब हो गई है। अब, बड़ी संख्या में नसें मेरे बछड़ों पर ध्यान देने योग्य हैं, जो मुझे चिंतित कर रही हैं।","আমার পায়ে ফোলাভাব গত কয়েক সপ্তাহ ধরে আরও খারাপ হয়েছে। এখন, আমার বাছুরগুলিতে প্রচুর পরিমাণে শিরা লক্ষণীয়, যা আমাকে উদ্বিগ্ন করে তুলছে।"
59,Varicose Veins,The veins on my legs are very noticeable and cause me discomfort. It seems like there is a major bruise and I get cramps when I run.,मेरे पैरों पर नसें बहुत ध्यान देने योग्य हैं और मुझे असुविधा का कारण बनती हैं। ऐसा लगता है कि एक प्रमुख चोट है और जब मैं दौड़ता हूं तो मुझे ऐंठन होती है।,আমার পায়ে শিরাগুলি খুব লক্ষণীয় এবং আমাকে অস্বস্তি সৃষ্টি করে। দেখে মনে হচ্ছে এখানে একটি বড় আঘাত আছে এবং আমি যখন দৌড়েছি তখন আমি ক্র্যাম্পগুলি পাই।
60,Varicose Veins,The skin on my calves has become inflamed and red. My legs hurt if I try to run or do any physical activities.,मेरे बछड़ों की त्वचा सूजन और लाल हो गई है। अगर मैं किसी भी शारीरिक गतिविधियों को चलाने या करने की कोशिश करता हूं तो मेरे पैरों को चोट लगी है।,আমার বাছুরের ত্বক ফুলে উঠেছে এবং লাল হয়ে গেছে। আমি যদি কোনও শারীরিক ক্রিয়াকলাপ চালানোর চেষ্টা করি বা করার চেষ্টা করি তবে আমার পায়ে আঘাত লাগে।
61,Varicose Veins,"Recently, the pain in my calves has been constant and becomes worse when I stand or walk for long periods of time. My legs have started to swell and also some blood vessels are quite noticeable.","हाल ही में, मेरे बछड़ों में दर्द स्थिर रहा है और जब मैं खड़ा होता हूं या लंबे समय तक चलता हूं तो खराब हो जाता है। मेरे पैर सूजने लगे हैं और कुछ रक्त वाहिकाएं भी काफी ध्यान देने योग्य हैं।","সম্প্রতি, আমার বাছুরের ব্যথা স্থির হয়ে গেছে এবং যখন আমি দাঁড়িয়ে থাকি বা দীর্ঘ সময় ধরে হাঁটি তখন আরও খারাপ হয়ে যায়। আমার পা ফুলে উঠতে শুরু করেছে এবং কিছু রক্তনালীও বেশ লক্ষণীয়।"
62,Varicose Veins,The veins in my legs are causing discomfort and difficulty sleeping at night. I have no idea why it is happening. I get cramps when I sprint.,मेरे पैरों में नसों से रात में सोने में परेशानी और कठिनाई हो रही है। मुझे नहीं पता कि ऐसा क्यों हो रहा है। जब मैं स्प्रिंट करता हूं तो मुझे ऐंठन होती है।,আমার পায়ে শিরাগুলি রাতে ঘুমাতে অস্বস্তি এবং অসুবিধা সৃষ্টি করছে। কেন এটি ঘটছে তা আমার কোনও ধারণা নেই। আমি স্প্রিন্ট করার সময় ক্র্যাম্পগুলি পাই।
63,Varicose Veins,The swelling in my legs is causing me to have difficulty fitting into my shoes. I can't sprint or stand for long periods of time. I can see some swollen blood vessels.,मेरे पैरों में सूजन मुझे अपने जूते में फिट करने में कठिनाई हो रही है। मैं लंबे समय तक स्प्रिंट या खड़ा नहीं हो सकता। मैं कुछ सूजे हुए रक्त वाहिकाओं को देख सकता हूं।,আমার পায়ে ফোলাভাব আমার জুতোতে ফিট করতে অসুবিধা হতে চলেছে। আমি দীর্ঘ সময় ধরে স্প্রিন্ট বা দাঁড়াতে পারি না। আমি কিছু ফোলা রক্তনালী দেখতে পাচ্ছি।
64,Varicose Veins,I have noticed cramps in my calves are becoming more frequent and intense. It is causing me a lot of discomforts. I am also overweight and my legs have started to swell.,मैंने देखा है कि मेरे बछड़ों में ऐंठन अधिक लगातार और तीव्र होती जा रही है। यह मुझे बहुत अधिक असुविधा हो रहा है। मैं भी अधिक वजन वाला हूं और मेरे पैर सूजने लगे हैं।,আমি লক্ষ্য করেছি যে আমার বাছুরগুলিতে ক্র্যাম্পগুলি আরও ঘন ঘন এবং তীব্র হয়ে উঠছে। এটি আমার অনেক অসুবিধা সৃষ্টি করছে। আমিও অতিরিক্ত ওজন এবং আমার পা ফুলে যেতে শুরু করেছে।
65,Varicose Veins,The veins on my legs cause a lot of discomforts when I sit for long periods of time.,जब मैं लंबे समय तक बैठता हूं तो मेरे पैरों पर नसें बहुत अधिक असुविधा होती हैं।,আমি যখন দীর্ঘ সময় ধরে বসে থাকি তখন আমার পায়ে শিরাগুলি প্রচুর অস্বস্তি সৃষ্টি করে।
66,Varicose Veins,The rash on my legs is spreading and becoming more severe. It has become very difficult for me to run.,मेरे पैरों पर दाने फैल रहा है और अधिक गंभीर हो रहा है। मेरे लिए दौड़ना बहुत मुश्किल हो गया है।,আমার পায়ে ফুসকুড়ি ছড়িয়ে পড়ে এবং আরও তীব্র হয়ে উঠছে। আমার পক্ষে চালানো খুব কঠিন হয়ে পড়েছে।
67,Varicose Veins,My legs are causing a lot of discomforts when I exercise. I get frequent cramps and the blood vessels have become quite noticeable.,जब मैं व्यायाम करता हूं तो मेरे पैर बहुत अधिक असुविधा पैदा कर रहे हैं। मुझे लगातार ऐंठन मिलती है और रक्त वाहिकाएं काफी ध्यान देने योग्य हो गई हैं।,আমি যখন অনুশীলন করি তখন আমার পা প্রচুর অস্বস্তি সৃষ্টি করে। আমি ঘন ঘন বাধা পাই এবং রক্তনালীগুলি বেশ লক্ষণীয় হয়ে উঠেছে।
68,Varicose Veins,The prominent blood vessels on my calves are causing self-consciousness and embarrassment. I believe the problem is because of my overweight.,मेरे बछड़ों पर प्रमुख रक्त वाहिकाएं आत्म-चेतना और शर्मिंदगी पैदा कर रही हैं। मेरा मानना ​​है कि समस्या मेरे अधिक वजन के कारण है।,আমার বাছুরের বিশিষ্ট রক্তনালীগুলি আত্ম-চেতনা এবং বিব্রতকর সৃষ্টি করছে। আমি বিশ্বাস করি সমস্যাটি আমার ওজনের কারণে।
69,Varicose Veins,The skin around the veins on my legs is dry and flaky. It seems there is a major bruise and my legs have started to swell.,मेरे पैरों पर नसों के चारों ओर की त्वचा सूखी और परतदार है। ऐसा लगता है कि एक प्रमुख चोट है और मेरे पैर सूजने लगे हैं।,আমার পায়ে শিরাগুলির চারপাশের ত্বক শুকনো এবং স্বচ্ছ। দেখে মনে হচ্ছে এখানে একটি বড় আঘাত রয়েছে এবং আমার পাগুলি ফুলে উঠতে শুরু করেছে।
70,Varicose Veins,I have been experiencing a rash on my legs that is causing a lot of irritation and discomfort. It is red and inflamed and appears to be spreading.,मैं अपने पैरों पर एक दाने का अनुभव कर रहा हूं जो बहुत जलन और असुविधा का कारण बन रहा है। यह लाल और सूजन है और फैलता हुआ प्रतीत होता है।,আমি আমার পায়ে একটি ফুসকুড়ি অনুভব করছি যা প্রচুর জ্বালা এবং অস্বস্তি সৃষ্টি করে। এটি লাল এবং ফুলে গেছে এবং এটি ছড়িয়ে পড়েছে বলে মনে হয়।
71,Varicose Veins,"Recently, my calves have been cramping up frequently, especially when I am walking or standing for long periods of time. Also, the veins are very noticeable.","हाल ही में, मेरे बछड़ों में बार -बार ऐंठन हो रही है, खासकर जब मैं लंबे समय तक चल रहा हूं या खड़ा हूं। इसके अलावा, नसें बहुत ध्यान देने योग्य हैं।","সম্প্রতি, আমার বাছুরগুলি ঘন ঘন ক্র্যাম্পিং হয়ে আসছে, বিশেষত যখন আমি হাঁটছি বা দীর্ঘ সময়ের জন্য দাঁড়িয়ে আছি। এছাড়াও, শিরাগুলি খুব লক্ষণীয়।"
72,Varicose Veins,I have noticed that there are bruises on my legs that I cannot explain. They are not painful but are concerning to me.,"मैंने देखा है कि मेरे पैरों पर चोटें हैं जिन्हें मैं समझा नहीं सकता। वे दर्दनाक नहीं हैं, लेकिन मुझसे संबंधित हैं।",আমি লক্ষ্য করেছি যে আমার পায়ে আঘাত রয়েছে যা আমি ব্যাখ্যা করতে পারি না। তারা বেদনাদায়ক নয় তবে আমার কাছে।
73,Varicose Veins,"As I am overweight, I have noticed that my legs are swollen and the blood vessels are more visible than usual. The swelling seems to be getting worse over time.","जैसा कि मैं अधिक वजन वाला हूं, मैंने देखा है कि मेरे पैर सूजे हुए हैं और रक्त वाहिकाएं सामान्य से अधिक दिखाई देती हैं। सूजन समय के साथ खराब हो रही है।",আমার ওজন বেশি হওয়ায় আমি লক্ষ্য করেছি যে আমার পা ফুলে গেছে এবং রক্তনালীগুলি স্বাভাবিকের চেয়ে বেশি দৃশ্যমান। সময়ের সাথে সাথে ফোলা আরও খারাপ হচ্ছে বলে মনে হচ্ছে।
74,Varicose Veins,The veins on my calves are very prominent and are causing me a lot of discomforts. They are swollen and protrude from my skin.,मेरे बछड़ों पर नसें बहुत प्रमुख हैं और मुझे बहुत अधिक असुविधाएँ दे रही हैं। वे मेरी त्वचा से सूजे हुए और फैलते हैं।,আমার বাছুরের শিরাগুলি খুব বিশিষ্ট এবং আমাকে প্রচুর অস্বস্তি সৃষ্টি করছে। এগুলি আমার ত্বক থেকে ফুলে যায় এবং প্রসারিত হয়।
75,Varicose Veins,"The skin around the veins on my legs is red, inflamed, and itchy. It is causing a lot of discomforts and I am starting to get regular cramps.","मेरे पैरों पर नसों के चारों ओर की त्वचा लाल, सूजन और खुजली होती है। यह बहुत अधिक असुविधाओं का कारण बन रहा है और मैं नियमित रूप से ऐंठन शुरू कर रहा हूं।","আমার পায়ে শিরাগুলির চারপাশের ত্বক লাল, ফুলে যাওয়া এবং চুলকানি। এটি প্রচুর অসুবিধা সৃষ্টি করছে এবং আমি নিয়মিত বাধা পেতে শুরু করছি।"
76,Varicose Veins,Standing or walking for long periods of time has been causing a lot of pain in my legs. It feels like a cramp and becomes worse the longer I am on my feet.,लंबे समय तक खड़े होने या चलने से मेरे पैरों में बहुत दर्द हो रहा है। यह एक ऐंठन की तरह लगता है और मैं अपने पैरों पर जितनी देर तक बदतर हो जाता हूं।,দীর্ঘ সময় ধরে দাঁড়ানো বা হাঁটাচলা আমার পায়ে প্রচুর ব্যথা ঘটায়। এটি একটি ক্র্যাম্পের মতো অনুভূত হয় এবং আমি আমার পায়ে যত বেশি সময় থাকি তা আরও খারাপ হয়।
77,Varicose Veins,The cramps in my calves have been making it difficult for me to walk and do my daily activities. They come on suddenly and last for several minutes.,मेरे बछड़ों में ऐंठन मेरे लिए चलना और अपनी दैनिक गतिविधियों को करना मुश्किल बना रहा है। वे अचानक आते हैं और कई मिनट तक चलते हैं।,আমার বাছুরের ক্র্যাম্পগুলি আমার পক্ষে আমার প্রতিদিনের ক্রিয়াকলাপগুলি চালানো এবং করা কঠিন করে তুলেছে। তারা হঠাৎ করে কয়েক মিনিট স্থায়ী হয়।
78,Varicose Veins,The swelling in my legs has gotten worse over the past few weeks and is causing me difficulty fitting into my shoes. It is also causing discomfort when I sit for long periods of time.,मेरे पैरों में सूजन पिछले कुछ हफ्तों में खराब हो गई है और मुझे अपने जूते में फिटिंग करने में कठिनाई हो रही है। जब मैं लंबे समय तक बैठता हूं तो यह असुविधा भी पैदा कर रहा है।,আমার পায়ে ফোলাভাব গত কয়েক সপ্তাহ ধরে আরও খারাপ হয়ে গেছে এবং আমার জুতাগুলিতে ফিট করতে আমার অসুবিধা হচ্ছে। আমি যখন দীর্ঘ সময় ধরে বসে থাকি তখন এটি অস্বস্তি সৃষ্টি করে।
79,Varicose Veins,"The veins on my legs are very noticeable and are causing me a lot of discomforts. They are swollen and protrude from my skin, making them visible through my clothing.","मेरे पैरों पर नसें बहुत ध्यान देने योग्य हैं और मुझे बहुत अधिक असुविधाएँ दे रही हैं। वे मेरी त्वचा से सूजे हुए और फैलते हैं, जिससे वे मेरे कपड़ों के माध्यम से दिखाई देते हैं।","আমার পায়ে শিরাগুলি খুব লক্ষণীয় এবং আমাকে প্রচুর অসুবিধা সৃষ্টি করছে। এগুলি আমার ত্বক থেকে ফুলে যায় এবং প্রসারিত হয়, এগুলি আমার পোশাকের মাধ্যমে দৃশ্যমান করে তোলে।"
80,Varicose Veins,"The skin on my calves is itchy and inflamed, causing a lot of discomfort and difficulty sleeping at night. The blood vessels have started to protrude out, which is concerning.","मेरे बछड़ों पर त्वचा खुजली और सूजन है, जिससे बहुत असुविधा और रात में सोने में कठिनाई होती है। रक्त वाहिकाओं ने बाहर निकलना शुरू कर दिया है, जो संबंधित है।","আমার বাছুরের ত্বক চুলকানি এবং ফুলে গেছে, যার ফলে প্রচুর অস্বস্তি এবং রাতে ঘুমাতে অসুবিধা হয়। রক্তনালীগুলি প্রসারিত হতে শুরু করেছে, যা সম্পর্কিত।"
81,Varicose Veins,The pain in my calves is constant and becomes worse when I stand or walk for long periods of time. I am getting constant cramps and can't run for longer periods of time.,मेरे बछड़ों में दर्द स्थिर होता है और जब मैं खड़ा होता हूं या लंबे समय तक चलता हूं तो बदतर हो जाता है। मुझे लगातार ऐंठन हो रही है और वे अधिक समय तक नहीं चल सकते।,আমার বাছুরের ব্যথা স্থির থাকে এবং যখন আমি দাঁড়িয়ে থাকি বা দীর্ঘ সময় ধরে হাঁটি তখন আরও খারাপ হয়। আমি ধ্রুবক বাধা পাচ্ছি এবং দীর্ঘ সময়ের জন্য চালাতে পারি না।
82,Varicose Veins,"The veins in my legs are causing discomfort and difficulty sleeping at night. They are swollen and protruding from my skin, making them noticeable and painful.","मेरे पैरों में नसों से रात में सोने में परेशानी और कठिनाई हो रही है। वे मेरी त्वचा से सूजन और उभरे हुए हैं, जिससे वे ध्यान देने योग्य और दर्दनाक हो जाते हैं।","আমার পায়ে শিরাগুলি রাতে ঘুমাতে অস্বস্তি এবং অসুবিধা সৃষ্টি করছে। এগুলি আমার ত্বক থেকে ফোলা এবং প্রসারিত হয়, এগুলি লক্ষণীয় এবং বেদনাদায়ক করে তোলে।"
83,Varicose Veins,The swelling in my legs is causing me to have difficulty fitting into my shoes and is causing discomfort when I sit for long periods of time.,मेरे पैरों में सूजन मुझे अपने जूते में फिटिंग करने में कठिनाई हो रही है और जब मैं लंबे समय तक बैठता हूं तो असुविधा पैदा कर रही है।,আমার পায়ে ফোলাভাব আমার জুতোতে ফিট করতে অসুবিধা সৃষ্টি করছে এবং আমি যখন দীর্ঘ সময় ধরে বসে থাকি তখন অস্বস্তি সৃষ্টি করে।
84,Varicose Veins,"The cramps in my calves are becoming more frequent and intense, making it difficult for me to walk and do my daily activities.","मेरे बछड़ों में ऐंठन अधिक लगातार और तीव्र हो रही है, जिससे मेरे लिए चलना और मेरी दैनिक गतिविधियाँ करना मुश्किल हो जाता है।","আমার বাছুরের ক্র্যাম্পগুলি আরও ঘন ঘন এবং তীব্র হয়ে উঠছে, যা আমার পক্ষে আমার প্রতিদিনের ক্রিয়াকলাপগুলি চালানো এবং করা কঠিন করে তোলে।"
85,Varicose Veins,"The veins on my legs are causing a lot of discomforts when I sit for long periods of time. They are swollen and protruding from my skin, making them painful and noticeable.","जब मैं लंबे समय तक बैठता हूं तो मेरे पैरों पर नसें बहुत अधिक असुविधाएं पैदा कर रही हैं। वे मेरी त्वचा से सूजन और फैला रहे हैं, जिससे वे दर्दनाक और ध्यान देने योग्य हैं।","আমি যখন দীর্ঘ সময় ধরে বসে থাকি তখন আমার পায়ে শিরাগুলি প্রচুর অসুবিধা সৃষ্টি করে। এগুলি আমার ত্বক থেকে ফুলে গেছে এবং প্রসারিত হচ্ছে, এগুলিকে বেদনাদায়ক এবং লক্ষণীয় করে তুলেছে।"
86,Varicose Veins,"The rash on my legs is spreading and becoming more severe. It is red, inflamed, and itchy, causing a lot of discomfort and difficulty sleeping at night.","मेरे पैरों पर दाने फैल रहा है और अधिक गंभीर हो रहा है। यह लाल, सूजन और खुजली है, जिससे बहुत अधिक असुविधा और रात में सोने में कठिनाई होती है।","আমার পায়ে ফুসকুড়ি ছড়িয়ে পড়ে এবং আরও তীব্র হয়ে উঠছে। এটি লাল, স্ফীত এবং চুলকানি, যার ফলে প্রচুর অস্বস্তি এবং রাতে ঘুমাতে অসুবিধা হয়।"
87,Varicose Veins,"My legs have been causing a lot of discomforts when I exercise. They feel heavy and swollen, and the veins are prominent and painful. I feel fatigued all the time.","जब मैं व्यायाम करता हूं तो मेरे पैर बहुत अधिक असुविधा पैदा कर रहे हैं। वे भारी और सूजन महसूस करते हैं, और नसें प्रमुख और दर्दनाक होती हैं। मैं हर समय थका हुआ महसूस करता हूं।",আমি যখন অনুশীলন করি তখন আমার পাগুলি প্রচুর অস্বস্তি সৃষ্টি করে। তারা ভারী এবং ফোলা বোধ করে এবং শিরাগুলি বিশিষ্ট এবং বেদনাদায়ক। আমি সারাক্ষণ ক্লান্তি বোধ করি।
88,Varicose Veins,"The prominent veins on my calves are causing self-consciousness and embarrassment. They are swollen and protrude from my skin, making them very noticeable.","मेरे बछड़ों पर प्रमुख नसें आत्म-चेतना और शर्मिंदगी पैदा कर रही हैं। वे मेरी त्वचा से सूजे हुए और फैलते हैं, जिससे वे बहुत ध्यान देने योग्य होते हैं।","আমার বাছুরের বিশিষ্ট শিরাগুলি আত্ম-চেতনা এবং বিব্রতকর সৃষ্টি করছে। এগুলি আমার ত্বক থেকে ফুলে যায় এবং প্রসারিত হয়, এগুলি খুব লক্ষণীয় করে তোলে।"
89,Varicose Veins,"The skin around the veins on my legs is dry and flaky, causing discomfort and irritation. I am also starting to get frequent cramps.","मेरे पैरों पर नसों के चारों ओर की त्वचा सूखी और परतदार होती है, जिससे असुविधा और जलन होती है। मैं भी लगातार ऐंठन प्राप्त करना शुरू कर रहा हूं।","আমার পায়ে শিরাগুলির চারপাশের ত্বক শুকনো এবং ঝাপটায়, অস্বস্তি এবং জ্বালা সৃষ্টি করে। আমি ঘন ঘন বাধা পেতে শুরু করছি।"
90,Varicose Veins,"I have a rash on my legs that is giving me a lot of pain. There appears to be a cramp, and I can see visible veins on the calf.","मेरे पास अपने पैरों पर एक दाने हैं जो मुझे बहुत दर्द दे रहा है। वहाँ एक ऐंठन प्रतीत होता है, और मैं बछड़े पर दृश्य नसों को देख सकता हूं।",আমার পায়ে একটি ফুসকুড়ি রয়েছে যা আমাকে প্রচুর ব্যথা দিচ্ছে। একটি বাধা আছে বলে মনে হচ্ছে এবং আমি বাছুরের উপর দৃশ্যমান শিরা দেখতে পাচ্ছি।
91,Varicose Veins,My veins of legs have become more visible and swollen than normal. They are visible through my skin and it hurts when I move.,पैरों की मेरी नसें सामान्य से अधिक दिखाई और सूजन हो गई हैं। वे मेरी त्वचा के माध्यम से दिखाई देते हैं और जब मैं आगे बढ़ता हूं तो यह दर्द होता है।,আমার পায়ে শিরাগুলি স্বাভাবিকের চেয়ে আরও দৃশ্যমান এবং ফুলে গেছে। এগুলি আমার ত্বকের মাধ্যমে দৃশ্যমান এবং আমি যখন সরে যাই তখন এটি ব্যথা করে।
92,Varicose Veins,"Walking is tough for me because of cramps in my calves. Obesity, I believe, is the cause of this. After a while of working, I'm exhausted.","मेरे बछड़ों में ऐंठन के कारण चलना मेरे लिए कठिन है। मोटापा, मेरा मानना ​​है कि इसका कारण है। काम करने के कुछ समय बाद, मैं थक गया हूं।","আমার বাছুরের ক্র্যাম্পের কারণে হাঁটা আমার পক্ষে শক্ত। স্থূলত্ব, আমি বিশ্বাস করি, এর কারণ। কিছুক্ষণ কাজ করার পরে, আমি ক্লান্ত হয়ে পড়েছি।"
93,Varicose Veins,The blood vessels on my legs are quite visible and give me a lot of pain. They're large and protrude from my skin. It is unusual and I am worried about it.,मेरे पैरों पर रक्त वाहिकाएं काफी दिखाई देती हैं और मुझे बहुत दर्द देती हैं। वे मेरी त्वचा से बड़े और फैलते हैं। यह असामान्य है और मैं इसके बारे में चिंतित हूं।,আমার পায়ে রক্তনালীগুলি বেশ দৃশ্যমান এবং আমাকে প্রচুর ব্যথা দেয়। এগুলি বড় এবং আমার ত্বক থেকে প্রসারিত। এটি অস্বাভাবিক এবং আমি এটি সম্পর্কে উদ্বিগ্ন।
94,Varicose Veins,"I have noticed that the blood vessels in my legs are getting more noticeable than usual. It is a little concerning to me. Moreover, I am experiencing cramps every day.","मैंने देखा है कि मेरे पैरों में रक्त वाहिकाएं सामान्य से अधिक ध्यान देने योग्य हो रही हैं। यह मेरे लिए थोड़ा सा है। इसके अलावा, मैं हर दिन ऐंठन का अनुभव कर रहा हूं।","আমি লক্ষ্য করেছি যে আমার পায়ে রক্তনালীগুলি স্বাভাবিকের চেয়ে বেশি লক্ষণীয় হয়ে উঠছে। এটা আমার কাছে কিছুটা বিষয়। তদুপরি, আমি প্রতিদিন ক্র্যাম্পগুলি অনুভব করছি।"
95,Varicose Veins,My legs' swelling has become worse over the last couple of days. I can see the blood vessels protruding out of the skin. This is quite unusual.,मेरे पैर की सूजन पिछले कुछ दिनों से भी बदतर हो गई है। मैं रक्त वाहिकाओं को त्वचा से बाहर निकलते हुए देख सकता हूं। यह काफी असामान्य है।,আমার পায়ে ফোলাভাব গত কয়েক দিন ধরে আরও খারাপ হয়ে গেছে। আমি দেখতে পাচ্ছি রক্তনালীগুলি ত্বক থেকে ছড়িয়ে পড়ে। এটি বেশ অস্বাভাবিক।
96,Varicose Veins,Long durations of standing or walking have caused severe discomfort in my legs. It's a burning ache that gets worse the longer I'm on my feet.,खड़े होने या चलने की लंबी अवधि के कारण मेरे पैरों में गंभीर असुविधा हुई है। यह एक जलती हुई दर्द है जो मेरे पैरों पर लंबे समय तक खराब हो जाता है।,দাঁড়ানো বা হাঁটার দীর্ঘ সময়সীমা আমার পায়ে মারাত্মক অস্বস্তি সৃষ্টি করেছে। এটি একটি জ্বলন্ত ব্যথা যা আমি আমার পায়ে দীর্ঘতর হয়ে উঠি।
97,Varicose Veins,"My legs' skin around the veins is unusual. There appears to be a large bruise. Nowadays, I get frequent cramps when I sprint or run.","नसों के चारों ओर मेरे पैरों की त्वचा असामान्य है। वहाँ एक बड़ा खरोंच प्रतीत होता है। आजकल, जब मैं स्प्रिंट या दौड़ता हूं तो मुझे लगातार ऐंठन मिलता है।","শিরাগুলির চারপাশে আমার পায়ে ত্বক অস্বাভাবিক। একটি বড় আঘাত আছে বলে মনে হচ্ছে। আজকাল, আমি স্প্রিন্ট বা চালানোর সময় আমি ঘন ঘন বাধা পাই।"
98,Varicose Veins,"I am experiencing too many cramps in the last couple of days. I think something is not right. I believe there is a small bruise on my calves, but I am not sure about it.","मैं पिछले कुछ दिनों में बहुत सारे ऐंठन का अनुभव कर रहा हूं। मुझे लगता है कि कुछ सही नहीं है। मेरा मानना ​​है कि मेरे बछड़ों पर एक छोटा सा हिस्सा है, लेकिन मैं इसके बारे में निश्चित नहीं हूं।",আমি গত কয়েকদিনে অনেক বেশি বাধা অনুভব করছি। আমি মনে করি কিছু ঠিক নেই। আমি বিশ্বাস করি আমার বাছুরগুলিতে একটি ছোট আঘাত রয়েছে তবে আমি এটি সম্পর্কে নিশ্চিত নই।
99,Varicose Veins,"The veins in my calves are protruding out quite unusually. I am worried about it. Also, I am overweight and I believe this is the reason behind all of this.","मेरे बछड़ों में नसें काफी असामान्य रूप से बाहर निकल रही हैं। मैं इसके बारे में चिंतित हूं। इसके अलावा, मैं अधिक वजन वाला हूं और मेरा मानना ​​है कि इस सब के पीछे यही कारण है।","আমার বাছুরের শিরাগুলি বেশ অস্বাভাবিকভাবে বেরিয়ে আসছে। আমি এটি সম্পর্কে উদ্বিগ্ন। এছাড়াও, আমি অতিরিক্ত ওজন এবং আমি বিশ্বাস করি এই সমস্ত কিছুর পিছনে এটি কারণ।"
100,Typhoid,"I have constipation and belly pain, and it's been really uncomfortable. The belly pain has been getting worse and is starting to affect my daily life. Moreover, I get chills every night, followed by a mild fever.","मुझे कब्ज और पेट में दर्द है, और यह वास्तव में असहज है। पेट दर्द खराब हो रहा है और मेरे दैनिक जीवन को प्रभावित करना शुरू कर रहा है। इसके अलावा, मुझे हर रात ठंड लगती है, उसके बाद एक हल्का बुखार होता है।","আমার কোষ্ঠকাঠিন্য এবং পেটের ব্যথা রয়েছে এবং এটি সত্যিই অস্বস্তিকর। পেটের ব্যথা আরও খারাপ হয়ে যাচ্ছে এবং আমার দৈনন্দিন জীবনকে প্রভাবিত করতে শুরু করেছে। তদুপরি, আমি প্রতি রাতে শীতল হয়ে যাই, তারপরে একটি হালকা জ্বর হয়।"
101,Typhoid,"I've also had some diarrhea, which has been really unpleasant. It's been coming and going, and it's been accompanied by abdominal cramps and bloating.","मुझे कुछ दस्त भी हैं, जो वास्तव में अप्रिय है। यह आ रहा है और जा रहा है, और यह पेट में ऐंठन और सूजन के साथ है।","আমার কিছু ডায়রিয়াও ছিল, যা সত্যিই অপ্রীতিকর। এটি আসছে এবং যাচ্ছে, এবং এটির সাথে পেটের ক্র্যাম্পস এবং ফোলাভাব রয়েছে।"
102,Typhoid,"I have been experiencing chills and fever, along with severe abdominal pain. I've been feeling really miserable overall, and I just can't seem to shake these symptoms.","मैं पेट के गंभीर दर्द के साथ -साथ ठंड लगने और बुखार का अनुभव कर रहा हूं। मैं वास्तव में समग्र रूप से दयनीय महसूस कर रहा हूं, और मैं इन लक्षणों को हिला नहीं सकता।",আমি তীব্র পেটে ব্যথার পাশাপাশি শীতল ও জ্বরের মুখোমুখি হয়েছি। আমি সামগ্রিকভাবে সত্যিই দু: খিত বোধ করছি এবং আমি এই লক্ষণগুলি কাঁপতে পারি না বলে মনে হয়।
103,Typhoid,I've been having a lot of trouble keeping hydrated because of the vomiting and diarrhea. There is a mild fever along with constipation and headache.,मुझे उल्टी और दस्त के कारण हाइड्रेटेड रखने में बहुत परेशानी हो रही है। कब्ज और सिरदर्द के साथ एक हल्का बुखार है।,বমি বমিভাব এবং ডায়রিয়ার কারণে হাইড্রেটেড রাখতে আমার অনেক সমস্যা হচ্ছে। কোষ্ঠকাঠিন্য এবং মাথা ব্যাথার পাশাপাশি একটি হালকা জ্বর রয়েছে।
104,Typhoid,"I've lost a lot of weight in the past week because I haven't been able to eat much due to nausea and vomiting. This is followed by mild fever, headache and belly pain. I'm really concerned about my health.","मैंने पिछले सप्ताह में बहुत वजन कम किया है क्योंकि मैं मतली और उल्टी के कारण ज्यादा नहीं खा सकता हूं। इसके बाद हल्के बुखार, सिरदर्द और पेट में दर्द होता है। मैं वास्तव में अपने स्वास्थ्य के बारे में चिंतित हूं।","আমি গত সপ্তাহে প্রচুর ওজন হ্রাস করেছি কারণ বমি বমি ভাব এবং বমি বমিভাবের কারণে আমি বেশি কিছু খেতে পারিনি। এর পরে হালকা জ্বর, মাথাব্যথা এবং পেটের ব্যথা হয়। আমি আমার স্বাস্থ্য সম্পর্কে সত্যিই উদ্বিগ্ন।"
105,Typhoid,"The fatigue has been really uncomfortable, and I've had a lot of difficulties doing my usual activities. I've also been feeling really depressed and irritable. There is mild pain in the abdominal part too.","थकान वास्तव में असहज रही है, और मुझे अपनी सामान्य गतिविधियों को करने में बहुत कठिनाइयाँ हुई हैं। मैं भी वास्तव में उदास और चिड़चिड़ा महसूस कर रहा हूं। पेट के हिस्से में भी हल्का दर्द होता है।",ক্লান্তি সত্যিই অস্বস্তিকর হয়েছে এবং আমার স্বাভাবিক ক্রিয়াকলাপগুলি করতে আমার অনেক অসুবিধা হয়েছিল। আমি সত্যিই হতাশাগ্রস্থ এবং খিটখিটে বোধ করছি। পেটের অংশেও হালকা ব্যথা রয়েছে।
106,Typhoid,"I've had a persistent headache for the past week, and it's been getting worse. It's been accompanied by belly aches, constipation and diarrhea.","मुझे पिछले सप्ताह के लिए लगातार सिरदर्द हुआ है, और यह खराब हो रहा है। यह पेट में दर्द, कब्ज और दस्त के साथ है।","গত সপ্তাহ ধরে আমার অবিরাম মাথাব্যথা ছিল, এবং এটি আরও খারাপ হচ্ছে। এটির সাথে পেটের ব্যথা, কোষ্ঠকাঠিন্য এবং ডায়রিয়া রয়েছে।"
107,Typhoid,"I've been experiencing high fever, especially at night. It's been really uncomfortable. There is a mild headache along with constipation and diarrhea.","मैं उच्च बुखार का अनुभव कर रहा हूं, खासकर रात में। यह वास्तव में असहज है। कब्ज और दस्त के साथ एक हल्का सिरदर्द है।","আমি উচ্চ জ্বরের মুখোমুখি হয়েছি, বিশেষত রাতে। এটা সত্যিই অস্বস্তিকর হয়েছে। কোষ্ঠকাঠিন্য এবং ডায়রিয়ার পাশাপাশি একটি হালকা মাথাব্যথা রয়েছে।"
108,Typhoid,"I've been having a lot of difficulty breathing, and I feel like I'm constantly nauseous. I also have mild belly pain. It's been terrifying at times.","मुझे सांस लेने में बहुत कठिनाई हो रही है, और मुझे लगता है कि मैं लगातार मिचली कर रहा हूं। मुझे हल्के पेट में दर्द भी है। यह कई बार भयानक रहा है।",আমার শ্বাস নিতে অনেক অসুবিধা হচ্ছে এবং আমার মনে হয় আমি ক্রমাগত বমি বমি ভাব। আমারও হালকা পেটের ব্যথা আছে। এটা সময়ে ভয়ঙ্কর ছিল।
109,Typhoid,"Diarrhea has been really watery and foul-smelling, and it's been accompanied by abdominal pain. I feel like vomiting most of the time.","दस्त वास्तव में पानी और बेईमानी से महक रहा है, और यह पेट में दर्द के साथ है। मुझे लगता है कि ज्यादातर समय उल्टी हो रही है।",ডায়রিয়া সত্যিই জলযুক্ত এবং দুর্গন্ধযুক্ত গন্ধযুক্ত এবং এর সাথে পেটে ব্যথা হয়েছে। আমি বেশিরভাগ সময় বমি বমি ভাব অনুভব করি।
110,Typhoid,"I've been having a lot of trouble sleeping because of the high fever, headache and chills. I wake up every day having a terrible pain in my belly area.","मुझे तेज बुखार, सिरदर्द और ठंड लगने के कारण सोने में बहुत परेशानी हो रही है। मैं हर दिन अपने पेट क्षेत्र में एक भयानक दर्द होता है।","উচ্চ জ্বর, মাথাব্যথা এবং শীতল হওয়ার কারণে আমি ঘুমাতে অনেক সমস্যা করছি। আমি প্রতিদিন আমার পেটের অঞ্চলে ভয়াবহ ব্যথা পেয়ে ঘুম থেকে উঠি।"
111,Typhoid,"I've also been experiencing some diarrhea and constipation, which has been really worrying. It feels like a sharp, stabbing pain in my belly area. I feel tired all the time.","मैं भी कुछ दस्त और कब्ज का अनुभव कर रहा हूं, जो वास्तव में चिंताजनक है। यह मेरे पेट क्षेत्र में एक तेज, छुरा दर्द की तरह लगता है। मैं हर समय थका हुआ महसूस करता हूं।","আমি কিছু ডায়রিয়া এবং কোষ্ঠকাঠিন্যও অনুভব করছি, যা সত্যিই উদ্বেগজনক। এটি আমার পেটের অঞ্চলে একটি তীক্ষ্ণ, ছুরিকাঘাতের ব্যথার মতো অনুভব করে। আমি সারাক্ষণ ক্লান্ত বোধ করি।"
112,Typhoid,"I have had some constipation and belly pain, which has been really uncomfortable. The pain has been getting worse and it's really affecting my daily life.","मुझे कुछ कब्ज और पेट दर्द हुआ है, जो वास्तव में असहज रहा है। दर्द खराब हो रहा है और यह वास्तव में मेरे दैनिक जीवन को प्रभावित कर रहा है।","আমার কিছু কোষ্ঠকাঠিন্য এবং পেটের ব্যথা হয়েছে, যা সত্যিই অস্বস্তিকর। ব্যথা আরও খারাপ হয়ে যাচ্ছে এবং এটি আমার দৈনন্দিন জীবনকে সত্যই প্রভাবিত করছে।"
113,Typhoid,"I am experiencing a lot of belly pain and constipation, which has been really annoying. Sometimes, I feel a strong urge to vomit, and because of all of these, I am feeling very weak.","मैं पेट दर्द और कब्ज का बहुत अनुभव कर रहा हूं, जो वास्तव में कष्टप्रद रहा है। कभी -कभी, मैं उल्टी करने के लिए एक मजबूत आग्रह महसूस करता हूं, और इन सभी के कारण, मैं बहुत कमजोर महसूस कर रहा हूं।","আমি প্রচুর পেটের ব্যথা এবং কোষ্ঠকাঠিন্য অনুভব করছি, যা সত্যিই বিরক্তিকর। কখনও কখনও, আমি বমি করার জন্য একটি দৃ ground ় তাগিদ অনুভব করি এবং এই সমস্তগুলির কারণে আমি খুব দুর্বল বোধ করছি।"
114,Typhoid,"The abdominal pain has been coming and going, and it's been really unpleasant. It's been accompanied by constipation and vomiting. I feel really concerned about my health.","पेट में दर्द आ रहा है और जा रहा है, और यह वास्तव में अप्रिय है। यह कब्ज और उल्टी के साथ है। मैं वास्तव में अपने स्वास्थ्य के बारे में चिंतित महसूस करता हूं।","পেটে ব্যথা আসছে এবং চলছে, এবং এটি সত্যিই অপ্রীতিকর হয়েছে। এটি কোষ্ঠকাঠিন্য এবং বমি বমিভাব সঙ্গে ছিল। আমি আমার স্বাস্থ্য সম্পর্কে সত্যিই উদ্বিগ্ন বোধ করি।"
115,Typhoid,"I have been experiencing a lot of bloating and constipation, and it's been really uncomfortable. It feels like there's a lot of pressure and pain in my belly area.","मैं बहुत सूजन और कब्ज का अनुभव कर रहा हूं, और यह वास्तव में असहज है। ऐसा लगता है कि मेरे पेट क्षेत्र में बहुत दबाव और दर्द है।",আমি প্রচুর ফুলে যাওয়া এবং কোষ্ঠকাঠিন্য অভিজ্ঞতা অর্জন করছি এবং এটি সত্যিই অস্বস্তিকর। মনে হচ্ছে আমার পেটের অঞ্চলে প্রচুর চাপ এবং ব্যথা রয়েছে।
116,Typhoid,"I am experiencing extreme belly pain and constipation. Every night, I have a severe fever along with chills and headaches. The last couple of days has been really uncomfortable.","मैं अत्यधिक पेट दर्द और कब्ज का अनुभव कर रहा हूं। हर रात, मुझे ठंड लगने और सिरदर्द के साथ एक गंभीर बुखार होता है। पिछले कुछ दिन वास्तव में असहज रहे हैं।","আমি চরম পেটের ব্যথা এবং কোষ্ঠকাঠিন্যের অভিজ্ঞতা নিচ্ছি। প্রতি রাতে, শীতল এবং মাথা ব্যথার পাশাপাশি আমার তীব্র জ্বর হয়। গত কয়েক দিন সত্যিই অস্বস্তিকর ছিল।"
117,Typhoid,"I've been feeling exhausted and weak, and I can't seem to get rid of it. Because of the vomiting and nausea, I've entirely lost my appetite. My belly pains which are causing me concern.","मैं थका हुआ और कमजोर महसूस कर रहा हूं, और मैं इससे छुटकारा नहीं पा रहा हूं। उल्टी और मतली के कारण, मैंने पूरी तरह से भूख खो दी है। मेरे पेट में दर्द होता है जो मुझे चिंता कर रहे हैं।",আমি ক্লান্ত এবং দুর্বল বোধ করছি এবং আমি এ থেকে মুক্তি পেতে পারি না বলে মনে হয়। বমি বমি ভাব এবং বমি বমি ভাবের কারণে আমি পুরোপুরি আমার ক্ষুধা হারিয়েছি। আমার পেটের ব্যথা যা আমাকে উদ্বেগের কারণ করছে।
118,Typhoid,"I am experiencing constipation and stomach ache, which has been really difficult. The discomfort has gotten worse, and it is seriously interfering with my everyday life.","मैं कब्ज और पेट में दर्द का अनुभव कर रहा हूं, जो वास्तव में मुश्किल रहा है। असुविधा बदतर हो गई है, और यह मेरे रोजमर्रा के जीवन के साथ गंभीरता से हस्तक्षेप कर रहा है।","আমি কোষ্ঠকাঠিন্য এবং পেটের ব্যথা অনুভব করছি, যা সত্যিই কঠিন। অস্বস্তি আরও খারাপ হয়েছে, এবং এটি আমার দৈনন্দিন জীবনে গুরুতরভাবে হস্তক্ষেপ করছে।"
119,Typhoid,"Because of the vomiting and diarrhea, I've been having a lot of difficulties staying hydrated. I have a high fever, as well as constipation and headache.","उल्टी और दस्त के कारण, मुझे हाइड्रेटेड रहने में बहुत कठिनाइयाँ हो रही हैं। मुझे तेज बुखार है, साथ ही कब्ज और सिरदर्द भी है।","বমি বমিভাব এবং ডায়রিয়ার কারণে, আমি হাইড্রেটেড থাকতে অনেক অসুবিধা করছি। আমার উচ্চ জ্বর রয়েছে, পাশাপাশি কোষ্ঠকাঠিন্য এবং মাথাব্যথাও রয়েছে।"
120,Typhoid,The abdominal pain has been frequent and really painful. Constipation and vomiting have also occurred. I'm quite worried about my health.,पेट में दर्द लगातार और वास्तव में दर्दनाक रहा है। कब्ज और उल्टी भी हुई है। मैं अपने स्वास्थ्य के बारे में काफी चिंतित हूं।,পেটে ব্যথা ঘন ঘন এবং সত্যই বেদনাদায়ক হয়েছে। কোষ্ঠকাঠিন্য এবং বমিও ঘটেছে। আমি আমার স্বাস্থ্য সম্পর্কে বেশ চিন্তিত।
121,Typhoid,"I'm having severe stomach pain and constipation. Every night, I get a headache and chills. The last few days have been really painful.","मुझे पेट में गंभीर दर्द और कब्ज हो रहा है। हर रात, मुझे सिरदर्द और ठंड लगती है। पिछले कुछ दिन वास्तव में दर्दनाक रहे हैं।","আমার পেটের তীব্র ব্যথা এবং কোষ্ঠকাঠিন্য হচ্ছে। প্রতি রাতে, আমি একটি মাথা ব্যথা এবং শীতল হয়। গত কয়েক দিন সত্যিই বেদনাদায়ক হয়েছে।"
122,Typhoid,There is a distinct pain in my abdominal part. I am not sure what it is. I am also going through constant vomiting and feel nauseous.,मेरे पेट के हिस्से में एक अलग दर्द है। मुझे यकीन नहीं है कि यह क्या है। मैं भी निरंतर उल्टी से गुजर रहा हूं और मिचली महसूस कर रहा हूं।,আমার পেটের অংশে একটি স্বতন্ত্র ব্যথা রয়েছে। আমি নিশ্চিত না যে এটি কি। আমি ধ্রুবক বমি বমিভাবের মধ্য দিয়ে যাচ্ছি এবং বমি বমি ভাব বোধ করছি।
123,Typhoid,"The diarrhea has been quite fluid and smelly, and it has been accompanied by severe abdominal pain and headache. Most of the time, I feel like vomiting.","दस्त काफी तरल और बदबूदार रहा है, और यह पेट के गंभीर दर्द और सिरदर्द के साथ है। ज्यादातर समय, मुझे उल्टी लगती है।","ডায়রিয়া বেশ তরল এবং দুর্গন্ধযুক্ত হয়েছে এবং এর সাথে তীব্র পেটে ব্যথা এবং মাথাব্যথা রয়েছে। বেশিরভাগ সময়, আমি বমি বমি ভাব অনুভব করি।"
124,Typhoid,"I have had a fever for the last couple of days. Now, I am starting to experience a severe pain in my stomach area and suffering from constipation.","मुझे पिछले कुछ दिनों से बुखार हुआ है। अब, मैं अपने पेट क्षेत्र में एक गंभीर दर्द का अनुभव करना शुरू कर रहा हूं और कब्ज से पीड़ित हूं।","গত দু'দিন ধরে আমার জ্বর হয়েছে। এখন, আমি আমার পেটের অঞ্চলে মারাত্মক ব্যথা অনুভব করতে শুরু করছি এবং কোষ্ঠকাঠিন্যে ভুগছি।"
125,Typhoid,"I am experiencing a lot of nausea and vomiting, and it's been quite difficult for me to eat anything. I've entirely lost my appetite, and as a result, I have become quite weak.","मैं बहुत अधिक मतली और उल्टी का अनुभव कर रहा हूं, और मेरे लिए कुछ भी खाना काफी मुश्किल है। मैंने पूरी तरह से अपनी भूख खो दी है, और परिणामस्वरूप, मैं काफी कमजोर हो गया हूं।","আমি প্রচুর বমি বমি ভাব এবং বমি বমিভাব অনুভব করছি এবং আমার পক্ষে কিছু খাওয়া বেশ কঠিন ছিল। আমি পুরোপুরি আমার ক্ষুধা হারিয়েছি এবং ফলস্বরূপ, আমি বেশ দুর্বল হয়ে পড়েছি।"
126,Typhoid,"I am having a lot of trouble sleeping because of the high fever and the headache. Moreover, I have constant belly pain, because of which I can't go to work.","मुझे तेज बुखार और सिरदर्द के कारण सोने में बहुत परेशानी हो रही है। इसके अलावा, मुझे लगातार पेट दर्द है, जिसके कारण मैं काम पर नहीं जा सकता।","উচ্চ জ্বর এবং মাথাব্যথার কারণে আমি ঘুমাতে অনেক সমস্যা করছি। তদুপরি, আমার ধ্রুবক পেটের ব্যথা রয়েছে, যার কারণে আমি কাজে যেতে পারি না।"
127,Typhoid,"I have been feeling really fatigued and weak, and I can't seem to get rid of it. I have a mild fever and a strange pain in my abdominal area. I can't understand what is happening.","मैं वास्तव में थका हुआ और कमजोर महसूस कर रहा हूं, और मैं इससे छुटकारा नहीं पा सकता हूं। मुझे एक हल्का बुखार और मेरे पेट के क्षेत्र में एक अजीब दर्द है। मैं समझ नहीं पा रहा हूं कि क्या हो रहा है।",আমি সত্যিই ক্লান্ত এবং দুর্বল বোধ করছি এবং আমি এ থেকে মুক্তি পেতে পারি না বলে মনে হয়। আমার পেটের অঞ্চলে একটি হালকা জ্বর এবং একটি অদ্ভুত ব্যথা রয়েছে। কী হচ্ছে তা আমি বুঝতে পারি না।
128,Typhoid,"I've been suffering from constipation and stomach discomfort, which has been really uncomfortable. Last night, I had a mild fever too.","मैं कब्ज और पेट की असुविधा से पीड़ित हूं, जो वास्तव में असहज रहा है। कल रात, मुझे हल्का बुखार भी था।","আমি কোষ্ঠকাঠিন্য এবং পেটের অস্বস্তিতে ভুগছি, যা সত্যিই অস্বস্তিকর। গত রাতে আমারও হালকা জ্বর হয়েছিল।"
129,Typhoid,"I've also been suffering from diarrhea, which has been really uncomfortable. It comes and goes, and it's accompanied by stomach aches and vomiting.","मैं भी दस्त से पीड़ित रहा हूं, जो वास्तव में असहज रहा है। यह आता है और चला जाता है, और यह पेट में दर्द और उल्टी के साथ है।","আমি ডায়রিয়ায়ও ভুগছি, যা সত্যিই অস্বস্তিকর। এটি আসে এবং যায়, এবং এটির সাথে পেটের ব্যথা এবং বমি বমি হয়।"
130,Typhoid,"I've been experiencing chills, fever, and extreme stomach discomfort. I've been generally unhappy, and I can't seem to get rid of these symptoms.","मैं ठंड लग रहा है, बुखार, और अत्यधिक पेट की परेशानी का अनुभव कर रहा हूं। मैं आम तौर पर दुखी रहा हूं, और मैं इन लक्षणों से छुटकारा नहीं पा सकता हूं।","আমি শীতল, জ্বর এবং পেটের চরম অস্বস্তি অনুভব করছি। আমি সাধারণত অসন্তুষ্ট হয়েছি এবং আমি এই লক্ষণগুলি থেকে মুক্তি পেতে পারি না বলে মনে হয়।"
131,Typhoid,"Because of the vomiting and diarrhea, I've been having a lot of difficulties staying hydrated. There is a mild fever, too, as well as stomach pain.","उल्टी और दस्त के कारण, मुझे हाइड्रेटेड रहने में बहुत कठिनाइयाँ हो रही हैं। एक हल्का बुखार भी है, साथ ही पेट में दर्द भी है।","বমি বমিভাব এবং ডায়রিয়ার কারণে, আমি হাইড্রেটেড থাকতে অনেক অসুবিধা করছি। একটি হালকা জ্বরও রয়েছে, পাশাপাশি পেটের ব্যথাও রয়েছে।"
132,Typhoid,"I have developed diarrhea. It is accompanied by severe pain in my belly area. I don't feel like eating anything, and most of the time, I have a mild headache.","मैंने दस्त विकसित किया है। यह मेरे पेट क्षेत्र में गंभीर दर्द के साथ है। मुझे कुछ भी खाने का मन नहीं है, और ज्यादातर समय, मुझे एक हल्का सिरदर्द है।",আমি ডায়রিয়া বিকাশ করেছি। এটি আমার পেটের অঞ্চলে তীব্র ব্যথা সহ। আমি কিছু খাওয়ার মতো মনে করি না এবং বেশিরভাগ সময় আমার হালকা মাথাব্যথা থাকে।
133,Typhoid,"I've had a lot of bloating and constipation, which has been really painful. There is a lot of pressure and pain in my stomach area. I get a high fever and chills every night.","मेरे पास बहुत सूजन और कब्ज है, जो वास्तव में दर्दनाक रहा है। मेरे पेट के क्षेत्र में बहुत दबाव और दर्द है। मुझे हर रात तेज बुखार और ठंड लगना है।","আমার প্রচুর ফুলে ওঠা এবং কোষ্ঠকাঠিন্য ছিল, যা সত্যিই বেদনাদায়ক হয়েছে। আমার পেটের অঞ্চলে প্রচুর চাপ এবং ব্যথা রয়েছে। আমি একটি উচ্চ জ্বর পাই এবং প্রতি রাতে শীতল হয়।"
134,Typhoid,"I've had a persistent stomach pain for the past week, and it is not healing even with medication. I feel like vomiting and can't eat anything, and because of which I have become extremely weak.","मुझे पिछले सप्ताह के लिए लगातार पेट में दर्द हुआ है, और यह दवा के साथ भी ठीक नहीं है। मुझे लगता है कि उल्टी और कुछ भी नहीं खा सकता है, और जिसके कारण मैं बेहद कमजोर हो गया हूं।",গত সপ্তাহ ধরে আমার পেটের অবিচ্ছিন্ন ব্যথা ছিল এবং এটি ওষুধ দিয়েও নিরাময় হয় না। আমি বমি বমিভাবের মতো অনুভব করি এবং কিছু খেতে পারি না এবং যার কারণে আমি অত্যন্ত দুর্বল হয়ে পড়েছি।
135,Typhoid,I am having severe stomach discomfort and diarrhoea. I have a high fever along with a headache. The previous several days have been really unpleasant.,मैं गंभीर पेट की असुविधा और दस्त कर रहा हूं। मुझे सिरदर्द के साथ तेज बुखार है। पिछले कई दिन वास्तव में अप्रिय रहे हैं।,আমার পেটের তীব্র অস্বস্তি এবং ডায়রিয়া হচ্ছে। মাথাব্যথার সাথে আমার উচ্চ জ্বর রয়েছে। আগের বেশ কয়েকটি দিন সত্যিই অপ্রীতিকর ছিল।
136,Typhoid,"I am having a terrible pain in my abdominal part, and I've been feeling really nauseated. I'm also experiencing a mild fever. I am really worried.","मुझे अपने पेट के हिस्से में एक भयानक दर्द हो रहा है, और मैं वास्तव में मतली महसूस कर रहा हूं। मैं भी एक हल्के बुखार का अनुभव कर रहा हूं। मैं वास्तव में चिंतित हूं।","আমার পেটের অংশে আমার ভয়াবহ ব্যথা হচ্ছে, এবং আমি সত্যিই বমি বমি ভাব বোধ করছি। আমিও একটি হালকা জ্বর অনুভব করছি। আমি সত্যিই চিন্তিত।"
137,Typhoid,"I am experiencing constipation and stomach ache. The discomfort has gotten worse, and it is seriously interfering with my everyday life. I feel like I have lost my appetite to eat anything.","मैं कब्ज और पेट में दर्द का अनुभव कर रहा हूं। असुविधा बदतर हो गई है, और यह मेरे रोजमर्रा के जीवन के साथ गंभीरता से हस्तक्षेप कर रहा है। मुझे लगता है कि मैंने कुछ भी खाने के लिए अपनी भूख खो दी है।","আমি কোষ্ঠকাঠিন্য এবং পেটের ব্যথা অনুভব করছি। অস্বস্তি আরও খারাপ হয়েছে, এবং এটি আমার দৈনন্দিন জীবনে গুরুতরভাবে হস্তক্ষেপ করছে। আমার মনে হচ্ছে আমি কিছু খাওয়ার ক্ষুধা হারিয়ে ফেলেছি।"
138,Typhoid,"Most of the time I feel fatigued. I don't want to eat anything. I get a high fever and chills every night. Moreover, I have been vomiting since yesterday.","ज्यादातर समय मैं थका हुआ महसूस करता हूं। मैं कुछ भी नहीं खाना चाहता। मुझे हर रात तेज बुखार और ठंड लगना है। इसके अलावा, मैं कल से उल्टी कर रहा हूं।","বেশিরভাগ সময় আমি ক্লান্তি বোধ করি। আমি কিছু খেতে চাই না। আমি একটি উচ্চ জ্বর পাই এবং প্রতি রাতে শীতল হয়। তদুপরি, আমি গতকাল থেকে বমি বমি করছি।"
139,Typhoid,"I have lost my appetite and have noticed a significant weight loss. I have abdominal pain, especially in the area of my stomach and intestines. I am concerned about my health.","मैंने अपनी भूख खो दी है और एक महत्वपूर्ण वजन कम देखा है। मुझे पेट में दर्द होता है, खासकर मेरे पेट और आंतों के क्षेत्र में। मैं अपने स्वास्थ्य के बारे में चिंतित हूं।","আমি আমার ক্ষুধা হারিয়েছি এবং একটি উল্লেখযোগ্য ওজন হ্রাস লক্ষ্য করেছি। আমার পেটে ব্যথা রয়েছে, বিশেষত আমার পেট এবং অন্ত্রের অঞ্চলে। আমি আমার স্বাস্থ্য সম্পর্কে উদ্বিগ্ন।"
140,Typhoid,The stomach discomfort has been severe and frequent. Vomiting and constipation have also happened. I'm concerned about my health.,पेट की असुविधा गंभीर और लगातार रही है। उल्टी और कब्ज भी हुआ है। मैं अपने स्वास्थ्य के बारे में चिंतित हूं।,পেটের অস্বস্তি তীব্র এবং ঘন ঘন হয়েছে। বমি এবং কোষ্ঠকাঠিন্যও ঘটেছে। আমি আমার স্বাস্থ্য সম্পর্কে উদ্বিগ্ন।
141,Typhoid,"I have been experiencing diarrhea and have had loose, watery stools several times a day. I have lost my appetite and feel nauseated all the time. I am starting to get a mild fever too.","मैं दस्त का अनुभव कर रहा हूं और दिन में कई बार ढीले, पानी से भरे स्टूल हैं। मैंने अपनी भूख खो दी है और हर समय मतली महसूस कर रहा हूं। मुझे एक हल्का बुखार भी मिलने लगा है।","আমি ডায়রিয়ার অভিজ্ঞতা পেয়েছি এবং দিনে বেশ কয়েকবার আলগা, জলযুক্ত মল রয়েছে। আমি আমার ক্ষুধা হারিয়েছি এবং সর্বদা বমি বমি ভাব অনুভব করছি। আমিও হালকা জ্বর পেতে শুরু করছি।"
142,Typhoid,"I am feeling quite weak. I'm having a lot of stomach discomfort and constipation, which is really bothering me. I have a strong urge to vomit at times, and as a result, I can't eat anything.","मैं काफी कमजोर महसूस कर रहा हूं। मुझे बहुत पेट की असुविधा और कब्ज है, जो वास्तव में मुझे परेशान कर रहा है। मुझे कई बार उल्टी करने का एक मजबूत आग्रह है, और परिणामस्वरूप, मैं कुछ भी नहीं खा सकता।","আমি বেশ দুর্বল বোধ করছি। আমার পেটের অনেক অস্বস্তি এবং কোষ্ঠকাঠিন্য হচ্ছে, যা আমাকে সত্যিই বিরক্ত করছে। আমার মাঝে মাঝে বমি করার দৃ strong ় তাগিদ রয়েছে এবং ফলস্বরূপ, আমি কিছুই খেতে পারি না।"
143,Typhoid,"There is strange pain in my stomach area. I don't know what the reason behind this is. Moreover, I am starting to get a mild fever along with chills and headaches.","मेरे पेट के क्षेत्र में अजीब दर्द है। मुझे नहीं पता कि इसके पीछे क्या कारण है। इसके अलावा, मैं ठंड लगने और सिरदर्द के साथ एक हल्का बुखार प्राप्त करना शुरू कर रहा हूं।","আমার পেটের অঞ্চলে অদ্ভুত ব্যথা আছে। এর পিছনে কারণ কী তা আমি জানি না। তদুপরি, আমি শীতল এবং মাথা ব্যথার পাশাপাশি একটি হালকা জ্বর পেতে শুরু করছি।"
144,Typhoid,"I've had a high fever, particularly at night. It's been quite unpleasant. There is a little headache, as well as constipation and diarrhea. I don't feel like eating anything.","मुझे उच्च बुखार है, खासकर रात में। यह काफी अप्रिय है। थोड़ा सिरदर्द है, साथ ही कब्ज और दस्त भी है। मुझे कुछ भी खाने का मन नहीं है।","আমার উচ্চ জ্বর হয়েছে, বিশেষত রাতে। এটি বেশ অপ্রীতিকর হয়েছে। কিছুটা মাথা ব্যাথা রয়েছে, পাশাপাশি কোষ্ঠকাঠিন্য এবং ডায়রিয়াও রয়েছে। আমার কিছু খাওয়ার মতো মনে হয় না।"
145,Typhoid,"I've been having a lot of trouble staying hydrated because of the vomiting and diarrhea. I have a high fever, constipation, and a headache. I am also starting to get a strange pain in my stomach area and I can't do anything physical.","मुझे उल्टी और दस्त के कारण हाइड्रेटेड रहने में बहुत परेशानी हो रही है। मुझे तेज बुखार, कब्ज और सिरदर्द है। मैं भी अपने पेट क्षेत्र में एक अजीब दर्द प्राप्त करना शुरू कर रहा हूं और मैं कुछ भी शारीरिक नहीं कर सकता।","বমি বমিভাব এবং ডায়রিয়ার কারণে হাইড্রেটেড থাকতে আমার অনেক সমস্যা হচ্ছে। আমার উচ্চ জ্বর, কোষ্ঠকাঠিন্য এবং মাথা ব্যথা রয়েছে। আমি আমার পেটের অঞ্চলে একটি অদ্ভুত ব্যথা পেতে শুরু করছি এবং আমি শারীরিক কিছু করতে পারি না।"
146,Typhoid,"I have been getting a headache for the past week that has been growing worse. It has been accompanied by stomach pains, constipation, and diarrhea. I don't know what is happening and I am really worried about it.","मुझे पिछले सप्ताह से सिरदर्द हो रहा है जो बदतर हो रहा है। यह पेट में दर्द, कब्ज और दस्त के साथ है। मुझे नहीं पता कि क्या हो रहा है और मैं वास्तव में इसके बारे में चिंतित हूं।","আমি গত সপ্তাহ ধরে একটি মাথাব্যথা পাচ্ছি যা আরও খারাপ হচ্ছে। এটির সাথে পেটের ব্যথা, কোষ্ঠকাঠিন্য এবং ডায়রিয়া রয়েছে। আমি জানি না কী ঘটছে এবং আমি এটি সম্পর্কে সত্যিই উদ্বিগ্ন।"
147,Typhoid,"I've lost a lot of weight in the last week because I couldn't eat much due to nausea and vomiting. This is followed by a high fever, headache, and stomach pain.","मैंने पिछले सप्ताह में बहुत अधिक वजन कम किया है क्योंकि मैं मतली और उल्टी के कारण ज्यादा नहीं खा सकता था। इसके बाद तेज बुखार, सिरदर्द और पेट में दर्द होता है।","গত সপ্তাহে আমি প্রচুর ওজন হ্রাস করেছি কারণ বমি বমি ভাব এবং বমি বমিভাবের কারণে আমি বেশি কিছু খেতে পারি না। এর পরে উচ্চ জ্বর, মাথাব্যথা এবং পেটের ব্যথা হয়।"
148,Typhoid,"I am having some diarrhea and constipation, which has been quite concerning. In my stomach, there is a severe, painful ache. I'm constantly exhausted and don't feel like eating anything.","मुझे कुछ दस्त और कब्ज हो रहे हैं, जो काफी संबंधित है। मेरे पेट में, एक गंभीर, दर्दनाक दर्द है। मैं लगातार थक गया हूं और कुछ भी खाने का मन नहीं करता।","আমার কিছু ডায়রিয়া এবং কোষ্ঠকাঠিন্য রয়েছে, যা বেশ কিছু সম্পর্কিত। আমার পেটে, একটি গুরুতর, বেদনাদায়ক ব্যথা আছে। আমি ক্রমাগত ক্লান্ত হয়ে পড়েছি এবং কিছু খাওয়ার মতো অনুভব করি না।"
149,Typhoid,"I've been having diarrhoea and loose, watery stools many times a day. I've lost my appetite and am always sick. I'm also developing a mild fever. Also, my abdominal part pains a lot. I don't know what the reason behind all of these is.","मुझे दिन में कई बार दस्त और ढीले, पानी से भरे स्टूल रहे हैं। मैंने अपनी भूख खो दी है और मैं हमेशा बीमार हूं। मैं एक हल्का बुखार भी विकसित कर रहा हूं। इसके अलावा, मेरे पेट का हिस्सा बहुत दर्द होता है। मुझे नहीं पता कि इन सभी के पीछे क्या कारण है।","আমি দিনে অনেকবার ডায়রিয়া এবং আলগা, জলযুক্ত মল। আমি আমার ক্ষুধা হারিয়েছি এবং সর্বদা অসুস্থ। আমিও একটি হালকা জ্বর বিকাশ করছি। এছাড়াও, আমার পেটের অংশটি অনেক ব্যথা করে। আমি জানি না যে এই সমস্তগুলির পিছনে কারণ কী।"
150,Chicken pox,"I've been experiencing intense itching all over my skin, and it's driving me crazy. I also have a rash that's red and inflamed.","मैं अपनी त्वचा पर तीव्र खुजली का अनुभव कर रहा हूं, और यह मुझे पागल कर रहा है। मेरे पास एक दाने भी है जो लाल और सूजन है।",আমি আমার সমস্ত ত্বক জুড়ে তীব্র চুলকানি অনুভব করছি এবং এটি আমাকে পাগল করছে। আমারও এমন একটি ফুসকুড়ি রয়েছে যা লাল এবং ফুলে গেছে।
151,Chicken pox,"I'm feeling fatigued and have no energy. I can barely keep my eyes open during the day, and I've been feeling lethargic and unable to motivate myself.","मैं थका हुआ महसूस कर रहा हूं और कोई ऊर्जा नहीं है। मैं मुश्किल से दिन के दौरान अपनी आँखें खुली रख सकता हूं, और मैं सुस्त महसूस कर रहा हूं और खुद को प्रेरित करने में असमर्थ हूं।","আমি ক্লান্তি বোধ করছি এবং শক্তি নেই। আমি দিনের বেলা সবেমাত্র চোখ খোলা রাখতে পারি, এবং আমি অলস বোধ করছি এবং নিজেকে অনুপ্রাণিত করতে অক্ষম।"
152,Chicken pox,"I've had a high fever for the past few days. I don't know what's causing it. Also, I noticed rashes on my skin and it's hard for me to resist scratching.","मुझे पिछले कुछ दिनों से तेज बुखार मिला है। मुझे नहीं पता कि इसका क्या कारण है। इसके अलावा, मैंने अपनी त्वचा पर चकत्ते पर ध्यान दिया और मेरे लिए खरोंच का विरोध करना मुश्किल है।","আমি গত কয়েক দিন ধরে উচ্চ জ্বর পেয়েছি। আমি জানি না এটি কী ঘটছে। এছাড়াও, আমি আমার ত্বকে ফুসকুড়ি লক্ষ্য করেছি এবং আমার পক্ষে স্ক্র্যাচিং প্রতিরোধ করা কঠিন।"
153,Chicken pox,I've lost my appetite and can't seem to eat anything. I'm worried about my health.,मैंने अपनी भूख खो दी है और कुछ भी खाने के लिए प्रतीत नहीं हो सकता। मैं अपने स्वास्थ्य को लेकर चिंतित हूं।,আমি আমার ক্ষুধা হারিয়েছি এবং কিছু খাবেন বলে মনে হচ্ছে না। আমি আমার স্বাস্থ্য সম্পর্কে উদ্বিগ্ন।
154,Chicken pox,There are small red spots all over my body that I can't explain. It's worrying me. I feel extremely tired and experience a mild fever every night.,मेरे शरीर में छोटे लाल धब्बे हैं जिन्हें मैं समझा नहीं सकता। यह मुझे चिंता कर रहा है। मैं बेहद थका हुआ महसूस करता हूं और हर रात एक हल्के बुखार का अनुभव करता हूं।,আমার সারা শরীরে ছোট ছোট লাল দাগ রয়েছে যা আমি ব্যাখ্যা করতে পারি না। এটা আমাকে উদ্বিগ্ন। আমি অত্যন্ত ক্লান্ত বোধ করি এবং প্রতি রাতে একটি হালকা জ্বর অনুভব করি।
155,Chicken pox,"My lymph nodes are swollen, causing discomfort in my neck and armpits. I don't know what's causing it.","मेरे लिम्फ नोड्स सूज गए हैं, जिससे मेरी गर्दन और बगल में असुविधा हो रही है। मुझे नहीं पता कि इसका क्या कारण है।","আমার লিম্ফ নোডগুলি ফুলে গেছে, আমার ঘাড়ে এবং বগলে অস্বস্তি সৃষ্টি করে। আমি জানি না এটি কী ঘটছে।"
156,Chicken pox,"I'm feeling really sick and uncomfortable like something is wrong inside. I don't know what it could be. I noticed small red spots on my arms, which itches if I touch them.","मैं वास्तव में बीमार और असहज महसूस कर रहा हूं जैसे कुछ गलत है। मुझे नहीं पता कि यह क्या हो सकता है। मैंने अपनी बाहों पर छोटे लाल धब्बे देखे, जो अगर मैं उन्हें छूता हूं तो खुजली करता हूं।","আমি সত্যিই অসুস্থ এবং অস্বস্তি বোধ করছি যেমন ভিতরে কিছু ভুল আছে। আমি জানি না এটি কী হতে পারে। আমি আমার বাহুতে ছোট ছোট লাল দাগগুলি লক্ষ্য করেছি, যা আমি তাদের স্পর্শ করলে চুলকায়।"
157,Chicken pox,The itching is making it hard for me to sleep at night. I can't get any rest. I have also lost my appetite and feel lethargic.,खुजली मेरे लिए रात में सोना मुश्किल बना रही है। मुझे कोई आराम नहीं मिल सकता। मैंने अपनी भूख भी खो दी है और सुस्त महसूस किया है।,চুলকানি আমার জন্য রাতে ঘুমানো কঠিন করে তুলছে। আমি কোন বিশ্রাম পেতে পারি না। আমি আমার ক্ষুধাও হারিয়ে ফেলেছি এবং অলস বোধ করছি।
158,Chicken pox,"I'm worried about this rash on my skin. It's spreading rapidly and causing a lot of discomforts. I can hardly sleep at night because of the itching,","मैं अपनी त्वचा पर इस दाने के बारे में चिंतित हूं। यह तेजी से फैल रहा है और बहुत अधिक असुविधाओं का कारण बन रहा है। खुजली के कारण मैं मुश्किल से रात में सो सकता हूं,","আমি আমার ত্বকে এই ফুসকুড়ি সম্পর্কে উদ্বিগ্ন। এটি দ্রুত ছড়িয়ে পড়ে এবং প্রচুর অসুবিধা সৃষ্টি করে। চুলকানির কারণে আমি খুব কমই রাতে ঘুমাতে পারি,"
159,Chicken pox,I have no energy and have lost my appetite. I'm feeling really sick and don't know what's wrong.,मेरे पास कोई ऊर्जा नहीं है और उसने अपनी भूख खो दी है। मैं वास्तव में बीमार महसूस कर रहा हूं और नहीं जानता कि क्या गलत है।,আমার কোনও শক্তি নেই এবং আমার ক্ষুধা হারিয়েছি। আমি সত্যিই অসুস্থ বোধ করছি এবং কী ভুল তা জানি না।
160,Chicken pox,"I have a skin rash that's red and inflamed, and it's spreading all over my body. I've been experiencing intense itching, especially on my arms and legs.","मेरे पास एक त्वचा दाने है जो लाल और सूजन है, और यह मेरे पूरे शरीर में फैल रही है। मैं तीव्र खुजली का अनुभव कर रहा हूं, खासकर मेरी बाहों और पैरों पर।","আমার একটি ত্বকের ফুসকুড়ি রয়েছে যা লাল এবং ফুলে গেছে এবং এটি আমার সারা শরীরে ছড়িয়ে পড়ে। আমি তীব্র চুলকানি অনুভব করছি, বিশেষত আমার বাহু এবং পায়ে।"
161,Chicken pox,"I've had a high fever for the past few days, and it's starting to worry me. I don't know what's causing it. Also, I have red spots all over my arms and legs, some of which are swollen.","मुझे पिछले कुछ दिनों से तेज बुखार मिला है, और यह मुझे चिंता करने लगा है। मुझे नहीं पता कि इसका क्या कारण है। इसके अलावा, मेरे हाथ और पैरों के ऊपर लाल धब्बे हैं, जिनमें से कुछ सूजे हुए हैं।","আমি গত কয়েক দিন ধরে উচ্চ জ্বর পেয়েছি এবং এটি আমাকে চিন্তিত করতে শুরু করেছে। আমি জানি না এটি কী ঘটছে। এছাড়াও, আমার সমস্ত বাহু এবং পা জুড়ে লাল দাগ রয়েছে, যার কয়েকটি ফোলা।"
162,Chicken pox,"I have a skin rash that's red and swollen, and it's spreading all over my body. I have a mild fever and it is causing me a lot of discomforts.","मेरे पास एक त्वचा दाने है जो लाल और सूजन है, और यह मेरे पूरे शरीर में फैल रही है। मुझे एक हल्का बुखार है और इससे मुझे बहुत असुविधा हो रही है।",আমার ত্বকের ফুসকুড়ি রয়েছে যা লাল এবং ফোলা এবং এটি আমার সমস্ত শরীরে ছড়িয়ে পড়ে। আমার একটি হালকা জ্বর রয়েছে এবং এটি আমার অনেক অসুবিধা সৃষ্টি করছে।
163,Chicken pox,"I'm feeling fatigued and have no energy. I can barely keep my eyes open during the day, and I've been feeling lethargic and unable to motivate myself.","मैं थका हुआ महसूस कर रहा हूं और कोई ऊर्जा नहीं है। मैं मुश्किल से दिन के दौरान अपनी आँखें खुली रख सकता हूं, और मैं सुस्त महसूस कर रहा हूं और खुद को प्रेरित करने में असमर्थ हूं।","আমি ক্লান্তি বোধ করছি এবং শক্তি নেই। আমি দিনের বেলা সবেমাত্র চোখ খোলা রাখতে পারি, এবং আমি অলস বোধ করছি এবং নিজেকে অনুপ্রাণিত করতে অক্ষম।"
164,Chicken pox,There are small red spots all over my body that I can't explain. The bumps are itchy and uncomfortable and seem to spread rapidly. It's worrying me.,मेरे शरीर में छोटे लाल धब्बे हैं जिन्हें मैं समझा नहीं सकता। धक्कों को खुजली और असहज है और तेजी से फैलने लगती है। यह मुझे चिंता कर रहा है।,আমার সারা শরীরে ছোট ছোট লাল দাগ রয়েছে যা আমি ব্যাখ্যা করতে পারি না। বাধাগুলি চুলকানি এবং অস্বস্তিকর এবং দ্রুত ছড়িয়ে পড়ে বলে মনে হয়। এটা আমাকে উদ্বিগ্ন।
165,Chicken pox,The itching is making it hard for me to sleep at night. I can't seem to get any rest because the rash is so itchy and uncomfortable. I'm feeling really tired and exhausted.,खुजली मेरे लिए रात में सोना मुश्किल बना रही है। मुझे कोई आराम नहीं मिल सकता क्योंकि दाने इतनी खुजली और असहज है। मैं वास्तव में थका हुआ और थका हुआ महसूस कर रहा हूं।,চুলকানি আমার জন্য রাতে ঘুমানো কঠিন করে তুলছে। আমি কোনও বিশ্রাম পেয়েছি বলে মনে হচ্ছে না কারণ ফুসকুড়িটি তাই চুলকানি এবং অস্বস্তিকর। আমি সত্যিই ক্লান্ত এবং ক্লান্ত বোধ করছি।
166,Chicken pox,I have no energy and have lost my appetite. I have a high fever and severe headache and don't know what's wrong.,मेरे पास कोई ऊर्जा नहीं है और उसने अपनी भूख खो दी है। मुझे तेज बुखार और गंभीर सिरदर्द है और यह नहीं पता कि क्या गलत है।,আমার কোনও শক্তি নেই এবং আমার ক্ষুধা হারিয়েছি। আমার উচ্চ জ্বর এবং গুরুতর মাথাব্যথা আছে এবং কী ভুল তা জানে না।
167,Chicken pox,The high fever and swollen lymph nodes are causing me much discomfort. I have a headache and feel weak and fatigued. It's hard for me to concentrate because of the fever.,तेज बुखार और सूजन लिम्फ नोड्स मुझे बहुत असुविधा पैदा कर रहे हैं। मुझे सिरदर्द है और कमजोर और थका हुआ महसूस करता है। बुखार के कारण ध्यान केंद्रित करना मेरे लिए कठिन है।,উচ্চ জ্বর এবং ফোলা লিম্ফ নোডগুলি আমার অনেক অস্বস্তি সৃষ্টি করছে। আমার মাথাব্যথা আছে এবং দুর্বল ও ক্লান্তি বোধ করছি। জ্বরের কারণে মনোনিবেশ করা আমার পক্ষে কঠিন।
168,Chicken pox,"The rash on my skin is causing a lot of discomforts. It's red and inflamed, spreading all over my body. The rash is accompanied by intense itching, especially on my arms and legs.","मेरी त्वचा पर दाने से बहुत अधिक असुविधा हो रही है। यह लाल और सूजन है, मेरे शरीर में फैल रहा है। दाने के साथ तीव्र खुजली होती है, खासकर मेरी बाहों और पैरों पर।","আমার ত্বকে ফুসকুড়ি প্রচুর অসুবিধা সৃষ্টি করছে। এটি লাল এবং স্ফীত, আমার সমস্ত শরীর জুড়ে ছড়িয়ে পড়ে। ফুসকুড়িটির সাথে তীব্র চুলকানি, বিশেষত আমার বাহু এবং পায়ে রয়েছে।"
169,Chicken pox,"There are red spots all over my body that I can't explain. The spots are itchy and starting to swell, and they are spreading rapidly.","मेरे शरीर में लाल धब्बे हैं जिन्हें मैं समझा नहीं सकता। स्पॉट खुजली वाले हैं और सूजने लगे हैं, और वे तेजी से फैल रहे हैं।",আমার সারা শরীরে লাল দাগ রয়েছে যা আমি ব্যাখ্যা করতে পারি না। দাগগুলি চুলকানি এবং ফুলে উঠতে শুরু করে এবং সেগুলি দ্রুত ছড়িয়ে পড়ে।
170,Chicken pox,I have small lymph nodes on my arms and face. The itching is making my day very uncomfortable.,मेरे हाथ और चेहरे पर छोटे लिम्फ नोड्स हैं। खुजली मेरे दिन को बहुत असहज बना रही है।,আমার বাহু এবং মুখে ছোট ছোট লিম্ফ নোড রয়েছে। চুলকানি আমার দিনটিকে খুব অস্বস্তিকর করে তুলছে।
171,Chicken pox,"I have no energy and have lost my appetite. I'm feeling really sick and don't know what's wrong. Also, there are small red spots starting to show on my skin.","मेरे पास कोई ऊर्जा नहीं है और उसने अपनी भूख खो दी है। मैं वास्तव में बीमार महसूस कर रहा हूं और नहीं जानता कि क्या गलत है। इसके अलावा, मेरी त्वचा पर छोटे लाल धब्बे दिखाने लगे हैं।","আমার কোনও শক্তি নেই এবং আমার ক্ষুধা হারিয়েছি। আমি সত্যিই অসুস্থ বোধ করছি এবং কী ভুল তা জানি না। এছাড়াও, আমার ত্বকে ছোট ছোট লাল দাগগুলি দেখাতে শুরু করে।"
172,Chicken pox,"I've had a mild fever for the past few days, and it's starting to worry me. The fever has been accompanied by a severe headache. I feel weak and lethargic.","मुझे पिछले कुछ दिनों से हल्का बुखार है, और यह मुझे चिंता करने लगा है। बुखार एक गंभीर सिरदर्द के साथ हुआ है। मैं कमजोर और सुस्त महसूस करता हूं।",আমি গত কয়েক দিন ধরে হালকা জ্বর করেছি এবং এটি আমাকে উদ্বিগ্ন হতে শুরু করেছে। জ্বরের সাথে মারাত্মক মাথাব্যথা রয়েছে। আমি দুর্বল এবং অলস বোধ করি।
173,Chicken pox,"I have swollen lymph nodes and red spots all over my body, and they are causing discomfort. I also have a mild fever and feel tired most of the time.","मेरे पास अपने शरीर पर लिम्फ नोड्स और लाल धब्बे हैं, और वे असुविधा पैदा कर रहे हैं। मुझे एक हल्का बुखार भी है और ज्यादातर समय थका हुआ महसूस करता है।",আমি আমার সারা শরীর জুড়ে ফোলা লিম্ফ নোড এবং লাল দাগ পেয়েছি এবং সেগুলি অস্বস্তি সৃষ্টি করছে। আমারও হালকা জ্বর রয়েছে এবং বেশিরভাগ সময় ক্লান্ত বোধ করি।
174,Chicken pox,"I've been suffering from severe itching all over my body, and it's driving me insane. I also have a red and irritating rash.","मैं अपने पूरे शरीर में गंभीर खुजली से पीड़ित हूं, और यह मुझे पागल कर रहा है। मेरे पास एक लाल और चिड़चिड़ी दाने भी है।","আমি আমার সারা শরীর জুড়ে মারাত্মক চুলকায় ভুগছি, এবং এটি আমাকে উন্মাদ করে দিচ্ছে। আমারও একটি লাল এবং বিরক্তিকর ফুসকুড়ি রয়েছে।"
175,Chicken pox,"I have seen rashes on my skin, and it's difficult for me not to scratch. Also, I've had a high fever for several days. I'm not sure what's causing it.","मैंने अपनी त्वचा पर चकत्ते देखे हैं, और मेरे लिए खरोंच नहीं करना मुश्किल है। इसके अलावा, मुझे कई दिनों तक तेज बुखार मिला है। मुझे यकीन नहीं है कि इसका क्या कारण है।","আমি আমার ত্বকে ফুসকুড়ি দেখেছি এবং আমার পক্ষে স্ক্র্যাচ না করা কঠিন। এছাড়াও, আমার বেশ কয়েক দিন ধরে উচ্চ জ্বর হয়েছে। আমি নিশ্চিত না যে এটি কী ঘটছে।"
176,Chicken pox,"I have little red spots all over my body that I don't understand. It worries me. I have lost my appetite and every night, I am exhausted and have a severe headache.","मेरे शरीर पर पूरे लाल धब्बे हैं जो मुझे समझ में नहीं आता है। यह मुझे चिंता देता है। मैंने अपनी भूख खो दी है और हर रात, मैं थक गया हूं और एक गंभीर सिरदर्द है।","আমার সারা শরীর জুড়ে আমার খুব কম লাল দাগ রয়েছে যা আমি বুঝতে পারি না। এটা আমাকে উদ্বিগ্ন করে। আমি আমার ক্ষুধা হারিয়েছি এবং প্রতি রাতে, আমি ক্লান্ত হয়ে পড়েছি এবং মারাত্মক মাথা ব্যথা করছি।"
177,Chicken pox,"I'm feeling really sick and lost my appetite. I've seen little red patches on my arms, neck and face that itch when I touch them.","मैं वास्तव में बीमार महसूस कर रहा हूं और अपनी भूख खो चुका हूं। मैंने अपनी बाहों, गर्दन और चेहरे पर छोटे लाल पैच देखे हैं जब मैं उन्हें छूता हूं।","আমি সত্যিই অসুস্থ বোধ করছি এবং আমার ক্ষুধা হারিয়েছি। আমি আমার বাহু, ঘাড় এবং মুখের উপর সামান্য লাল প্যাচগুলি দেখেছি যখন আমি তাদের স্পর্শ করি তখন চুলকায়।"
178,Chicken pox,I have red spots on my arms and legs and itching them makes it difficult for me to sleep at night. I also have severe headaches and a mild fever.,मेरे पास अपनी बाहों और पैरों पर लाल धब्बे हैं और उन्हें खुजली करना मेरे लिए रात में सोना मुश्किल हो जाता है। मेरे पास गंभीर सिरदर्द और एक हल्का बुखार भी है।,আমার বাহু ও পায়ে লাল দাগ রয়েছে এবং এগুলিকে চুলকানো আমার কাছে রাতে ঘুমানো কঠিন করে তোলে। আমারও মারাত্মক মাথাব্যথা এবং হালকা জ্বর রয়েছে।
179,Chicken pox,Enlarged lymph nodes are giving me a great deal of pain. I have rashes all over my body and because of which I cannot sleep all night.,बढ़े हुए लिम्फ नोड्स मुझे बहुत दर्द दे रहे हैं। मेरे पास पूरे शरीर में चकत्ते हैं और जिसके कारण मैं पूरी रात सो नहीं सकता।,বর্ধিত লিম্ফ নোডগুলি আমাকে প্রচুর ব্যথা দিচ্ছে। আমার সারা শরীর জুড়ে ফুসকুড়ি রয়েছে এবং যার কারণে আমি সারা রাত ঘুমাতে পারি না।
180,Chicken pox,"My skin rash is giving me a lot of pain and discomfort. It's red and swollen, and it's spreading throughout my body.","मेरी त्वचा दाने मुझे बहुत दर्द और असुविधा दे रही है। यह लाल और सूज गया है, और यह मेरे पूरे शरीर में फैल रहा है।","আমার ত্বকের ফুসকুড়ি আমাকে প্রচুর ব্যথা এবং অস্বস্তি দিচ্ছে। এটি লাল এবং ফোলা, এবং এটি আমার সারা শরীর জুড়ে ছড়িয়ে পড়ে।"
181,Chicken pox,I have a high fever and a mild headache. I'm tired most of the time and completely lost my appetite.,मुझे तेज बुखार और हल्का सिरदर्द है। मैं ज्यादातर समय थक जाता हूं और पूरी तरह से अपनी भूख खो देता हूं।,আমার উচ্চ জ্বর এবং হালকা মাথাব্যথা আছে। আমি বেশিরভাগ সময় ক্লান্ত হয়ে পড়েছি এবং আমার ক্ষুধা পুরোপুরি হারিয়েছি।
182,Chicken pox,"My arms and face have small lymph nodes, which are starting to swell. My day has been made really miserable by the constant itching and pain.","मेरे हथियारों और चेहरे में छोटे लिम्फ नोड्स हैं, जो सूजने लगे हैं। मेरा दिन लगातार खुजली और दर्द से वास्तव में दुखी हो गया है।","আমার বাহু এবং মুখের ছোট ছোট লিম্ফ নোড রয়েছে, যা ফুলে যেতে শুরু করে। ধ্রুবক চুলকানি এবং বেদনা দ্বারা আমার দিনটি সত্যই কৃপণ হয়ে উঠেছে।"
183,Chicken pox,"My arms and neck have large lymph nodes, which itch when I touch them. The itching has made my day extremely uncomfortable.","मेरी बाहों और गर्दन में बड़े लिम्फ नोड्स होते हैं, जो जब मैं उन्हें छूता हूं तो खुजली करता हूं। खुजली ने मेरे दिन को बेहद असहज कर दिया है।","আমার বাহু এবং ঘাড়ে বড় লিম্ফ নোড রয়েছে, যখন আমি তাদের স্পর্শ করি তখন চুলকানি। চুলকানি আমার দিনটিকে অত্যন্ত অস্বস্তিকর করে তুলেছে।"
184,Chicken pox,"My skin rash is causing me a great deal of pain. There are also small red spots developing near my neck. Since yesterday, I have had a severe fever, headache and fatigue.","मेरी त्वचा दाने मुझे बहुत दर्द हो रहा है। मेरी गर्दन के पास छोटे लाल धब्बे भी विकसित हो रहे हैं। कल से, मुझे एक गंभीर बुखार, सिरदर्द और थकान है।","আমার ত্বকের ফুসকুড়ি আমাকে প্রচুর ব্যথার কারণ করছে। আমার ঘাড়ের কাছে ছোট ছোট লাল দাগগুলিও রয়েছে। গতকাল থেকে আমার তীব্র জ্বর, মাথাব্যথা এবং ক্লান্তি রয়েছে।"
185,Chicken pox,"I am starting to develop tiny red spots all over my face and neck area, and it itches when I touch them. The itching is making my day very uncomfortable.","मैं अपने चेहरे और गर्दन के क्षेत्र में छोटे लाल धब्बे विकसित करना शुरू कर रहा हूं, और जब मैं उन्हें छूता हूं तो यह खुजली करता है। खुजली मेरे दिन को बहुत असहज बना रही है।",আমি আমার মুখ এবং ঘাড়ের সমস্ত অঞ্চল জুড়ে ছোট ছোট লাল দাগগুলি বিকাশ করতে শুরু করছি এবং আমি যখন তাদের স্পর্শ করি তখন এটি চুলকায়। চুলকানি আমার দিনটিকে খুব অস্বস্তিকর করে তুলছে।
186,Chicken pox,"I have lost my appetite completely and can't seem to eat anything. I feel like vomiting and feel exhausted. I noticed rashes on my skin, which is really concerning me.","मैंने अपनी भूख पूरी तरह से खो दी है और कुछ भी नहीं खा सकता। मैं उल्टी की तरह महसूस करता हूं और थका हुआ महसूस करता हूं। मैंने अपनी त्वचा पर चकत्ते पर ध्यान दिया, जो वास्तव में मेरे बारे में है।","আমি আমার ক্ষুধা পুরোপুরি হারিয়েছি এবং কিছু খেতে বলে মনে হচ্ছে না। আমি বমি বমি ভাব অনুভব করি এবং ক্লান্ত বোধ করি। আমি আমার ত্বকে ফুসকুড়ি লক্ষ্য করেছি, যা সত্যই আমার সম্পর্কে।"
187,Chicken pox,I have a high fever and a severe headache. I can't seem to eat anything and feel like vomiting. There are also some red spots developing on my arms. I am really worried.,मुझे तेज बुखार और गंभीर सिरदर्द है। मैं कुछ भी नहीं खा सकता और उल्टी की तरह महसूस कर सकता हूं। मेरी बाहों पर कुछ लाल धब्बे भी विकसित हो रहे हैं। मैं वास्तव में चिंतित हूं।,আমার উচ্চ জ্বর এবং মারাত্মক মাথাব্যথা রয়েছে। আমি কিছু খাই বলে মনে হচ্ছে না এবং বমি বমি ভাব অনুভব করতে পারি না। আমার বাহুতে কিছু লাল দাগও রয়েছে। আমি সত্যিই চিন্তিত।
188,Chicken pox,I'm worried about these red spots on my skin. It's spreading rapidly and causing a lot of problems. I also developed a mild fever and headache every night.,मैं अपनी त्वचा पर इन लाल धब्बों के बारे में चिंतित हूं। यह तेजी से फैल रहा है और बहुत सारी समस्याएं पैदा कर रहा है। मैंने हर रात एक हल्का बुखार और सिरदर्द भी विकसित किया।,আমি আমার ত্বকে এই লাল দাগগুলি সম্পর্কে উদ্বিগ্ন। এটি দ্রুত ছড়িয়ে পড়ে এবং প্রচুর সমস্যা সৃষ্টি করে। আমি প্রতি রাতে একটি হালকা জ্বর এবং মাথাব্যথাও বিকাশ করেছি।
189,Chicken pox,I'm feeling really nauseous and uneasy. I'm not sure what it might be. I've seen rashes on my arms and legs. I have lost my appetite and feel exhausted every day.,मैं वास्तव में मिचली और असहज महसूस कर रहा हूं। मुझे यकीन नहीं है कि यह क्या हो सकता है। मैंने अपनी बाहों और पैरों पर चकत्ते देखे हैं। मैंने अपनी भूख खो दी है और हर दिन थका हुआ महसूस किया है।,আমি সত্যিই বমি বমি ভাব এবং অস্বস্তি বোধ করছি। আমি নিশ্চিত না যে এটি কী হতে পারে। আমি আমার বাহু ও পায়ে ফুসকুড়ি দেখেছি। আমি আমার ক্ষুধা হারিয়েছি এবং প্রতিদিন ক্লান্ত বোধ করছি।
190,Chicken pox,I have swollen red lymph nodes on my arms and legs that itch when I touch them. I'm also suffering from a terrible headache and a mild fever. I don't feel like eating anything and have lost my appetite.,मैंने अपनी बाहों और पैरों पर लाल लिम्फ नोड्स को सूज दिया है कि जब मैं उन्हें छूता हूं तो खुजली करता हूं। मैं एक भयानक सिरदर्द और एक हल्के बुखार से भी पीड़ित हूं। मुझे कुछ भी खाने का मन नहीं है और अपनी भूख खो दी है।,আমি আমার বাহু এবং পায়ে লাল লিম্ফ নোডগুলি ফোলা পেয়েছি যে আমি যখন তাদের স্পর্শ করি তখন চুলকায়। আমিও একটি ভয়াবহ মাথাব্যথা এবং একটি হালকা জ্বরতে ভুগছি। আমি কিছু খাওয়ার মতো মনে করি না এবং আমার ক্ষুধা হারিয়েছি।
191,Chicken pox,I'm really exhausted and lacking in energy. I can hardly keep my eyes open during the day. I have a mild fever and don't feel like eating anything. I think I have lost my appetite.,मैं वास्तव में थका हुआ हूं और ऊर्जा की कमी है। मैं मुश्किल से दिन के दौरान अपनी आँखें खुली रख सकता हूं। मुझे एक हल्का बुखार है और कुछ भी खाने का मन नहीं है। मुझे लगता है कि मैंने अपनी भूख खो दी है।,আমি সত্যিই ক্লান্ত এবং শক্তি অভাব। আমি দিনের বেলা খুব কমই চোখ খোলা রাখতে পারি। আমার হালকা জ্বর আছে এবং কিছু খাওয়ার মতো মনে হয় না। আমি মনে করি আমি আমার ক্ষুধা হারিয়েছি।
192,Chicken pox,"I am exhausted and have lost my appetite. I feel vomiting and can't eat anything. In addition, little red spots are beginning to appear on my skin and near the neck. I am really worried about my health.","मैं थक गया हूं और अपनी भूख खो चुका हूं। मैं उल्टी महसूस करता हूं और कुछ भी नहीं खा सकता। इसके अलावा, छोटे लाल धब्बे मेरी त्वचा पर और गर्दन के पास दिखाई देने लगे हैं। मैं वास्तव में अपने स्वास्थ्य के बारे में चिंतित हूं।","আমি ক্লান্ত হয়ে পড়েছি এবং আমার ক্ষুধা হারিয়েছি। আমি বমি বমি ভাব অনুভব করি এবং কিছু খেতে পারি না। তদতিরিক্ত, আমার ত্বকে এবং ঘাড়ের কাছে সামান্য লাল দাগগুলি প্রদর্শিত হতে শুরু করেছে। আমি আমার স্বাস্থ্য সম্পর্কে সত্যিই উদ্বিগ্ন।"
193,Chicken pox,There are small red spots all over my body. The spots are itchy and uncomfortable. I also have a mild fever and headache.,मेरे शरीर में छोटे लाल धब्बे हैं। स्पॉट खुजली और असहज हैं। मुझे एक हल्का बुखार और सिरदर्द भी है।,আমার সারা শরীর জুড়ে ছোট লাল দাগ রয়েছে। দাগগুলি চুলকানি এবং অস্বস্তিকর। আমারও হালকা জ্বর এবং মাথাব্যথা আছে।
194,Chicken pox,"I've been suffering from severe itching all over my body, along with a fever and headache. The red spots are starting to swell and it is getting really uncomfortable every day.",मैं अपने पूरे शरीर में बुखार और सिरदर्द के साथ पूरी तरह से खुजली से पीड़ित हूं। लाल धब्बे सूजने लगे हैं और यह हर दिन वास्तव में असहज हो रहा है।,আমি জ্বর এবং মাথাব্যথার পাশাপাশি আমার সারা শরীর জুড়ে মারাত্মক চুলকায় ভুগছি। লাল দাগগুলি ফুলে উঠতে শুরু করেছে এবং এটি প্রতিদিন সত্যিই অস্বস্তিকর হচ্ছে।
195,Chicken pox,I feel tired every day. There are red spots all over my arms and back and it itches if I touch them. I am really worried and not sure what to do.,मैं हर दिन थका हुआ महसूस करता हूं। मेरी बाहों और पीठ पर लाल धब्बे हैं और अगर मैं उन्हें छूता हूं तो यह खुजली करता है। मैं वास्तव में चिंतित हूं और निश्चित नहीं हूं कि क्या करना है।,আমি প্রতিদিন ক্লান্ত বোধ করি। আমার বাহুতে এবং পিছনে লাল দাগ রয়েছে এবং আমি যদি তাদের স্পর্শ করি তবে এটি চুলকায়। আমি সত্যিই উদ্বিগ্ন এবং কী করব তা নিশ্চিত নই।
196,Chicken pox,"The high fever, swollen lymph nodes and headache are causing me a lot of trouble. I don't feel like eating anything and feel weak and fatigued. It's hard for me to concentrate on my daily life.","तेज बुखार, सूजन लिम्फ नोड्स और सिरदर्द मुझे बहुत परेशानी पैदा कर रहे हैं। मुझे कुछ भी खाने का मन नहीं है और कमजोर और थका हुआ महसूस करता है। मेरे लिए अपने दैनिक जीवन पर ध्यान केंद्रित करना कठिन है।","উচ্চ জ্বর, ফোলা লিম্ফ নোড এবং মাথাব্যথা আমাকে অনেক সমস্যার কারণ করছে। আমি কিছু খাওয়ার মতো অনুভব করি না এবং দুর্বল ও ক্লান্তি বোধ করি না। আমার দৈনন্দিন জীবনে মনোনিবেশ করা আমার পক্ষে কঠিন।"
197,Chicken pox,"I have a high fever and red spots and rashes all over my body. I feel exhausted and have completely lost my appetite, which has made me weak and lethargic. I am really worried.","मुझे अपने शरीर में तेज बुखार और लाल धब्बे और चकत्ते हैं। मैं थका हुआ महसूस करता हूं और अपनी भूख पूरी तरह से खो चुका हूं, जिसने मुझे कमजोर और सुस्त बना दिया है। मैं वास्तव में चिंतित हूं।","আমার সারা শরীর জুড়ে উচ্চ জ্বর এবং লাল দাগ এবং ফুসকুড়ি রয়েছে। আমি ক্লান্ত বোধ করছি এবং আমার ক্ষুধা পুরোপুরি হারিয়ে ফেলেছি, যা আমাকে দুর্বল এবং অলস করে তুলেছে। আমি সত্যিই চিন্তিত।"
198,Chicken pox,I have seen rashes on my arms and neck and it itches if I scratch them. I've also had a high fever for a few days. I have no idea what is causing it. The itching is causing me a lot of discomforts.,मैंने अपनी बाहों और गर्दन पर चकत्ते देखे हैं और अगर मैं उन्हें खरोंचता हूं तो यह खुजली करता है। मुझे कुछ दिनों के लिए तेज बुखार भी मिला है। मुझे नहीं पता कि इसका क्या कारण है। खुजली मुझे बहुत असुविधा हो रही है।,আমি আমার বাহু এবং ঘাড়ে ফুসকুড়ি দেখেছি এবং আমি যদি সেগুলি স্ক্র্যাচ করি তবে এটি চুলকায়। আমারও কয়েক দিনের জন্য উচ্চ জ্বর হয়েছে। এটি কী কারণ করছে তা আমার কোনও ধারণা নেই। চুলকানি আমার অনেক অসুবিধা সৃষ্টি করছে।
199,Chicken pox,"There are red swollen spots all over my body. It itches if I touch them. Moreover, I also have a high fever and headache and always feel exhausted.","मेरे शरीर पर लाल सूजे हुए धब्बे हैं। अगर मैं उन्हें छूता हूं तो यह खुजली करता है। इसके अलावा, मुझे उच्च बुखार और सिरदर्द भी है और हमेशा थका हुआ महसूस करता है।","আমার সারা শরীর জুড়ে লাল ফোলা দাগ রয়েছে। আমি যদি তাদের স্পর্শ করি তবে এটি চুলকায়। তদুপরি, আমার উচ্চ জ্বর এবং মাথাব্যথাও রয়েছে এবং সর্বদা ক্লান্ত বোধ করি।"
200,Impetigo,I have developed a skin rash on my face and neck. The rash is made up of red sores that are blistering. I am worried about my health.,मैंने अपने चेहरे और गर्दन पर एक त्वचा दाने विकसित की है। दाने लाल घावों से बना है जो छाले हैं। मैं अपने स्वास्थ्य को लेकर चिंतित हूं।,আমি আমার মুখ এবং ঘাড়ে ত্বকের ফুসকুড়ি তৈরি করেছি। ফুসকুড়ি লাল ঘা দিয়ে তৈরি যা ফোস্কা। আমি আমার স্বাস্থ্য নিয়ে উদ্বিগ্ন।
201,Impetigo,"I have developed skin rashes made up of blistering sores. The blistering sores are raised, fluid-filled lesions and they are painful to touch. I am also suffering from a high fever.","मैंने ब्लिस्टरिंग घावों से बनी त्वचा चकत्ते विकसित की हैं। ब्लिस्टरिंग घावों को उठाया जाता है, द्रव से भरे घावों और वे छूने के लिए दर्दनाक होते हैं। मैं भी तेज बुखार से पीड़ित हूं।","আমি ফোস্কা ঘা দিয়ে তৈরি ত্বকের ফুসকুড়ি বিকাশ করেছি। ফোস্কা ঘা উত্থাপিত হয়, তরল ভরা ক্ষত এবং তারা স্পর্শ করতে বেদনাদায়ক। আমিও উচ্চ জ্বর থেকে ভুগছি।"
202,Impetigo,I have a high fever. There are red sores developing near my nose. The sores are painful and have yellow rust-colored ooze coming out from them.,मुझे तेज बुखार है। मेरी नाक के पास लाल घाव विकसित हो रहे हैं। घाव दर्दनाक होते हैं और उनसे बाहर निकलने वाले पीले जंग के रंग का ऊज़ होता है।,আমার উচ্চ জ্বর আছে। আমার নাকের কাছে লাল ঘা বিকাশ করছে। ঘাগুলি বেদনাদায়ক এবং তাদের কাছ থেকে হলুদ মরিচা রঙের ooze বেরিয়ে আসে।
203,Impetigo,"There are rashes around my nose, with large red sores. I noticed that the rash was spreading to other parts of my body. Also, I have a high fever every night.","मेरी नाक के चारों ओर चकत्ते हैं, बड़े लाल घावों के साथ। मैंने देखा कि दाने मेरे शरीर के अन्य हिस्सों में फैल रहा था। इसके अलावा, मुझे हर रात तेज बुखार होता है।","আমার নাকের চারপাশে ফুসকুড়ি রয়েছে, বড় লাল ঘা। আমি লক্ষ্য করেছি যে ফুসকুড়ি আমার দেহের অন্যান্য অংশে ছড়িয়ে পড়েছে। এছাড়াও, প্রতি রাতে আমার উচ্চ জ্বর হয়।"
204,Impetigo,I have been suffering from a high fever for the last couple of days. Sores are developing near my nose. The sores are painful and I am feeling very uncomfortable these days.,मैं पिछले कुछ दिनों से तेज बुखार से पीड़ित हूं। मेरी नाक के पास घाव विकसित हो रहे हैं। घाव दर्दनाक हैं और मैं इन दिनों बहुत असहज महसूस कर रहा हूं।,আমি গত কয়েক দিন ধরে একটি উচ্চ জ্বরতে ভুগছি। ঘা আমার নাকের কাছে বিকাশ করছে। ঘাগুলি বেদনাদায়ক এবং আমি আজকাল খুব অস্বস্তি বোধ করছি।
205,Impetigo,"My skin has developed rashes, mainly near the nose. The rash is spreading to other parts of my body. I am really about worried about this.","मेरी त्वचा ने चकत्ते विकसित किए हैं, मुख्य रूप से नाक के पास। दाने मेरे शरीर के अन्य हिस्सों में फैल रहा है। मैं वास्तव में इस बारे में चिंतित हूं।","আমার ত্বক ফুসকুড়ি বিকাশ করেছে, মূলত নাকের কাছে। ফুসকুড়ি আমার দেহের অন্যান্য অংশে ছড়িয়ে পড়ছে। আমি সত্যিই এই সম্পর্কে উদ্বিগ্ন।"
206,Impetigo,I have been experiencing extreme fatigue and a high fever. There are rashes near my nose and mouth. The rash is itchy and makes it very difficult for me to sleep.,मैं अत्यधिक थकान और तेज बुखार का अनुभव कर रहा हूं। मेरी नाक और मुंह के पास चकत्ते हैं। दाने खुजली है और मेरे लिए सोना बहुत मुश्किल हो जाता है।,আমি চরম ক্লান্তি এবং একটি উচ্চ জ্বর অনুভব করছি। আমার নাক এবং মুখের কাছে ফুসকুড়ি রয়েছে। ফুসকুড়ি চুলকানি এবং আমার পক্ষে ঘুমানো খুব কঠিন করে তোলে।
207,Impetigo,"I am suffering from extreme fever and weakness. I have developed sores on my face. The sores itchy and uncomfortable. Often, a yellow colored ooze comes out of the sores.","मैं अत्यधिक बुखार और कमजोरी से पीड़ित हूं। मैंने अपने चेहरे पर घाव विकसित किए हैं। घाव खुजली और असहज। अक्सर, एक पीले रंग का ऊज़ घावों से निकलता है।","আমি চরম জ্বর এবং দুর্বলতায় ভুগছি। আমি আমার মুখে ঘা বিকাশ করেছি। ঘা চুলকানি এবং অস্বস্তিকর। প্রায়শই, একটি হলুদ বর্ণের ooze ঘা থেকে বেরিয়ে আসে।"
208,Impetigo,I have noticed that the sores are taking longer to heal and are more prone to infection. The sores on my face are swollen and tender to the touch and very uncomfortable to handle.,मैंने देखा है कि घावों को ठीक होने में अधिक समय लग रहा है और संक्रमण के लिए अधिक प्रवण हैं। मेरे चेहरे पर घाव सूजे हुए हैं और स्पर्श के लिए कोमल हैं और संभालने के लिए बहुत असहज हैं।,আমি লক্ষ্য করেছি যে ঘাগুলি নিরাময়ের জন্য আরও বেশি সময় নিচ্ছে এবং সংক্রমণের ঝুঁকিতে রয়েছে। আমার মুখের ঘাগুলি ফোলা এবং স্পর্শে কোমল এবং পরিচালনা করতে খুব অস্বস্তিকর।
209,Impetigo,There are red sores on my face and near my nose. I have noticed that the rash is spreading more quickly on my neck and chest.,मेरे चेहरे पर और मेरी नाक के पास लाल घाव हैं। मैंने देखा है कि दाने मेरी गर्दन और छाती पर अधिक तेज़ी से फैल रहा है।,আমার মুখে এবং আমার নাকের কাছে লাল ঘা আছে। আমি লক্ষ্য করেছি যে ফুসকুড়ি আমার ঘাড় এবং বুকে আরও দ্রুত ছড়িয়ে পড়ছে।
210,Impetigo,The sores around my nose have become crusted over and are difficult to touch. A yellow-rust coloured ooze used to come out of the sores. It is taking much more time to handle.,मेरी नाक के आसपास के घाव खत्म हो गए हैं और छूना मुश्किल है। एक पीले-रस्ट रंग का ऊज़ घावों से बाहर निकलता था। इसे संभालने में बहुत अधिक समय लग रहा है।,আমার নাকের চারপাশের ঘাগুলি ক্রাস্ট হয়ে গেছে এবং স্পর্শ করা কঠিন। একটি হলুদ রঙের রঙিন ooze ঘা থেকে বেরিয়ে আসত। এটি পরিচালনা করতে আরও অনেক সময় নিচ্ছে।
211,Impetigo,"I developed a minor rash near my nose a few days ago. Now, the rash is accompanied by a burning sensation and redness of the skin. I feel it is some kind of an infection.","मैंने कुछ दिनों पहले अपनी नाक के पास एक मामूली दाने विकसित किया था। अब, दाने एक जलन और त्वचा की लालिमा के साथ है। मुझे लगता है कि यह किसी प्रकार का संक्रमण है।","আমি কিছুদিন আগে আমার নাকের কাছে একটি ছোটখাটো ফুসকুড়ি বিকাশ করেছি। এখন, ফুসকুড়িটির সাথে ত্বকের জ্বলন্ত সংবেদন এবং লালভাব রয়েছে। আমি মনে করি এটি একরকম সংক্রমণ।"
212,Impetigo,"Initially, I developed small red sores near my nose and neck. Now, I am having a high fever and the sores have become more painful and inflamed over the past few days.","प्रारंभ में, मैंने अपनी नाक और गर्दन के पास छोटे लाल घाव विकसित किए। अब, मुझे तेज बुखार हो रहा है और पिछले कुछ दिनों में घाव अधिक दर्दनाक और सूजन हो गए हैं।","প্রাথমিকভাবে, আমি আমার নাক এবং ঘাড়ের কাছে ছোট ছোট লাল ঘা তৈরি করেছি। এখন, আমার উচ্চ জ্বর হচ্ছে এবং গত কয়েক দিন ধরে ঘাগুলি আরও বেদনাদায়ক এবং ফুলে উঠেছে।"
213,Impetigo,"I noticed a skin rash on my face. It was made up of a blistering sore. Today I observed a yellow colored fluid coming out of the sores, I am not sure what it is.","मैंने देखा कि मेरे चेहरे पर एक त्वचा चकरा है। यह एक धमाकेदार गले से बना था। आज मैंने घावों से एक पीले रंग का तरल पदार्थ देखा, मुझे यकीन नहीं है कि यह क्या है।","আমি আমার মুখে ত্বকের ফুসকুড়ি লক্ষ্য করেছি। এটি একটি ফোস্কা ঘা দিয়ে তৈরি হয়েছিল। আজ আমি ঘা থেকে বেরিয়ে আসা একটি হলুদ বর্ণের তরল পর্যবেক্ষণ করেছি, আমি এটি কী তা নিশ্চিত নই।"
214,Impetigo,"The sores on my face are beginning to weep clear fluid. Also, every night I get a high fever and chills, because of which I cannot sleep all night.","मेरे चेहरे पर घाव स्पष्ट तरल पदार्थ रोने लगे हैं। इसके अलावा, हर रात मुझे तेज बुखार और ठंड लगना है, जिसके कारण मैं पूरी रात सो नहीं सकता।","আমার মুখের ঘাগুলি পরিষ্কার তরল কাঁদতে শুরু করেছে। এছাড়াও, প্রতি রাতে আমি একটি উচ্চ জ্বর এবং ঠাণ্ডা পাই, যার কারণে আমি সারা রাত ঘুমাতে পারি না।"
215,Impetigo,I initially had rashes on my face and near my nose. But now the rash is spreading down my arms and legs.,शुरू में मेरे चेहरे पर और अपनी नाक के पास चकत्ते थे। लेकिन अब दाने मेरी बाहों और पैरों को फैला रहा है।,আমি প্রথমে আমার মুখে এবং আমার নাকের কাছে ফুসকুড়ি ছিল। তবে এখন ফুসকুড়ি আমার বাহু ও পা ছড়িয়ে দিচ্ছে।
216,Impetigo,"I have a high fever every night and developed sores on my face, particularly near my nose. I have noticed that the sores are taking longer to heal and are more prone to infection.","मुझे हर रात एक तेज बुखार होता है और मेरे चेहरे पर विकसित घाव, विशेष रूप से मेरी नाक के पास। मैंने देखा है कि घावों को ठीक होने में अधिक समय लग रहा है और संक्रमण के लिए अधिक प्रवण हैं।","আমার প্রতি রাতে একটি উচ্চ জ্বর হয় এবং আমার মুখে ঘা তৈরি হয়, বিশেষত আমার নাকের কাছে। আমি লক্ষ্য করেছি যে ঘাগুলি নিরাময়ের জন্য আরও বেশি সময় নিচ্ছে এবং সংক্রমণের ঝুঁকিতে রয়েছে।"
217,Impetigo,"The sores around my nose are now surrounded by red, inflamed skin. The rash has caused my skin to become dry and flaky, with a visible yellow colored fluid coming out of the sores.","मेरी नाक के चारों ओर के घाव अब लाल, सूजन वाली त्वचा से घिरे हुए हैं। दाने ने मेरी त्वचा सूखी और परतदार हो गई है, एक दृश्यमान पीले रंग का तरल पदार्थ घावों से निकलता है।","আমার নাকের চারপাশের ঘাগুলি এখন লাল, স্ফীত ত্বক দ্বারা বেষ্টিত। ফুসকুড়ি আমার ত্বককে শুকনো এবং ঝাঁকুনির কারণ হয়ে দাঁড়িয়েছে, একটি দৃশ্যমান হলুদ বর্ণের তরল ঘা থেকে বেরিয়ে আসে।"
218,Impetigo,"I have also been experiencing flu-like symptoms, such as fever and body pain. I have noticed red rashes and blistering sores near my nose and lips. It's itchy and uncomfortable.",मैं भी बुखार और शरीर में दर्द जैसे फ्लू जैसे लक्षणों का अनुभव कर रहा हूं। मैंने अपनी नाक और होंठों के पास लाल चकत्ते और ब्लिस्टरिंग घावों पर ध्यान दिया है। यह खुजली और असहज है।,আমি জ্বর এবং শরীরের ব্যথার মতো ফ্লুর মতো লক্ষণগুলিও অনুভব করছি। আমি আমার নাক এবং ঠোঁটের কাছে লাল ফুসকুড়ি এবং ফোসকা ঘা লক্ষ্য করেছি। এটি চুলকানি এবং অস্বস্তিকর।
219,Impetigo,I am suffering from mild fever and headache. There are small sores near my nose and rashes on my neck. I am going through a very tough time right now.,मैं हल्के बुखार और सिरदर्द से पीड़ित हूं। मेरी नाक के पास छोटे घाव हैं और मेरी गर्दन पर चकत्ते हैं। मैं अभी बहुत कठिन समय से गुजर रहा हूं।,আমি হালকা জ্বর এবং মাথাব্যাতে ভুগছি। আমার নাকের কাছে ছোট ঘা এবং আমার ঘাড়ে ফুসকুড়ি রয়েছে। আমি এখনই খুব কঠিন সময় দিয়ে যাচ্ছি।
220,Impetigo,"There is a rash particularly bad around my nose, with large red sores that are painful and have yellow rust-colored ooze coming from them.","मेरी नाक के चारों ओर विशेष रूप से खराब है, बड़े लाल घावों के साथ जो दर्दनाक होते हैं और उनमें से पीले जंग के रंग का ऊज़ होता है।","আমার নাকের চারপাশে বিশেষত খারাপ একটি ফুসকুড়ি রয়েছে, বড় লাল ঘা যা বেদনাদায়ক এবং তাদের কাছ থেকে হলুদ মরিচা রঙের ooze আসছে।"
221,Impetigo,"There are sores on my face and mostly near my nose and lips. The sores are causing discomfort or pain, and there is a discharge of yellow or rust-colored fluid from them.","मेरे चेहरे पर घाव हैं और ज्यादातर मेरी नाक और होंठों के पास हैं। घावों से असुविधा या दर्द हो रहा है, और उनसे पीले या जंग के रंग के तरल पदार्थ का निर्वहन होता है।",আমার মুখে ঘা এবং বেশিরভাগ আমার নাক এবং ঠোঁটের কাছে রয়েছে। ঘাগুলি অস্বস্তি বা ব্যথা সৃষ্টি করছে এবং সেগুলি থেকে হলুদ বা মরিচা রঙের তরল স্রাব রয়েছে।
222,Impetigo,"I have been developing sores on my face and nose area. I am not sure what is causing this. The sores on my face are swollen and tender to the touch, and I have a burning sensation and redness of the skin.","मैं अपने चेहरे और नाक क्षेत्र पर घावों का विकास कर रहा हूं। मुझे यकीन नहीं है कि इसका कारण क्या है। मेरे चेहरे पर घाव सूजे हुए हैं और स्पर्श के लिए कोमल हैं, और मुझे त्वचा की जलन और लालिमा है।",আমি আমার মুখ এবং নাকের অঞ্চলে ঘা বিকাশ করছি। আমি নিশ্চিত নই যে এটি কী ঘটছে। আমার মুখের ঘাগুলি ফোলা এবং স্পর্শে কোমল এবং আমার ত্বকের জ্বলন্ত সংবেদন এবং লালভাব রয়েছে।
223,Impetigo,"The rash on my face has become more painful and inflamed over the past few days, and the sores are beginning to weep clear fluid. It is getting extremely painful with each day.","मेरे चेहरे पर दाने पिछले कुछ दिनों में अधिक दर्दनाक और सूजन हो गई है, और घावों को स्पष्ट तरल पदार्थ रोने लगा है। यह प्रत्येक दिन के साथ बेहद दर्दनाक हो रहा है।",আমার মুখের ফুসকুড়ি গত কয়েক দিন ধরে আরও বেদনাদায়ক এবং ফুলে উঠেছে এবং ঘাগুলি পরিষ্কার তরল কাঁদতে শুরু করেছে। এটি প্রতিটি দিনের সাথে অত্যন্ত বেদনাদায়ক হয়ে উঠছে।
224,Impetigo,I have rashes on my face. I am starting to have small sores around my nose and often a yellow fluid comes out of the sores. The sores are becoming extremely painful.,मेरे चेहरे पर चकत्ते हैं। मैं अपनी नाक के चारों ओर छोटे घाव शुरू कर रहा हूं और अक्सर एक पीला तरल पदार्थ घावों से बाहर आता है। घाव बेहद दर्दनाक हो रहे हैं।,আমার মুখে ফুসকুড়ি আছে। আমি আমার নাকের চারপাশে ছোট ঘা পেতে শুরু করি এবং প্রায়শই একটি হলুদ তরল ঘা থেকে বেরিয়ে আসে। ঘাগুলি অত্যন্ত বেদনাদায়ক হয়ে উঠছে।
225,Impetigo,"I am feeling really sick. I have a high fever and headache. I noticed rashes on my arms and face. I am extremely worried about this. Today, I observed red sores near my nose.","मैं वास्तव में बीमार महसूस कर रहा हूं। मुझे तेज बुखार और सिरदर्द है। मैंने अपनी बाहों और चेहरे पर चकत्ते देखे। मैं इस बारे में बेहद चिंतित हूं। आज, मैंने अपनी नाक के पास लाल घावों को देखा।","আমি সত্যিই অসুস্থ বোধ করছি। আমার উচ্চ জ্বর এবং মাথাব্যথা আছে। আমি আমার বাহু এবং মুখে ফুসকুড়ি লক্ষ্য করলাম। আমি এই সম্পর্কে অত্যন্ত চিন্তিত। আজ, আমি আমার নাকের কাছে লাল ঘা পর্যবেক্ষণ করেছি।"
226,Impetigo,"I've been suffering from a high fever for the past few days. Sores are forming around my nose and there are rashes on different parts of my body. The sores are severe, and I'm feeling really uneasy these days.","मैं पिछले कुछ दिनों से तेज बुखार से पीड़ित हूं। मेरी नाक के चारों ओर घाव हो रहे हैं और मेरे शरीर के विभिन्न हिस्सों पर चकत्ते हैं। घाव गंभीर हैं, और मैं इन दिनों वास्तव में असहज महसूस कर रहा हूं।","আমি গত কয়েক দিন ধরে একটি উচ্চ জ্বরতে ভুগছি। আমার নাকের চারপাশে ঘা তৈরি হচ্ছে এবং আমার দেহের বিভিন্ন অংশে ফুসকুড়ি রয়েছে। ঘাগুলি মারাত্মক, এবং আমি আজকাল সত্যিই অস্বস্তি বোধ করছি।"
227,Impetigo,I have a high fever and am really weak. My face has gotten sores. The blisters are itchy and painful. A yellow ooze frequently leaks from the wounds.,मुझे तेज बुखार है और मैं वास्तव में कमजोर हूं। मेरे चेहरे पर घाव हो गए हैं। फफोले खुजली और दर्दनाक हैं। एक पीले रंग का ऊज़ अक्सर घावों से लीक होता है।,আমার উচ্চ জ্বর রয়েছে এবং আমি সত্যিই দুর্বল। আমার মুখ ঘা পেয়েছে। ফোস্কা চুলকানি এবং বেদনাদায়ক। একটি হলুদ ooze ঘন ঘন ক্ষত থেকে ফাঁস হয়।
228,Impetigo,"I am experiencing skin rashes with burning sores. The blistering sores are fluid-filled, elevated, red colored lesions that are unpleasant to touch. I also have a high fever.","मैं जलते हुए घावों के साथ त्वचा चकत्ते का अनुभव कर रहा हूं। ब्लिस्टरिंग घावों में तरल पदार्थ से भरे, ऊंचे, लाल रंग के घाव होते हैं जो स्पर्श करने के लिए अप्रिय होते हैं। मुझे भी तेज बुखार है।","আমি জ্বলন্ত ঘা দিয়ে ত্বকের ফুসকুড়ি অনুভব করছি। ফোস্কা ঘাগুলি তরল ভরা, এলিভেটেড, লাল রঙিন ক্ষত যা স্পর্শ করতে অপ্রীতিকর। আমারও উচ্চ জ্বর রয়েছে।"
229,Impetigo,"I believe I have some skin disease. There are rashes on my face and small sores near my nose. The sores have become red, and painful and some kind of a yellow ooze discharges from them.","मुझे विश्वास है कि मुझे कुछ त्वचा की बीमारी है। मेरे चेहरे पर चकत्ते और मेरी नाक के पास छोटे घाव हैं। घाव लाल हो गए हैं, और दर्दनाक और किसी तरह के पीले रंग के ओज डिस्चार्ज हो गए हैं।","আমি বিশ্বাস করি আমার কিছু ত্বকের রোগ আছে। আমার মুখে ফুসকুড়ি এবং আমার নাকের কাছে ছোট ঘা রয়েছে। ঘাগুলি লাল, এবং বেদনাদায়ক হয়ে উঠেছে এবং তাদের কাছ থেকে এক ধরণের হলুদ ooze স্রাব হয়ে গেছে।"
230,Impetigo,"I have noticed that the sores on my face are healing more slowly and are more likely to become infected. My cheek sores are large, painful to the touch, and extremely difficult to handle. I can't seem to get rid of these sores.","मैंने देखा है कि मेरे चेहरे पर घाव अधिक धीरे -धीरे ठीक हो रहे हैं और संक्रमित होने की अधिक संभावना है। मेरे गाल के घाव बड़े हैं, स्पर्श के लिए दर्दनाक हैं, और संभालना बेहद मुश्किल है। मैं इन घावों से छुटकारा नहीं पा सकता।","আমি লক্ষ্য করেছি যে আমার মুখের ঘাগুলি আরও ধীরে ধীরে নিরাময় করছে এবং সংক্রামিত হওয়ার সম্ভাবনা বেশি। আমার গালের ঘা বড়, স্পর্শে বেদনাদায়ক এবং পরিচালনা করা অত্যন্ত কঠিন। আমি এই ঘা থেকে মুক্তি পেতে পারি না বলে মনে হচ্ছে।"
231,Impetigo,"I am having a high fever. I've had a skin rash on my face, neck and arms. The rash is made up of burning red lesions. I'm concerned about my health.","मुझे तेज बुखार हो रहा है। मेरे चेहरे, गर्दन और बाहों पर एक त्वचा चकत्ते है। दाने लाल घावों को जलाने से बना है। मैं अपने स्वास्थ्य के बारे में चिंतित हूं।","আমার উচ্চ জ্বর হচ্ছে। আমার মুখ, ঘাড় এবং বাহুতে ত্বকের ফুসকুড়ি ছিল। ফুসকুড়ি জ্বলন্ত লাল ক্ষত দ্বারা গঠিত। আমি আমার স্বাস্থ্য সম্পর্কে উদ্বিগ্ন।"
232,Impetigo,"I've acquired skin rashes with blistering sores. The blistering sores are fluid-filled, elevated lesions that are unpleasant to touch. I'm also running a high fever.","मैंने ब्लिस्टरिंग सोर्स के साथ स्किन रेशों का अधिग्रहण किया है। ब्लिस्टरिंग घावों को तरल पदार्थ से भरे, ऊंचे घाव होते हैं जो स्पर्श करने के लिए अप्रिय होते हैं। मैं भी तेज बुखार चला रहा हूं।","আমি ফোস্কা ঘা দিয়ে ত্বকের ফুসকুড়ি অর্জন করেছি। ফোস্কা ঘাগুলি তরল ভরা, এলিভেটেড ক্ষত যা স্পর্শ করতে অপ্রীতিকর। আমিও একটি উচ্চ জ্বর চালাচ্ছি।"
233,Impetigo,"I'm running a high temperature. Near my nose, red sores are forming. The lesions are painful, and yellow rust-colored fluid is oozing from them.","मैं एक उच्च तापमान चला रहा हूं। मेरी नाक के पास, लाल घाव बन रहे हैं। घाव दर्दनाक होते हैं, और पीले जंग के रंग का तरल पदार्थ उनसे ओजिंग है।","আমি একটি উচ্চ তাপমাত্রা চালাচ্ছি। আমার নাকের কাছে, লাল ঘা তৈরি হচ্ছে। ক্ষতগুলি বেদনাদায়ক, এবং হলুদ মরিচা রঙের তরল সেগুলি থেকে oozing হয়।"
234,Impetigo,"I have rashes around my nose, as well as huge red sores. The rash is spreading to other places on my body, as I've seen. In addition, I have a high temperature every night.","मेरी नाक के चारों ओर चकत्ते हैं, साथ ही साथ विशाल लाल घाव भी हैं। दाने मेरे शरीर पर अन्य स्थानों पर फैल रहा है, जैसा कि मैंने देखा है। इसके अलावा, मेरे पास हर रात एक उच्च तापमान है।","আমার নাকের চারপাশে ফুসকুড়ি রয়েছে, পাশাপাশি বিশাল লাল ঘাও রয়েছে। ফুসকুড়ি আমার দেহের অন্যান্য জায়গায় ছড়িয়ে পড়ছে, যেমনটি আমি দেখেছি। এছাড়াও, প্রতি রাতে আমার উচ্চ তাপমাত্রা থাকে।"
235,Impetigo,My cheeks and nose are covered with red sores. I've observed that the rash on my neck and chest is spreading faster. I am also developing a mild fever.,मेरे गाल और नाक लाल घावों से ढंके हुए हैं। मैंने देखा है कि मेरी गर्दन और छाती पर दाने तेजी से फैल रही है। मैं एक हल्का बुखार भी विकसित कर रहा हूं।,আমার গাল এবং নাক লাল ঘা দিয়ে covered াকা আছে। আমি লক্ষ্য করেছি যে আমার ঘাড় এবং বুকে ফুসকুড়ি দ্রুত ছড়িয়ে পড়ছে। আমি একটি হালকা জ্বরও বিকাশ করছি।
236,Impetigo,My nasal sores have crusted up and become difficult to touch. The wounds used to leak a yellow-rust coloured fluid. It is taking a lot longer to deal with using medication.,मेरे नाक के घावों को उखाड़ दिया गया है और छूना मुश्किल हो गया है। घाव एक पीले-रस्ट रंग के तरल पदार्थ को रिसाव करते थे। दवा का उपयोग करने से निपटने में बहुत अधिक समय लग रहा है।,আমার অনুনাসিক ঘাগুলি ক্রাস্ট হয়ে গেছে এবং স্পর্শ করা কঠিন হয়ে পড়েছে। ক্ষতগুলি হলুদ রঙের রঙিন তরল ফাঁস করতে ব্যবহৃত হত। ওষুধ ব্যবহার করে মোকাবেলা করতে এটি অনেক বেশি সময় নিচ্ছে।
237,Impetigo,"A few days ago, I experienced a tiny rash around my nose. The rash is now accompanied by a burning feeling and skin redness and discharge of fluid. I believe it is some sort of infection.","कुछ दिनों पहले, मैंने अपनी नाक के चारों ओर एक छोटे से दाने का अनुभव किया। दाने अब एक जलती हुई भावना और त्वचा की लालिमा और द्रव के निर्वहन के साथ है। मेरा मानना ​​है कि यह किसी प्रकार का संक्रमण है।","কিছু দিন আগে, আমি আমার নাকের চারপাশে একটি ছোট ফুসকুড়ি অনুভব করেছি। ফুসকুড়ি এখন জ্বলন্ত অনুভূতি এবং ত্বকের লালভাব এবং তরল স্রাবের সাথে রয়েছে। আমি বিশ্বাস করি এটি একরকম সংক্রমণ।"
238,Impetigo,"Small red sores appeared near my nose and neck at first. I now have a high temperature, and the sores have gotten more painful and inflamed in recent days.","पहले मेरी नाक और गर्दन के पास छोटे लाल घाव दिखाई दिए। अब मेरे पास एक उच्च तापमान है, और हाल के दिनों में घावों ने अधिक दर्दनाक और सूजन प्राप्त किया है।",প্রথমে আমার নাক এবং ঘাড়ের কাছে ছোট লাল ঘা উপস্থিত হয়েছিল। আমার এখন একটি উচ্চ তাপমাত্রা রয়েছে এবং সাম্প্রতিক দিনগুলিতে ঘাগুলি আরও বেদনাদায়ক এবং ফুলে উঠেছে।
239,Impetigo,"A rash has developed around my nose and lips, with huge red lesions that are painful and emit a yellow rust-colored fluid.","मेरी नाक और होंठों के चारों ओर एक दाने विकसित हुई है, जिसमें विशाल लाल घाव होते हैं जो दर्दनाक होते हैं और एक पीले जंग के रंग के तरल पदार्थ का उत्सर्जन करते हैं।","আমার নাক এবং ঠোঁটের চারপাশে একটি ফুসকুড়ি বিকশিত হয়েছে, বিশাল লাল ক্ষত যা বেদনাদায়ক এবং একটি হলুদ মরিচা রঙের তরল নির্গত করে।"
240,Impetigo,"My face is covered in sores. Most of them are near my nose and lips. The lesions are causing discomfort or suffering, and a yellow or rust-colored fluid is oozing from them.","मेरा चेहरा घावों में ढंका हुआ है। उनमें से ज्यादातर मेरी नाक और होंठों के पास हैं। घाव असुविधा या पीड़ा का कारण बन रहे हैं, और एक पीला या जंग के रंग का तरल पदार्थ उनसे ओजिंग है।",আমার মুখ ঘরে covered াকা আছে। তাদের বেশিরভাগই আমার নাক এবং ঠোঁটের কাছে রয়েছে। ক্ষতগুলি অস্বস্তি বা দুর্ভোগ সৃষ্টি করছে এবং একটি হলুদ বা মরিচা বর্ণের তরল সেগুলি থেকে ঝলমলে করছে।
241,Impetigo,"I've started getting sores on my face and nose. I have no idea what is causing this. My cheek sores are large and irritating to the touch, and I have a burning feeling and skin redness.","मुझे अपने चेहरे और नाक पर घाव होने लगा है। मुझे नहीं पता कि इसका क्या कारण है। मेरे गाल के घाव बड़े हैं और स्पर्श से परेशान हैं, और मुझे एक जलती हुई भावना और त्वचा की लालिमा है।",আমি আমার মুখ এবং নাকের উপর ঘা পেতে শুরু করেছি। এর কারণ কী তা আমার কোনও ধারণা নেই। আমার গালের ঘাগুলি বড় এবং স্পর্শে বিরক্তিকর এবং আমার জ্বলন্ত অনুভূতি এবং ত্বকের লালভাব রয়েছে।
242,Impetigo,"Over the last two days, the rash on my face has gotten more severe and inflamed, and the blisters have begun to bleed clear pus. It is really painful to deal with.","पिछले दो दिनों में, मेरे चेहरे पर दाने और अधिक गंभीर और सूजन हो गई है, और फफोले ने स्पष्ट मवाद को खून बहाना शुरू कर दिया है। इससे निपटने के लिए यह वास्तव में दर्दनाक है।","গত দু'দিন ধরে, আমার মুখের ফুসকুড়ি আরও তীব্র এবং ফুলে উঠেছে এবং ফোসকাগুলি পরিষ্কার পুসে রক্তপাত শুরু করেছে। এটি মোকাবেলা করা সত্যিই বেদনাদায়ক।"
243,Impetigo,"I feel I have a skin condition. My face has rashes and little blisters around my nose. The wounds have turned red and painful, and a yellow liquid is oozing from them.","मुझे लगता है कि मुझे त्वचा की स्थिति है। मेरे चेहरे पर मेरी नाक के चारों ओर चकत्ते और छोटे फफोले हैं। घाव लाल और दर्दनाक हो गए हैं, और एक पीला तरल उनसे ओजिंग कर रहा है।",আমার মনে হয় আমার ত্বকের অবস্থা আছে। আমার মুখের ফুসকুড়ি এবং আমার নাকের চারপাশে সামান্য ফোস্কা রয়েছে। ক্ষতগুলি লাল এবং বেদনাদায়ক হয়ে উঠেছে এবং তাদের কাছ থেকে একটি হলুদ তরল oo োছে।
244,Impetigo,"I've observed that the lesions on my face are healing slower and are more prone to infection. The lesions on my cheeks are huge, unpleasant to the touch, and incredibly difficult to treat. I can't seem to get these sores to go away.","मैंने देखा है कि मेरे चेहरे पर घाव धीमी गति से हैं और संक्रमण के लिए अधिक प्रवण हैं। मेरे गालों पर घाव विशाल हैं, स्पर्श के लिए अप्रिय हैं, और इलाज के लिए अविश्वसनीय रूप से मुश्किल है। मैं इन घावों को दूर जाने के लिए नहीं कर सकता।","আমি লক্ষ্য করেছি যে আমার মুখের ক্ষতগুলি ধীরে ধীরে নিরাময় করছে এবং সংক্রমণের ঝুঁকিতে রয়েছে। আমার গালের ক্ষতগুলি বিশাল, স্পর্শে অপ্রীতিকর এবং চিকিত্সা করা অবিশ্বাস্যভাবে কঠিন। আমি এই ঘাগুলি দূরে যেতে হবে বলে মনে হচ্ছে না।"
245,Impetigo,"I'm running a high temperature. I've developed a rash on my face, neck, and arms. The rash consists of painful red lesions. My health is a concern for me.","मैं एक उच्च तापमान चला रहा हूं। मैंने अपने चेहरे, गर्दन और बाहों पर एक दाने विकसित किया है। दाने में दर्दनाक लाल घाव होते हैं। मेरा स्वास्थ्य मेरे लिए एक चिंता का विषय है।","আমি একটি উচ্চ তাপমাত্রা চালাচ্ছি। আমি আমার মুখ, ঘাড় এবং বাহুতে একটি ফুসকুড়ি বিকাশ করেছি। ফুসকুড়ি বেদনাদায়ক লাল ক্ষত নিয়ে গঠিত। আমার স্বাস্থ্য আমার জন্য উদ্বেগ।"
246,Impetigo,"Over the last week, the rash on my face has gotten more severe and painful, and the sores have begun to discharge a yellow colored fluid. It's becoming increasingly painful by the day.","पिछले हफ्ते में, मेरे चेहरे पर दाने अधिक गंभीर और दर्दनाक हो गए हैं, और घावों ने एक पीले रंग के तरल पदार्थ का निर्वहन करना शुरू कर दिया है। यह दिन में तेजी से दर्दनाक होता जा रहा है।","গত সপ্তাহে, আমার মুখের ফুসকুড়ি আরও তীব্র এবং বেদনাদায়ক হয়ে উঠেছে এবং ঘাগুলি হলুদ বর্ণের তরল স্রাব করতে শুরু করেছে। এটি দিন দিন ক্রমশ বেদনাদায়ক হয়ে উঠছে।"
247,Impetigo,"I've had rashes on my face. I'm developing little sores around my nose, and a yellow ooze is frequently oozing from them. The lesions have become even more painful.","मेरे चेहरे पर चकत्ते थे। मैं अपनी नाक के चारों ओर छोटे घावों को विकसित कर रहा हूं, और एक पीला ऊज़ अक्सर उनसे ओजिंग कर रहा है। घाव और भी दर्दनाक हो गए हैं।","আমার মুখে ফুসকুড়ি ছিল। আমি আমার নাকের চারপাশে সামান্য ঘা বিকাশ করছি, এবং একটি হলুদ ooze তাদের কাছ থেকে প্রায়শই ঝাপটায়। ক্ষত আরও বেদনাদায়ক হয়ে উঠেছে।"
248,Impetigo,I'm feeling quite ill. I have a high fever and a headache. Rashes appeared on my arms and face. I'm quite concerned about this. I saw red sores around my nose and lips today.,मैं काफी बीमार महसूस कर रहा हूं। मुझे तेज बुखार और सिरदर्द है। मेरी बाहों और चेहरे पर चकत्ते दिखाई दिए। मैं इस बारे में काफी चिंतित हूं। मैंने आज अपनी नाक और होंठों के चारों ओर लाल घाव देखे।,আমি বেশ অসুস্থ বোধ করছি। আমার উচ্চ জ্বর এবং মাথা ব্যথা আছে। আমার বাহু এবং মুখে ফুসকুড়ি হাজির। আমি এই সম্পর্কে বেশ উদ্বিগ্ন। আমি আজ আমার নাক এবং ঠোঁটের চারপাশে লাল ঘা দেখেছি।
249,Impetigo,"The rashes on my face are not healing. I tried some medications but it is not helping much. Recently, I noticed small sores near my nose. They are painful and very difficult to handle.","मेरे चेहरे पर चकत्ते ठीक नहीं हैं। मैंने कुछ दवाओं की कोशिश की लेकिन यह ज्यादा मदद नहीं कर रहा है। हाल ही में, मैंने अपनी नाक के पास छोटे घावों को देखा। वे दर्दनाक हैं और संभालना बहुत मुश्किल है।","আমার মুখের ফুসকুড়ি নিরাময় করছে না। আমি কিছু ওষুধ চেষ্টা করেছি কিন্তু এটি খুব বেশি সাহায্য করছে না। সম্প্রতি, আমি আমার নাকের কাছে ছোট ঘা লক্ষ্য করেছি। তারা বেদনাদায়ক এবং পরিচালনা করা খুব কঠিন।"
250,Dengue,I am facing severe joint pain and vomitting. I have developed a skin rash that covers my entire body and is accompanied by intense itching. ,मैं गंभीर जोड़ों के दर्द और उल्टी का सामना कर रहा हूं। मैंने एक त्वचा चकत्ते विकसित की है जो मेरे पूरे शरीर को कवर करती है और तीव्र खुजली के साथ होती है।,আমি তীব্র জয়েন্টে ব্যথা এবং বমি বমি ভাব করছি। আমি একটি ত্বকের ফুসকুড়ি তৈরি করেছি যা আমার পুরো শরীরকে covers েকে রাখে এবং তীব্র চুলকানি সহ।
251,Dengue,"I have been experiencing chills and shivering, despite being in a warm environment. My back pains all the time and there are red spots on my arms.","मैं गर्म वातावरण में होने के बावजूद, ठंड लगने और कंपकंपी का अनुभव कर रहा हूं। मेरी पीठ हर समय दर्द होता है और मेरी बाहों पर लाल धब्बे होते हैं।",উষ্ণ পরিবেশে থাকা সত্ত্বেও আমি শীতল ও কাঁপতে কাঁপতে যাচ্ছি। আমার পিঠে সর্বদা ব্যথা হয় এবং আমার বাহুতে লাল দাগ রয়েছে।
252,Dengue,"I have been experiencing severe joint pain that makes it difficult for me to move and perform my daily activities. Also, I have lost my apetite because of which I feel weak.","मैं गंभीर जोड़ों के दर्द का अनुभव कर रहा हूं जो मेरे लिए अपनी दैनिक गतिविधियों को स्थानांतरित करना और प्रदर्शन करना मुश्किल बनाता है। इसके अलावा, मैंने अपना एपेटाइट खो दिया है, जिसके कारण मैं कमजोर महसूस करता हूं।","আমি তীব্র জয়েন্টে ব্যথা অনুভব করছি যা আমার প্রতিদিনের ক্রিয়াকলাপগুলি স্থানান্তরিত করা এবং সম্পাদন করা আমার পক্ষে কঠিন করে তোলে। এছাড়াও, আমি আমার এপিটাইটটি হারিয়েছি যার কারণে আমি দুর্বল বোধ করি।"
253,Dengue,I have been vomiting frequently and have lost my appetite as a result. My joints and back pain all the time.,मैं अक्सर उल्टी कर रहा हूं और परिणामस्वरूप अपनी भूख खो चुकी है। मेरे जोड़ों और पीठ दर्द हर समय।,আমি ঘন ঘন বমি বমি করছি এবং ফলস্বরূপ আমার ক্ষুধা হারিয়েছি। আমার জয়েন্টগুলি এবং পিঠে ব্যথা সর্বদা।
254,Dengue,I have a high fever accompanied with severe headache and body pain. I experince chills every night. There is a distinct pain behind my eyes too.,मुझे गंभीर सिरदर्द और शरीर में दर्द के साथ तेज बुखार है। मैं हर रात ठंड लग रहा है। मेरी आँखों के पीछे भी एक अलग दर्द है।,মারাত্মক মাথাব্যথা এবং শরীরের ব্যথার সাথে আমার উচ্চ জ্বর রয়েছে। আমি প্রতি রাতে শীতল পরীক্ষা করি। আমার চোখের পিছনেও একটি স্বতন্ত্র ব্যথা রয়েছে।
255,Dengue,"I have been feeling extremely tired and fatigued, and I have no energy to do anything. I have developed rashes on my neck, which itch upon touching. ","मैं बेहद थका हुआ और थका हुआ महसूस कर रहा हूं, और मेरे पास कुछ भी करने के लिए कोई ऊर्जा नहीं है। मैंने अपनी गर्दन पर चकत्ते विकसित किए हैं, जो छूने पर खुजली करते हैं।","আমি অত্যন্ত ক্লান্ত এবং ক্লান্তি বোধ করছি এবং আমার কিছু করার শক্তি নেই। আমি আমার ঘাড়ে ফুসকুড়ি তৈরি করেছি, যা স্পর্শে চুলকানি করে।"
256,Dengue,I have been experiencing a severe headache that is accompanied by pain behind my eyes. I have lost my apetite and experience chills every night. ,मैं एक गंभीर सिरदर्द का अनुभव कर रहा हूं जो मेरी आंखों के पीछे दर्द के साथ है। मैंने अपना एपेटाइट खो दिया है और हर रात ठंड लगना है।,আমি আমার চোখের পিছনে ব্যথা সহ একটি গুরুতর মাথাব্যথা অনুভব করছি। আমি প্রতি রাতে আমার এপিটাইট এবং অভিজ্ঞতার শীতলতা হারিয়েছি।
257,Dengue,I have been feeling nauseous and have a constant urge to vomit. There is a strong pain behind my eyes and there are small red spots all over my arms.,मैं मिचली महसूस कर रहा हूं और उल्टी करने के लिए एक निरंतर आग्रह करता हूं। मेरी आँखों के पीछे एक मजबूत दर्द है और मेरी बाहों में छोटे लाल धब्बे हैं।,আমি বমি বমি ভাব বোধ করছি এবং বমি করার জন্য অবিচ্ছিন্ন তাগিদ রয়েছে। আমার চোখের পিছনে শক্ত ব্যথা রয়েছে এবং আমার বাহুতে ছোট ছোট লাল দাগ রয়েছে।
258,Dengue,I have developed red spots on my body that are itchy and inflamed. I am also experiencing high fever along with chills and shivering. ,मैंने अपने शरीर पर लाल धब्बे विकसित किए हैं जो खुजली और सूजन हैं। मैं भी ठंड लगने और कंपकंपी के साथ तेज बुखार का अनुभव कर रहा हूं।,আমি আমার শরীরে লাল দাগগুলি বিকাশ করেছি যা চুলকানি এবং স্ফীত। আমি শীতল ও কাঁপুনের পাশাপাশি উচ্চ জ্বরও অনুভব করছি।
259,Dengue,I have been experiencing muscle pain that makes it difficult for me to move around. I have lost my apetite and feel vomiting. My legs and back pain a lot. ,मुझे मांसपेशियों में दर्द हो रहा है जिससे मेरे लिए घूमना मुश्किल हो जाता है। मैंने अपना एपेटाइट खो दिया है और उल्टी महसूस की है। मेरे पैर और पीठ दर्द बहुत।,আমি পেশী ব্যথা অনুভব করছি যা আমার পক্ষে ঘুরে বেড়ানো কঠিন করে তোলে। আমি আমার অ্যাপিটি হারিয়েছি এবং বমি বোধ করছি। আমার পা এবং পিঠে ব্যথা অনেক।
260,Dengue,"I have been experiencing back pain that is worse when I sit or stand for a long time. Also, there are rashes all over my body. There is a pain behind my eyes too.","मैं पीठ दर्द का अनुभव कर रहा हूं जो तब और तब होता है जब मैं बैठता हूं या लंबे समय तक खड़ा होता हूं। इसके अलावा, मेरे शरीर में पूरे चकत्ते हैं। मेरी आँखों के पीछे भी दर्द है।","আমি যখন বসে থাকি বা দীর্ঘ সময় দাঁড়িয়ে থাকি তখন আমি পিঠে ব্যথা অনুভব করছি যা আরও খারাপ। এছাড়াও, আমার সারা শরীর জুড়ে ফুসকুড়ি রয়েছে। আমার চোখের পিছনেও ব্যথা আছে।"
261,Dengue,The skin rash I have developed is accompanied by redness and swelling. I don’t feel well as I have severe fever accompanied with body pain.,मेरे द्वारा विकसित की गई त्वचा दाने लालिमा और सूजन के साथ है। मैं अच्छी तरह से महसूस नहीं करता हूं क्योंकि मुझे शरीर के दर्द के साथ गंभीर बुखार है।,আমি যে ত্বকের ফুসকুড়ি বিকাশ করেছি তা হ'ল লালভাব এবং ফোলাভাব। শরীরের ব্যথার সাথে আমার তীব্র জ্বর রয়েছে বলে আমি ভাল অনুভব করি না।
262,Dengue,The chills and shivering I have been experiencing are accompanied by a feeling of coldness and high fever. I have also developed rashes on my arms and red spots on my neck.,"मुझे जो ठंड लग रही है, वह ठंड लग रही है, ठंडक और तेज बुखार की भावना के साथ। मैंने अपनी बाहों पर चकत्ते और अपनी गर्दन पर लाल धब्बे भी विकसित किए हैं।",আমি যে শীতল ও কাঁপুনির মুখোমুখি হয়েছি তা হ'ল শীতলতা এবং উচ্চ জ্বরের অনুভূতি সহ। আমি আমার বাহুতে ফুসকুড়ি এবং আমার ঘাড়ে লাল দাগও বিকাশ করেছি।
263,Dengue,"The joint pain I have been experiencing is severe and feels like a constant ache. My head aches most of the time and I am starting to develope mild fever, accompanied with chills. ","मुझे जो संयुक्त दर्द हो रहा है, वह गंभीर है और एक निरंतर दर्द की तरह लगता है। मेरा सिर ज्यादातर समय दर्द करता है और मैं मंडली के साथ हल्के बुखार को विकसित करना शुरू कर रहा हूं।",আমি যে জয়েন্টে ব্যথা অনুভব করছি তা তীব্র এবং এটি ধ্রুবক ব্যথার মতো অনুভব করে। আমার মাথাটি বেশিরভাগ সময় ব্যথা করে এবং আমি শীতল জ্বরের সাথে ঠান্ডা হয়ে পড়েছি।
264,Dengue,The vomiting I have been experiencing is accompanied by stomach cramps and dizziness. I have lost my apetite and feel weak as a result. There is a pain behind my eyes too.,"मैं जिस उल्टी का अनुभव कर रहा हूं, वह पेट में ऐंठन और चक्कर आना है। मैंने अपना एपेटाइट खो दिया है और परिणामस्वरूप कमजोर महसूस किया है। मेरी आँखों के पीछे भी दर्द है।",আমি যে বমি বমি করছি তা পেটের বাধা এবং মাথা ঘোরাও রয়েছে। আমি আমার এপিটাইটটি হারিয়েছি এবং ফলস্বরূপ দুর্বল বোধ করছি। আমার চোখের পিছনেও ব্যথা আছে।
265,Dengue,The high fever I have been experiencing is accompanied by sweating and weakness. My muscles pain as a result I cannot work all day. ,"मुझे जो उच्च बुखार अनुभव कर रहा है, वह पसीना और कमजोरी के साथ है। परिणामस्वरूप मेरी मांसपेशियों में दर्द होता है मैं पूरे दिन काम नहीं कर सकता।",আমি যে উচ্চ জ্বরের মুখোমুখি হয়েছি তা ঘাম এবং দুর্বলতা সহ। ফলস্বরূপ আমার পেশী ব্যথা আমি সারা দিন কাজ করতে পারি না।
266,Dengue,"The fatigue I have been feeling is extreme and makes it difficult for me to perform even basic tasks. I feel vomitting and developed rashes on my arms, neck and legs. ","मैं जिस थकान को महसूस कर रहा हूं वह चरम है और मेरे लिए बुनियादी कार्यों को भी करना मुश्किल है। मैं अपनी बाहों, गर्दन और पैरों पर उल्टी और विकसित चकत्ते महसूस करता हूं।","আমি যে ক্লান্তি অনুভব করছি তা চরম এবং আমার পক্ষে এমনকি মৌলিক কাজগুলি সম্পাদন করা কঠিন করে তোলে। আমি আমার বাহু, ঘাড় এবং পায়ে বমি বমি ভাব এবং বিকাশ বোধ করি।"
267,Dengue,The headache I have been experiencing is severe and is accompanied by a feeling of pressure in my head. I have mild fever along with headache. There are small red spots on my back.,मेरे द्वारा अनुभव किया गया सिरदर्द गंभीर है और मेरे सिर में दबाव की भावना के साथ है। मुझे सिरदर्द के साथ हल्का बुखार है। मेरी पीठ पर छोटे लाल धब्बे हैं।,আমি যে মাথাব্যথা অনুভব করছি তা মারাত্মক এবং আমার মাথায় চাপের অনুভূতি সহ। মাথাব্যথার পাশাপাশি আমার হালকা জ্বর রয়েছে। আমার পিঠে ছোট ছোট লাল দাগ রয়েছে।
268,Dengue,The nausea I have been feeling is accompanied by a loss of appetite and feeling of unease. There is a distinct pain in my back and muscles pain too. ,"मैं जो मतली महसूस कर रहा हूं, वह भूख की हानि और बेचैनी की भावना के साथ है। मेरी पीठ में एक अलग दर्द है और मांसपेशियों में दर्द भी है।",আমি যে বমি বমি ভাব অনুভব করছি তা হ'ল ক্ষুধা হ্রাস এবং উদ্বেগের অনুভূতি। আমার পিঠে একটি স্বতন্ত্র ব্যথা এবং পেশীগুলিও ব্যথা করে।
269,Dengue,The muscle pain I have been experiencing is severe and feels like a constant ache. There are red spots all over my body and the itching is causing me a lot of discomfort.,"मैं जिस मांसपेशी दर्द का अनुभव कर रहा हूं, वह गंभीर है और एक निरंतर दर्द की तरह लगता है। मेरे शरीर पर लाल धब्बे हैं और खुजली मुझे बहुत असुविधा हो रही है।",আমি যে পেশী ব্যথা অনুভব করছি তা তীব্র এবং এটি ধ্রুবক ব্যথার মতো অনুভব করে। আমার সারা শরীর জুড়ে লাল দাগ রয়েছে এবং চুলকানি আমাকে অনেক অস্বস্তি সৃষ্টি করছে।
270,Dengue,"I have developed a skin rash that covers my entire body and is accompanied by intense itching. My body pains and I have a mild fever, acompanied with headache and chills.","मैंने एक त्वचा चकत्ते विकसित की है जो मेरे पूरे शरीर को कवर करती है और तीव्र खुजली के साथ होती है। मेरे शरीर में दर्द होता है और मुझे एक हल्का बुखार होता है, सिरदर्द और ठंड लगने के साथ।","আমি একটি ত্বকের ফুসকুড়ি তৈরি করেছি যা আমার পুরো শরীরকে covers েকে রাখে এবং তীব্র চুলকানি সহ। আমার শরীরের ব্যথা হয় এবং আমার হালকা জ্বর হয়, মাথা ব্যথা এবং ঠাণ্ডা দিয়ে আকম্প্যান করা হয়।"
271,Dengue,"I'm experiencing extreme body pain, headache and vomiting. I've developed red spots that covers my entire body and causes severe itching.","मैं चरम शरीर में दर्द, सिरदर्द और उल्टी का अनुभव कर रहा हूं। मैंने लाल धब्बे विकसित किए हैं जो मेरे पूरे शरीर को कवर करता है और गंभीर खुजली का कारण बनता है।","আমি শরীরের চরম ব্যথা, মাথাব্যথা এবং বমি বমিভাব অনুভব করছি। আমি লাল দাগগুলি বিকাশ করেছি যা আমার পুরো শরীরকে covers েকে রাখে এবং মারাত্মক চুলকানি সৃষ্টি করে।"
272,Dengue,"My back hurts all the time, and my arms and neck have rashes. The back of eyes pain a lot. I also have fever and it is making we worried about my health.","मेरी पीठ हर समय दर्द होती है, और मेरी बाहों और गर्दन में चकत्ते होते हैं। आंखों के पीछे बहुत दर्द होता है। मुझे भी बुखार है और यह हम अपने स्वास्थ्य के बारे में चिंतित हैं।",আমার পিঠে সর্বদা ব্যথা হয় এবং আমার বাহু এবং ঘাড়ে ফুসকুড়ি হয়। চোখের পিছনে অনেক ব্যথা হয়। আমারও জ্বর রয়েছে এবং এটি আমাদের স্বাস্থ্য সম্পর্কে উদ্বিগ্ন করে তুলছে।
273,Dengue,"I've been suffering from significant joint pain, which makes it difficult for me to walk and carry out my everyday tasks. I've also lost my appetite, which makes me feel weak and feel like vomitting.","मैं महत्वपूर्ण जोड़ों के दर्द से पीड़ित हूं, जिससे मेरे लिए अपने रोजमर्रा के कार्यों को चलना और करना मुश्किल हो गया। मैंने अपनी भूख भी खो दी है, जिससे मुझे कमजोर महसूस होता है और उल्टी महसूस होती है।","আমি উল্লেখযোগ্য জয়েন্টে ব্যথায় ভুগছি, যা আমার পক্ষে আমার প্রতিদিনের কাজগুলি চালানো এবং পরিচালনা করা কঠিন করে তোলে। আমি আমার ক্ষুধাও হারিয়েছি, যা আমাকে দুর্বল মনে করে এবং বমি বমি ভাব অনুভব করে।"
274,Dengue,There is a constant behind my eyes. I have developed red spots on my neck and face and rashes on my arms. My arms and legs pain a lot. . The spots are itchy and uncomfortable and it is worrying me.,मेरी आँखों के पीछे एक निरंतरता है। मैंने अपनी गर्दन और चेहरे पर लाल धब्बे विकसित किए हैं और मेरी बाहों पर चकत्ते हैं। मेरे हाथ और पैर बहुत दर्द करते हैं। । स्पॉट खुजली और असहज हैं और यह मुझे चिंता कर रहा है।,আমার চোখের পিছনে একটি ধ্রুবক আছে। আমি আমার ঘাড়ে এবং মুখে লাল দাগ তৈরি করেছি এবং আমার বাহুতে ফুসকুড়ি করেছি। আমার বাহু ও পা প্রচুর ব্যথা করে। । দাগগুলি চুলকানি এবং অস্বস্তিকর এবং এটি আমাকে উদ্বেগজনক।
275,Dengue,"I've been feeling sick and feel a strong need to vomit. There is a sharp ache behind my eyes, and swollen red dots all over my back.","मैं बीमार महसूस कर रहा हूं और उल्टी करने की मजबूत जरूरत महसूस कर रहा हूं। मेरी आँखों के पीछे एक तेज दर्द है, और मेरी पीठ पर लाल डॉट्स को सूज गया है।",আমি অসুস্থ বোধ করছি এবং বমি করার একটি শক্তিশালী প্রয়োজন বোধ করছি। আমার চোখের পিছনে একটি তীব্র ব্যথা রয়েছে এবং আমার পিছনে সমস্ত ফোলা লাল বিন্দু রয়েছে।
276,Dengue,My shivers and shivering have been accompanied with a sensation of coldness and a very high fever. Rashes on my arms and red patches on my neck have also appeared. ,मेरी कांपना और कंपकंपी के साथ ठंडक और बहुत तेज बुखार की अनुभूति हुई है। मेरी बाहों पर चकत्ते और मेरी गर्दन पर लाल पैच भी दिखाई दिए हैं।,আমার শাওয়ার এবং কাঁপুনি দিয়ে শীতলতার সংবেদন এবং খুব উচ্চ জ্বরের সাথে রয়েছে। আমার বাহুতে ফুসকুড়ি এবং আমার ঘাড়ে লাল প্যাচগুলিও উপস্থিত হয়েছে।
277,Dengue,"I have been suffering from severe joint ache. I feel vomiting most of the time, and I am developing a moderate fever with chills. The fever that doesn't seem to come down even with medication.","मैं गंभीर संयुक्त दर्द से पीड़ित रहा हूं। मैं ज्यादातर समय उल्टी महसूस करता हूं, और मैं ठंड लगने के साथ एक मध्यम बुखार विकसित कर रहा हूं। बुखार जो दवा के साथ भी नीचे नहीं आता है।",আমি মারাত্মক যৌথ ব্যথা ভুগছি। আমি বেশিরভাগ সময় বমি বমি ভাব অনুভব করি এবং আমি শীতল হয়ে একটি মাঝারি জ্বর বিকাশ করছি। জ্বর যা ওষুধ দিয়েও নেমে আসে বলে মনে হয় না।
278,Dengue,"The vomiting I've been having has been followed by stomach pains and dizziness. I've lost my appetite and as a result feel weak. My arms, back, neck pain most of the time.","मेरे पास जो उल्टी हो रही है, उसके बाद पेट में दर्द और चक्कर आना है। मैंने अपनी भूख खो दी है और परिणामस्वरूप कमजोर महसूस किया है। मेरी बाहें, पीठ, गर्दन का दर्द ज्यादातर समय।","আমি যে বমি বমি করছি তা পেটের ব্যথা এবং মাথা ঘোরা হয়েছে। আমি আমার ক্ষুধা হারিয়েছি এবং ফলস্বরূপ দুর্বল বোধ করছি। আমার বাহু, পিছনে, ঘাড়ের ব্যথা বেশিরভাগ সময়।"
279,Dengue,I have developed red spots on my arms and legs that are itchy and inflamed. I have been feeling nauseaus and have a constant urge to vomit. This is accomapanied by mild fever.,मैंने अपनी बाहों और पैरों पर लाल धब्बे विकसित किए हैं जो खुजली और सूजन हैं। मैं मतली महसूस कर रहा हूं और उल्टी करने का आग्रह करता हूं। यह हल्के बुखार के साथ होता है।,আমি আমার বাহু এবং পায়ে লাল দাগ তৈরি করেছি যা চুলকানি এবং ফুলে গেছে। আমি বমি বমি ভাব বোধ করছি এবং বমি করার জন্য অবিচ্ছিন্ন তাগিদ রয়েছে। এটি হালকা জ্বর দ্বারা পরিবেশন করা হয়।
280,Dengue,"I have developed a skin rash that covers my entire body. The rash is red and swollen, and is worse in certain areas such as my arms and legs. I have also lost my appetite. ","मैंने एक त्वचा दाने विकसित की है जो मेरे पूरे शरीर को कवर करती है। दाने लाल और सूज गए हैं, और कुछ क्षेत्रों में बदतर है जैसे कि मेरे हाथ और पैर। मैंने अपनी भूख भी खो दी है।",আমি একটি ত্বকের ফুসকুড়ি তৈরি করেছি যা আমার পুরো শরীরকে covers েকে দেয়। ফুসকুড়ি লাল এবং ফোলা এবং আমার বাহু এবং পায়ে যেমন নির্দিষ্ট কিছু অঞ্চলে আরও খারাপ। আমি আমার ক্ষুধাও হারিয়েছি।
281,Dengue,I have been experiencing chills and shivering. There is a strong pain in my back and also behind my eyes. I have also noticed small red spots on my back and neck. ,मैं ठंड लगने और कंपकंपी का अनुभव कर रहा हूं। मेरी पीठ में एक मजबूत दर्द है और मेरी आँखों के पीछे भी। मैंने अपनी पीठ और गर्दन पर छोटे लाल धब्बे भी देखे हैं।,আমি ঠাণ্ডা এবং কাঁপতে যাচ্ছি। আমার পিঠে এবং আমার চোখের পিছনেও শক্ত ব্যথা রয়েছে। আমি আমার পিঠে এবং ঘাড়ে ছোট লাল দাগগুলিও লক্ষ্য করেছি।
282,Dengue,I have been experiencing severe joint pain that is making my day very difficult. I feel like vomiting all the time and have a mild headache too.,मैं गंभीर जोड़ों के दर्द का अनुभव कर रहा हूं जो मेरे दिन को बहुत मुश्किल बना रहा है। मुझे लगता है कि हर समय उल्टी हो जाती है और हल्का सिरदर्द भी होता है।,আমি মারাত্মক জয়েন্টে ব্যথা অনুভব করছি যা আমার দিনটিকে খুব কঠিন করে তুলছে। আমি সব সময় বমি বমিভাবের মতো অনুভব করি এবং খুব হালকা মাথাব্যথাও করি।
283,Dengue,"I have been vomiting frequently and have lost my appetite as a result. There are rashes on my skin and my eyes pain, because of which I cannot sleep properly.","मैं अक्सर उल्टी कर रहा हूं और परिणामस्वरूप अपनी भूख खो चुकी है। मेरी त्वचा और मेरी आंखों में दर्द होता है, जिसके कारण मैं ठीक से सो नहीं सकता।","আমি ঘন ঘন বমি বমি করছি এবং ফলস্বরূপ আমার ক্ষুধা হারিয়েছি। আমার ত্বকে ফুসকুড়ি এবং আমার চোখের ব্যথা রয়েছে, কারণ আমি সঠিকভাবে ঘুমাতে পারি না।"
284,Dengue,I have a high fever along with a severe headache. The fever is accompanied by extreme body pain and chills. I am worried about my health and don’t know what to do.,मुझे गंभीर सिरदर्द के साथ तेज बुखार है। बुखार चरम शरीर में दर्द और ठंड लगना है। मैं अपने स्वास्थ्य के बारे में चिंतित हूं और नहीं जानता कि क्या करना है।,মারাত্মক মাথাব্যথার সাথে আমার উচ্চ জ্বর রয়েছে। জ্বরের সাথে চরম শরীরের ব্যথা এবং শীতল হয়। আমি আমার স্বাস্থ্য নিয়ে উদ্বিগ্ন এবং কী করতে হবে তা জানি না।
285,Dengue,"I have been feeling extremely tired and fatigued, and I have no energy to do anything. The fatigue is so severe that I struggle to get out of bed. I have noticed small red spots on my arms and legs. ","मैं बेहद थका हुआ और थका हुआ महसूस कर रहा हूं, और मेरे पास कुछ भी करने के लिए कोई ऊर्जा नहीं है। थकान इतनी गंभीर है कि मैं बिस्तर से बाहर निकलने के लिए संघर्ष करता हूं। मैंने अपनी बाहों और पैरों पर छोटे लाल धब्बे देखे हैं।",আমি অত্যন্ত ক্লান্ত এবং ক্লান্তি বোধ করছি এবং আমার কিছু করার শক্তি নেই। ক্লান্তি এত মারাত্মক যে আমি বিছানা থেকে উঠতে লড়াই করি। আমি আমার বাহু এবং পায়ে ছোট লাল দাগ লক্ষ্য করেছি।
286,Dengue,I have been experiencing a severe headache that is accompanied by pain behind my eyes. I feel tired and fatigued because of which I cannot work all day. I am worried about my health.,"मैं एक गंभीर सिरदर्द का अनुभव कर रहा हूं जो मेरी आंखों के पीछे दर्द के साथ है। मैं थका हुआ और थका हुआ महसूस करता हूं, जिसके कारण मैं पूरे दिन काम नहीं कर सकता। मैं अपने स्वास्थ्य को लेकर चिंतित हूं।",আমি আমার চোখের পিছনে ব্যথা সহ একটি গুরুতর মাথাব্যথা অনুভব করছি। আমি ক্লান্ত এবং ক্লান্তি বোধ করি যার কারণে আমি সারা দিন কাজ করতে পারি না। আমি আমার স্বাস্থ্য নিয়ে উদ্বিগ্ন।
287,Dengue,"I have been feeling nauseous and have a constant urge to vomit, which is accompanied with mild fever and headache. ","मैं मिचली महसूस कर रहा हूं और उल्टी के लिए एक निरंतर आग्रह करता हूं, जो हल्के बुखार और सिरदर्द के साथ होता है।","আমি বমি বমি ভাব বোধ করছি এবং বমি করার জন্য অবিচ্ছিন্ন তাগিদ রয়েছে, যা হালকা জ্বর এবং মাথাব্যথার সাথে রয়েছে।"
288,Dengue,I have developed rashes on my body that are itchy and. I have lost my appetite and feel very tired all day. I feel something is wrong with my body.,मैंने अपने शरीर पर चकत्ते विकसित किए हैं जो खुजली वाले हैं और। मैंने अपनी भूख खो दी है और पूरे दिन बहुत थका हुआ महसूस किया है। मुझे लगता है कि मेरे शरीर में कुछ गलत है।,আমি আমার শরীরে ফুসকুড়ি তৈরি করেছি যা চুলকানি এবং। আমি আমার ক্ষুধা হারিয়েছি এবং সারা দিন খুব ক্লান্ত বোধ করছি। আমি আমার শরীরের সাথে কিছু ভুল বলে মনে করি।
289,Dengue,"I have been experiencing muscle pain and headache. The muscle pain feels like a constant ache and is worse when I try to use the affected muscles. There are small red spots developing on my face, neck and arms.","मुझे मांसपेशियों में दर्द और सिरदर्द का अनुभव हो रहा है। मांसपेशियों में दर्द एक निरंतर दर्द की तरह लगता है और जब मैं प्रभावित मांसपेशियों का उपयोग करने की कोशिश करता हूं तो यह बदतर होता है। मेरे चेहरे, गर्दन और बाहों पर छोटे लाल धब्बे विकसित हो रहे हैं।","আমি পেশী ব্যথা এবং মাথাব্যথা অনুভব করছি। পেশী ব্যথা একটি ধ্রুবক ব্যথার মতো অনুভূত হয় এবং আমি যখন আক্রান্ত পেশীগুলি ব্যবহার করার চেষ্টা করি তখন আরও খারাপ হয়। আমার মুখ, ঘাড় এবং বাহুতে ছোট ছোট লাল দাগগুলি বিকাশ করছে।"
290,Dengue,"My back hurts, and I have rashes on my arms and armpits. The back of my eyeballs hurt a lot. I also have a mild fever, which is making us concerned about my health. ","मेरी पीठ में दर्द होता है, और मेरी बाहों और कांख पर चकत्ते हैं। मेरे नेत्रगोलक के पीछे बहुत चोट लगी। मुझे एक हल्का बुखार भी है, जो हमें अपने स्वास्थ्य के बारे में चिंतित कर रहा है।","আমার পিঠে ব্যথা হয়, এবং আমি আমার বাহু এবং বগলের উপর ফুসকুড়ি পেয়েছি। আমার চোখের পেছনের পিছনে অনেক আঘাত পেয়েছে। আমারও একটি হালকা জ্বর রয়েছে, যা আমাদের আমার স্বাস্থ্যের বিষয়ে উদ্বিগ্ন করে তুলছে।"
291,Dengue,"I am experiencing very high fever and chills every night. It is really concerning me. Moreover, I don’t feel like eating anything and my back, arms, legs pain a lot. There is a strange pain behing my eyes. I can’t do any physical activities. ","मैं हर रात बहुत तेज बुखार और ठंड लग रहा हूं। यह वास्तव में मेरे विषय में है। इसके अलावा, मुझे कुछ भी खाने का मन नहीं है और मेरी पीठ, हाथ, पैर बहुत दर्द है। मेरी आँखों से एक अजीब दर्द है। मैं कोई शारीरिक गतिविधि नहीं कर सकता।","আমি প্রতি রাতে খুব উচ্চ জ্বর এবং শীতল হয়ে যাচ্ছি। এটা সত্যিই আমার সম্পর্কে। তদুপরি, আমি কিছু খাওয়ার মতো অনুভব করি না এবং আমার পিঠে, বাহু, পায়ে প্রচুর ব্যথা হয়। আমার চোখ খেতে একটি অদ্ভুত ব্যথা আছে। আমি কোনও শারীরিক ক্রিয়াকলাপ করতে পারি না।"
292,Dengue,"As a result of my regular vomiting, I've lost my appetite. My muscles, joints and back constantly hurt. I am starting to have fever too. I am really worried and not sure what to do.","मेरी नियमित उल्टी के परिणामस्वरूप, मैंने अपनी भूख खो दी है। मेरी मांसपेशियों, जोड़ों और पीठ में लगातार चोट लगी। मुझे बुखार भी शुरू हो रहा है। मैं वास्तव में चिंतित हूं और निश्चित नहीं हूं कि क्या करना है।","আমার নিয়মিত বমি হওয়ার ফলস্বরূপ, আমি আমার ক্ষুধা হারিয়েছি। আমার পেশী, জয়েন্টগুলি এবং পিছনে ক্রমাগত আঘাত। আমিও জ্বর হতে শুরু করছি। আমি সত্যিই উদ্বিগ্ন এবং কী করব তা নিশ্চিত নই।"
293,Dengue,I have been experiencing a severe fever that is accompanied by pain behind my eyes and headache. I feel tired and exhasuted because of which I cannot do any work.,"मैं एक गंभीर बुखार का अनुभव कर रहा हूं जो मेरी आंखों और सिरदर्द के पीछे दर्द के साथ है। मैं थका हुआ और उत्तेजित महसूस करता हूं, जिसके कारण मैं कोई काम नहीं कर सकता।",আমি আমার চোখ এবং মাথা ব্যথার পিছনে ব্যথা সহ একটি গুরুতর জ্বর অনুভব করছি। আমি ক্লান্ত এবং উত্সাহিত বোধ করি যার কারণে আমি কোনও কাজ করতে পারি না।
294,Dengue,"My whole body is paining a lot and I don’t feel like eating anything. I have mild fever and get chills every night. Also, there are some red spots developing on my back and neck.","मेरा पूरा शरीर बहुत दर्द कर रहा है और मुझे कुछ भी खाने का मन नहीं है। मुझे हल्का बुखार है और हर रात ठंड लगना है। इसके अलावा, मेरी पीठ और गर्दन पर कुछ लाल धब्बे विकसित हो रहे हैं।","আমার পুরো শরীরটি প্রচুর ব্যথা করছে এবং আমি কিছু খাওয়ার মতো মনে করি না। আমার হালকা জ্বর আছে এবং প্রতি রাতে শীতল হয়ে যায়। এছাড়াও, আমার পিছনে এবং ঘাড়ে কিছু লাল দাগ বিকাশ করছে।"
295,Dengue,"My joints and back pain everyday. I feel like vomitting and this has made me very weak. Because of my body pain, I am not able to focus on my work and don’t feel like doing anything.","मेरे जोड़ों और पीठ दर्द रोज। मुझे लगता है कि उल्टी हो रही है और इससे मुझे बहुत कमजोर हो गया है। अपने शरीर के दर्द के कारण, मैं अपने काम पर ध्यान केंद्रित नहीं कर पा रहा हूं और कुछ भी करने का मन नहीं करता हूं।","আমার জয়েন্টগুলি এবং পিঠে ব্যথা প্রতিদিন। আমি বমি বমি ভাব অনুভব করছি এবং এটি আমাকে খুব দুর্বল করে তুলেছে। আমার শরীরের ব্যথার কারণে, আমি আমার কাজের দিকে মনোনিবেশ করতে সক্ষম নই এবং কিছু করার মতো মনে করি না।"
296,Dengue,The body pain I have been feeling is extreme. I has lost my appetite and developed rashes on my arms and face. The back of my eyes pain a lot.,"मुझे जो शरीर का दर्द महसूस हो रहा है, वह चरम है। मैंने अपनी भूख खो दी है और अपनी बाहों और चेहरे पर चकत्ते विकसित किए हैं। मेरी आँखों के पीछे बहुत दर्द होता है।",আমি যে শরীরের ব্যথা অনুভব করছি তা চরম। আমি আমার ক্ষুধা হারিয়েছি এবং আমার বাহু এবং মুখে ফুসকুড়ি বিকাশ করেছি। আমার চোখের পিছনে অনেক ব্যথা হয়।
297,Dengue,I have developed rashes on my body. I am also experiencing high fever along with chills and headache. My joints and back hurt and there is a strange pain in the back of my eyes.,मैंने अपने शरीर पर चकत्ते विकसित किए हैं। मैं भी ठंड लगने और सिरदर्द के साथ तेज बुखार का अनुभव कर रहा हूं। मेरे जोड़ों और पीठ में चोट लगी है और मेरी आंखों के पीछे एक अजीब दर्द है।,আমি আমার শরীরে ফুসকুড়ি বিকাশ করেছি। আমি শীতল এবং মাথাব্যথার পাশাপাশি উচ্চ জ্বরও অনুভব করছি। আমার জয়েন্টগুলি এবং পিঠে আঘাত এবং আমার চোখের পিছনে একটি অদ্ভুত ব্যথা রয়েছে।
298,Dengue,"I have been feeling nauseous and have a constant urge to vomit. I get high fever and chills every night and feel terrible because of this. Also, I feel I have lost my appetite.","मैं मिचली महसूस कर रहा हूं और उल्टी करने के लिए एक निरंतर आग्रह करता हूं। मुझे हर रात तेज बुखार और ठंड लगती है और इस वजह से भयानक लगता है। इसके अलावा, मुझे लगता है कि मैंने अपनी भूख खो दी है।","আমি বমি বমি ভাব বোধ করছি এবং বমি করার জন্য অবিচ্ছিন্ন তাগিদ রয়েছে। আমি উচ্চ জ্বর পাই এবং প্রতি রাতে শীতল হয় এবং এর কারণে ভয়ঙ্কর বোধ করি। এছাড়াও, আমি মনে করি আমি আমার ক্ষুধা হারিয়েছি।"
299,Dengue,"There are rashes on my skin, which itch if I touch them. I don’t feel good as my joints pain whole day. At night, I have mild fever and get chills, because of which I can’t sleep too.","मेरी त्वचा पर चकत्ते हैं, जो अगर मैं उन्हें छूता हूं तो खुजली। मैं अपने जोड़ों के पूरे दिन दर्द के रूप में अच्छा महसूस नहीं करता। रात में, मुझे हल्का बुखार है और ठंड लगना है, जिसके कारण मैं भी सो नहीं सकता।","আমার ত্বকে ফুসকুড়ি রয়েছে, যদি আমি তাদের স্পর্শ করি তবে চুলকায়। আমার জয়েন্টগুলি পুরো দিন ব্যথা হিসাবে আমি ভাল বোধ করি না। রাতে, আমার হালকা জ্বর হয় এবং শীতল হয়ে যায়, যার কারণে আমিও ঘুমাতে পারি না।"
0,Fungal infection,"I have raised lumps, a rash that looks red and inflamed, discoloured areas of skin that are different colours from the rest of my skin, and itching on my skin.","मैंने गांठ को उठाया है, एक चकत्ते जो लाल और सूजन, त्वचा के निराश क्षेत्रों को दिखता है, जो मेरी त्वचा के बाकी हिस्सों से अलग -अलग रंग हैं, और मेरी त्वचा पर खुजली करते हैं।","আমি গলদ উত্থাপন করেছি, এমন একটি ফুসকুড়ি যা লাল এবং ফুলে যাওয়া, ত্বকের বর্ণহীন অঞ্চলগুলি যা আমার ত্বকের বাকী অংশ থেকে বিভিন্ন রঙ এবং আমার ত্বকে চুলকানি করে।"
1,Fungal infection,"All over my body, there has been a severe itching that has been followed by a red, bumpy rash. My skin also has a few darkened spots and a few tiny, nodular breakouts. It has been happening for several days and is becoming worse.","मेरे पूरे शरीर में, एक गंभीर खुजली हुई है जो एक लाल, ऊबड़ -खाबड़ दाने के बाद हुई है। मेरी त्वचा में कुछ काले धब्बे और कुछ छोटे, गांठदार ब्रेकआउट भी हैं। यह कई दिनों से हो रहा है और बदतर होता जा रहा है।","আমার সমস্ত শরীর জুড়ে, একটি গুরুতর চুলকানি হয়েছে যা একটি লাল, গণ্ডগোলের ফুসকুড়ি অনুসরণ করেছে। আমার ত্বকে কয়েকটি গা dark ় দাগ এবং কয়েকটি ক্ষুদ্র, নোডুলার ব্রেকআউট রয়েছে। এটি বেশ কয়েক দিন ধরে ঘটছে এবং আরও খারাপ হয়ে উঠছে।"
2,Fungal infection,"I've had a rash on my skin that looks like dischromic patches, and I also have a lot of nodular eruptions and really bad itching. During the previous week, it has become worse.","मेरे पास मेरी त्वचा पर एक चकत्ते है जो डिस्च्रोमिक पैच की तरह दिखता है, और मेरे पास बहुत सारी गांठदार विस्फोट और वास्तव में खराब खुजली भी है। पिछले सप्ताह के दौरान, यह बदतर हो गया है।","আমার ত্বকে একটি ফুসকুড়ি ছিল যা দেখতে ডিসক্রোমিক প্যাচগুলির মতো দেখতে এবং আমার কাছে প্রচুর নোডুলার বিস্ফোরণ এবং সত্যিই খারাপ চুলকানি রয়েছে। আগের সপ্তাহে, এটি আরও খারাপ হয়ে গেছে।"
3,Fungal infection,"I've had a rash that won't go away and a bothersome itching on my skin. In addition, I've seen some color-different areas and bumps that resemble knots or lumps on my skin.","मेरे पास एक चकत्ते है जो दूर नहीं जाएगा और मेरी त्वचा पर एक परेशान खुजली है। इसके अलावा, मैंने कुछ रंग-अलग क्षेत्रों और धक्कों को देखा है जो मेरी त्वचा पर गांठ या गांठ से मिलते जुलते हैं।","আমার এমন একটি ফুসকুড়ি ছিল যা দূরে যাবে না এবং আমার ত্বকে বিরক্তিকর চুলকানি করছে। তদতিরিক্ত, আমি কিছু রঙিন-বিভাজন অঞ্চল এবং ফোঁড়াগুলি দেখেছি যা আমার ত্বকে নট বা গলদগুলির সাথে সাদৃশ্যপূর্ণ।"
4,Fungal infection,"I have a rash all over my body, and I can't stop scratching because my skin is itchy. My skin also has a few spots where the hue is altered and some lumps and knot-like pimples.","मेरे पास पूरे शरीर में एक दाने हैं, और मैं खरोंच करना बंद नहीं कर सकता क्योंकि मेरी त्वचा खुजली है। मेरी त्वचा में कुछ स्पॉट भी होते हैं जहां ह्यू को बदल दिया जाता है और कुछ गांठ और गाँठ जैसी पिंपल्स।","আমার সারা শরীর জুড়ে একটি ফুসকুড়ি আছে, এবং আমি স্ক্র্যাচিং বন্ধ করতে পারি না কারণ আমার ত্বক চুলকানি। আমার ত্বকের কয়েকটি দাগও রয়েছে যেখানে হিউটি পরিবর্তন করা হয় এবং কিছু গলদা এবং গিঁট-জাতীয় পিম্পলস রয়েছে।"
5,Fungal infection,"Recently, my skin has been quite itchy, and I have a rash all over my body. My skin also has a few spots where the hue is altered and some lumps and knot-like pimples.","हाल ही में, मेरी त्वचा काफी खुजली हुई है, और मेरे पूरे शरीर में एक दाने हैं। मेरी त्वचा में कुछ स्पॉट भी होते हैं जहां ह्यू को बदल दिया जाता है और कुछ गांठ और गाँठ जैसी पिंपल्स।","সম্প্রতি, আমার ত্বক বেশ চুলকানি হয়েছে এবং আমার সারা শরীর জুড়ে আমার ফুসকুড়ি রয়েছে। আমার ত্বকের কয়েকটি দাগও রয়েছে যেখানে হিউটি পরিবর্তন করা হয় এবং কিছু গলদা এবং গিঁট-জাতীয় পিম্পলস রয়েছে।"
6,Fungal infection,"My skin has been itching a lot and developing a rash. Additionally, I have a few areas of my skin that are a different hue than the rest of it. Additionally, I have a few firm pimples or breakouts on my skin.","मेरी त्वचा बहुत खुजली कर रही है और एक दाने विकसित कर रही है। इसके अतिरिक्त, मेरे पास मेरी त्वचा के कुछ क्षेत्र हैं जो इसके बाकी हिस्सों की तुलना में एक अलग रंग हैं। इसके अतिरिक्त, मेरे पास मेरी त्वचा पर कुछ फर्म पिंपल्स या ब्रेकआउट हैं।","আমার ত্বক প্রচুর চুলকানি করছে এবং একটি ফুসকুড়ি বিকাশ করছে। অতিরিক্তভাবে, আমার ত্বকের কয়েকটি ক্ষেত্র রয়েছে যা এর বাকী অংশের চেয়ে আলাদা রঙ। অতিরিক্তভাবে, আমার ত্বকে আমার কয়েকটি দৃ pimp ় পিম্পল বা ব্রেকআউট রয়েছে।"
7,Fungal infection,"All over my body has been itching like crazy, and now there are red areas all over. Additionally, some of the patches have a different tone than my natural skin. And on my skin, there are these lumps or pimples that have developed.","मेरे पूरे शरीर में पागल की तरह खुजली हो रही है, और अब सभी पर लाल क्षेत्र हैं। इसके अतिरिक्त, कुछ पैच में मेरी प्राकृतिक त्वचा की तुलना में एक अलग स्वर है। और मेरी त्वचा पर, ये गांठ या पिंपल्स हैं जो विकसित हुए हैं।","আমার সারা শরীর জুড়ে পাগলের মতো চুলকানি হচ্ছে এবং এখন এখন সমস্ত লাল অঞ্চল রয়েছে। অতিরিক্তভাবে, কিছু প্যাচগুলি আমার প্রাকৃতিক ত্বকের চেয়ে আলাদা স্বর রয়েছে। এবং আমার ত্বকে, এই গলদা বা পিম্পলগুলি বিকাশ করেছে।"
8,Fungal infection,"My skin has been acting up recently, becoming extremely itchy and rashes-prone. Additionally, there are certain spots that deviate from my natural skin tone in terms of hue. And now my skin has these lumps or bumps that weren't there before.","मेरी त्वचा हाल ही में अभिनय कर रही है, जो बेहद खुजली और चकत्ते बन रही है। इसके अतिरिक्त, कुछ ऐसे स्पॉट हैं जो ह्यू के संदर्भ में मेरी प्राकृतिक त्वचा टोन से विचलित होते हैं। और अब मेरी त्वचा में ये गांठ या धक्के हैं जो पहले नहीं थे।","আমার ত্বক সম্প্রতি অভিনয় করছে, অত্যন্ত চুলকানি এবং ফুসকুড়ি প্রবণে পরিণত হয়েছে। অতিরিক্তভাবে, এমন কিছু স্পট রয়েছে যা আমার প্রাকৃতিক ত্বকের স্বর থেকে হিউয়ের দিক থেকে বিচ্যুত হয়। এবং এখন আমার ত্বকে এই গলদা বা ধাক্কা রয়েছে যা আগে ছিল না।"
9,Fungal infection,"On my arms and legs, I have a lot of red pimples and itchy skin. My skin also has a few odd-looking lesions. And occasionally there are bumps that are somewhat uncomfortable.","मेरी बाहों और पैरों पर, मेरे पास बहुत सारे लाल पिंपल्स और खुजली वाली त्वचा है। मेरी त्वचा में कुछ अजीब दिखने वाले घाव भी हैं। और कभी -कभी ऐसे धक्कों होते हैं जो कुछ हद तक असहज होते हैं।",আমার বাহু এবং পায়ে আমার প্রচুর লাল পিম্পল এবং চুলকানি ত্বক রয়েছে। আমার ত্বকে কয়েকটি অদ্ভুত চেহারার ক্ষতও রয়েছে। এবং মাঝেমধ্যে এমন কিছু ঝাঁকুনি রয়েছে যা কিছুটা অস্বস্তিকর।
10,Fungal infection,I have an itchy skin and lots of red bumps on my arms and legs. There are some weird looking spots on my skin too. And sometimes there are bumps that feel kind of hard.,मेरे पास एक खुजली वाली त्वचा है और मेरी बाहों और पैरों पर बहुत सारे लाल धक्के हैं। मेरी त्वचा पर कुछ अजीब दिखने वाले स्पॉट भी हैं। और कभी -कभी ऐसे धक्कों होते हैं जो कठिन महसूस करते हैं।,আমার একটি চুলকানি ত্বক এবং আমার বাহু এবং পায়ে প্রচুর লাল বাম্প রয়েছে। আমার ত্বকেও কিছু অদ্ভুত চেহারার দাগ রয়েছে। এবং কখনও কখনও এমন কিছু ঝাঁকুনি থাকে যা একরকম কঠিন অনুভব করে।
11,Fungal infection,"Doctor, I have a really itchy rash on my skin and there are some weird spots that are a different color. There are also some bumps on my skin that look like little knots","डॉक्टर, मेरे पास मेरी त्वचा पर वास्तव में खुजली है और कुछ अजीब धब्बे हैं जो एक अलग रंग हैं। मेरी त्वचा पर कुछ धक्कों भी हैं जो छोटे गांठों की तरह दिखते हैं","ডাক্তার, আমার ত্বকে আমার সত্যিই চুলকানি ফুসকুড়ি রয়েছে এবং কিছু অদ্ভুত দাগ রয়েছে যা আলাদা রঙ। আমার ত্বকে এমন কিছু ধাক্কা রয়েছে যা দেখতে ছোট গিঁটের মতো লাগে"
12,Fungal infection,"Doctor, My skin is covered in a very uncomfortable rash, along with some odd patches of a different hue. My skin also has a few pimples that resemble little knots","डॉक्टर, मेरी त्वचा एक बहुत ही असहज दाने में शामिल है, साथ ही एक अलग रंग के कुछ विषम पैच के साथ। मेरी त्वचा में कुछ पिम्पल भी हैं जो छोटे समुद्री मील से मिलते जुलते हैं","ডাক্তার, আমার ত্বক একটি ভিন্ন বর্ণের কিছু বিজোড় প্যাচ সহ খুব অস্বস্তিকর ফুসকুড়ি দিয়ে covered াকা রয়েছে। আমার ত্বকের কয়েকটি পিম্পলও রয়েছে যা সামান্য নটগুলির সাথে সাদৃশ্যপূর্ণ"
13,Fungal infection,"I have lots of itchy spots on my skin, and sometimes they turn red or bumpy. There are also some weird patches that are different colors than the rest of my skin, and sometimes I get these weird bumps that look like little balls.","मेरी त्वचा पर बहुत सारे खुजली वाले धब्बे हैं, और कभी -कभी वे लाल या ऊबड़ जाते हैं। कुछ अजीब पैच भी हैं जो मेरी त्वचा के बाकी हिस्सों की तुलना में अलग -अलग रंग हैं, और कभी -कभी मुझे ये अजीब धक्के मिलते हैं जो छोटी गेंदों की तरह दिखते हैं।",আমার ত্বকে প্রচুর চুলকানি দাগ রয়েছে এবং কখনও কখনও সেগুলি লাল বা গণ্ডগোল হয়ে যায়। এমন কিছু অদ্ভুত প্যাচও রয়েছে যা আমার ত্বকের বাকী অংশের চেয়ে আলাদা রঙ এবং কখনও কখনও আমি এই অদ্ভুত বাম্পগুলি পাই যা দেখতে ছোট ছোট বলের মতো।
14,Fungal infection,"My skin frequently develops itchy bumps that can occasionally turn red or rough. Aside from that, my skin occasionally develops strange pimples that resemble small balls and some odd spots that are a different hue from the rest of my skin.","मेरी त्वचा अक्सर खुजली वाले धक्कों को विकसित करती है जो कभी -कभी लाल या खुरदरी हो सकती हैं। इसके अलावा, मेरी त्वचा कभी -कभार अजीबोगरीब पिंपल्स विकसित करती है जो छोटी गेंदों और कुछ विषम स्थानों से मिलती -जुलती है जो मेरी त्वचा के बाकी हिस्सों से एक अलग रंग हैं।","আমার ত্বক ঘন ঘন চুলকানির ঝাঁকুনি বিকাশ করে যা মাঝে মাঝে লাল বা রুক্ষ হয়ে যেতে পারে। এগুলি বাদ দিয়ে, আমার ত্বক মাঝে মাঝে অদ্ভুত পিম্পলগুলি বিকাশ করে যা ছোট ছোট বল এবং কিছু বিজোড় দাগগুলির সাথে সাদৃশ্যপূর্ণ যা আমার ত্বকের বাকী অংশ থেকে আলাদা রঙ।"
15,Fungal infection,"Doctor, I have these red rashes that keep popping up and my skin is continuously itching. In addition, I've observed some odd color-different spots on my skin, as well as some little nodules on my skin that appear to be expanding.","डॉक्टर, मेरे पास ये लाल चकत्ते हैं जो पॉप अप करते हैं और मेरी त्वचा लगातार खुजली कर रही है। इसके अलावा, मैंने अपनी त्वचा पर कुछ विषम रंग-अलग धब्बे देखे हैं, साथ ही मेरी त्वचा पर कुछ छोटे नोड्यूल भी हैं जो विस्तार करते हुए दिखाई देते हैं।","ডাক্তার, আমার কাছে এই লাল ফুসকুড়ি রয়েছে যা পপিং আপ রাখে এবং আমার ত্বক ক্রমাগত চুলকানি হয়। তদতিরিক্ত, আমি আমার ত্বকে কিছু অদ্ভুত রঙ-বিভাজক দাগগুলি, পাশাপাশি আমার ত্বকে কিছু ছোট নোডুলগুলি পর্যবেক্ষণ করেছি যা প্রসারিত হচ্ছে বলে মনে হয়।"
16,Fungal infection,"I have been experiencing some really intense itching all over my body, along with redness and bumps on my skin. There are also these weird patches that are different colors than the rest of my skin, and sometimes I get these nodules that look like small bumps.","मैं अपनी त्वचा पर लालिमा और धक्कों के साथ, अपने शरीर पर कुछ वास्तव में तीव्र खुजली का अनुभव कर रहा हूं। ये अजीब पैच भी हैं जो मेरी त्वचा के बाकी हिस्सों की तुलना में अलग -अलग रंग हैं, और कभी -कभी मुझे ये नोड्यूल मिलते हैं जो छोटे धक्कों की तरह दिखते हैं।",আমি আমার ত্বকে লালভাব এবং ধাক্কা সহ আমার সারা শরীর জুড়ে কিছু সত্যই তীব্র চুলকানি অনুভব করছি। এই অদ্ভুত প্যাচগুলিও রয়েছে যা আমার ত্বকের বাকী অংশের চেয়ে আলাদা রঙ এবং কখনও কখনও আমি এই নোডুলগুলি পাই যা ছোট ছোট বাম্পের মতো দেখায়।
17,Fungal infection,"All over my body, I've been scratching so much that my skin has become red and developed pimples. Additionally, I occasionally get these nodules that resemble little pimples, as well as these strange patches that are a different hue from the rest of my skin.","मेरे शरीर पर, मैं इतना खरोंच कर रहा हूं कि मेरी त्वचा लाल हो गई है और पिमल्स विकसित हो गई है। इसके अतिरिक्त, मुझे कभी -कभी ये नोड्यूल मिलते हैं जो छोटे पिंपल्स से मिलते -जुलते हैं, साथ ही साथ ये अजीब पैच भी हैं जो मेरी त्वचा के बाकी हिस्सों से एक अलग रंग हैं।","আমার সমস্ত শরীর জুড়ে, আমি এত বেশি আঁচড়েছি যে আমার ত্বক লাল এবং বিকাশিত পিম্পল হয়ে উঠেছে। অতিরিক্তভাবে, আমি মাঝে মাঝে এই নোডুলগুলি পাই যা সামান্য পিম্পলগুলির সাথে সাদৃশ্যপূর্ণ, পাশাপাশি এই অদ্ভুত প্যাচগুলি যা আমার ত্বকের বাকী অংশ থেকে আলাদা রঙ।"
18,Fungal infection,"I've been experiencing a lot of itching, which has been accompanied with a rash that appears to be growing worse over time. There are also certain areas of skin that are different colours from the rest, and I've spotted several lumps that resemble little nodes.","मैं बहुत खुजली का अनुभव कर रहा हूं, जो एक दाने के साथ है जो समय के साथ बदतर हो रहा है। त्वचा के कुछ क्षेत्र भी हैं जो बाकी लोगों से अलग -अलग रंग हैं, और मैंने कई गांठों को देखा है जो छोटे नोड्स से मिलते जुलते हैं।","আমি প্রচুর চুলকানি অনুভব করছি, যা সময়ের সাথে সাথে আরও খারাপ হয়ে উঠছে বলে মনে হচ্ছে এমন একটি ফুসকুড়ি রয়েছে। ত্বকের কিছু নির্দিষ্ট ক্ষেত্রও রয়েছে যা বাকী থেকে আলাদা রঙ এবং আমি বেশ কয়েকটি গলদা স্পট করেছি যা সামান্য নোডের সাথে সাদৃশ্যপূর্ণ।"
19,Fungal infection,"I've been having a lot of problems with itching, and it's been accompanied by a rash that seems to be getting worse over time. There are also some patches of skin that are different colors than the rest, and I've noticed some bumps that look like little nodes.","मुझे खुजली के साथ बहुत सारी समस्याएं हो रही हैं, और यह एक दाने के साथ है जो समय के साथ खराब हो रहा है। त्वचा के कुछ पैच भी हैं जो बाकी की तुलना में अलग -अलग रंग हैं, और मैंने कुछ धक्कों पर ध्यान दिया है जो छोटे नोड्स की तरह दिखते हैं।","চুলকানি নিয়ে আমার অনেক সমস্যা হচ্ছে, এবং এটির সাথে এমন একটি ফুসকুড়ি রয়েছে যা মনে হয় সময়ের সাথে সাথে আরও খারাপ হচ্ছে। ত্বকের কিছু প্যাচও রয়েছে যা বাকীগুলির চেয়ে আলাদা রঙ এবং আমি এমন কিছু ধাক্কা লক্ষ্য করেছি যা ছোট নোডের মতো দেখায়।"
20,Fungal infection,"Doctor, My skin is covered in an uncomfortable rash and has a few odd patches of skin that are a different colour. There are a few pimples on my skin that resemble little knots.","डॉक्टर, मेरी त्वचा एक असहज दाने में ढंकी हुई है और इसमें त्वचा के कुछ विषम पैच हैं जो एक अलग रंग हैं। मेरी त्वचा पर कुछ पिंपल्स हैं जो छोटे गांठ से मिलते जुलते हैं।","ডাক্তার, আমার ত্বক একটি অস্বস্তিকর ফুসকুড়িযুক্ত এবং ত্বকের কয়েকটি বিজোড় প্যাচ রয়েছে যা আলাদা রঙ। আমার ত্বকে কয়েকটি পিম্পল রয়েছে যা সামান্য গিঁটের সাথে সাদৃশ্যপূর্ণ।"
21,Fungal infection,"I've been itching a lot, and it's been accompanied with a rash that looks to be getting worse over time. There are also some patches of skin that are different colours from the rest of the skin, as well as some lumps that resemble little nodes.","मैं बहुत खुजली कर रहा हूं, और यह एक दाने के साथ है जो समय के साथ खराब हो रहा है। त्वचा के कुछ पैच भी हैं जो त्वचा के बाकी हिस्सों से अलग -अलग रंग हैं, साथ ही कुछ गांठ भी हैं जो छोटे नोड्स से मिलते जुलते हैं।","আমি অনেক চুলকানি করছি, এবং এটি এমন একটি ফুসকুড়ি সহ ছিল যা সময়ের সাথে সাথে আরও খারাপ হচ্ছে বলে মনে হচ্ছে। ত্বকের কিছু প্যাচও রয়েছে যা ত্বকের বাকী অংশগুলি থেকে বিভিন্ন রঙ, পাশাপাশি কিছু গলদা যা সামান্য নোডের সাথে সাদৃশ্যপূর্ণ।"
22,Fungal infection,"My skin has been acting up lately, becoming exceedingly itchy and prone to rashes. Furthermore, several patches differ from my normal skin tone in terms of colour. And now I have lumps or bumps on my skin that weren't there before.","मेरी त्वचा हाल ही में काम कर रही है, अत्यधिक खुजली और चकत्ते के लिए प्रवण हो रही है। इसके अलावा, कई पैच रंग के मामले में मेरी सामान्य त्वचा टोन से भिन्न होते हैं। और अब मेरे पास मेरी त्वचा पर गांठ या धक्कों हैं जो पहले नहीं थे।","আমার ত্বক ইদানীং অভিনয় করছে, অত্যন্ত চুলকানি এবং ফুসকুড়ি হওয়ার ঝুঁকিতে পরিণত হয়েছে। তদুপরি, বেশ কয়েকটি প্যাচগুলি রঙের দিক থেকে আমার সাধারণ ত্বকের স্বর থেকে পৃথক। এবং এখন আমার ত্বকে গলদা বা ফোঁড়া রয়েছে যা আগে ছিল না।"
23,Fungal infection,"A rash that appears to be developing throughout my skin has been accompanying my recent bouts of intense itching and discomfort. On my skin, I also have some dischromic spots and little lumps that seem to be appearing everywhere.","मेरी त्वचा के दौरान एक दाने जो विकसित हो रहा है, वह मेरे हाल के मुकाबलों में तीव्र खुजली और असुविधा के साथ है। मेरी त्वचा पर, मेरे पास कुछ डिस्प्रोमिक स्पॉट और छोटे गांठ भी हैं जो हर जगह दिखाई दे रहे हैं।","আমার ত্বক জুড়ে বিকাশমান বলে মনে হচ্ছে এমন একটি ফুসকুড়ি আমার সাম্প্রতিক চুলকানি এবং অস্বস্তির সাম্প্রতিক বাধাগুলির সাথে রয়েছে। আমার ত্বকে, আমার কাছে কিছু ডিসক্রোমিক স্পট এবং সামান্য গলদা রয়েছে যা মনে হয় সর্বত্র প্রদর্শিত হচ্ছে।"
24,Fungal infection,"My skin always itches, and occasionally it becomes quite rough and red. In addition, I occasionally get little pimples that resemble tiny balls and certain spots that are a different colour from the rest of my skin. It severely irritates me and itches.","मेरी त्वचा हमेशा खुजली करती है, और कभी -कभी यह काफी खुरदरी और लाल हो जाती है। इसके अलावा, मुझे कभी -कभी छोटे पिमल्स मिलते हैं जो छोटे गेंदों और कुछ स्पॉट से मिलते जुलते हैं जो मेरी त्वचा के बाकी हिस्सों से एक अलग रंग हैं। यह मुझे गंभीर रूप से परेशान करता है और खुजली करता है।","আমার ত্বক সর্বদা চুলকায় এবং মাঝে মাঝে এটি বেশ রুক্ষ এবং লাল হয়ে যায়। তদতিরিক্ত, আমি মাঝে মাঝে ছোট ছোট বল এবং নির্দিষ্ট দাগগুলির সাথে সাদৃশ্যপূর্ণ এমন ছোট্ট পিম্পলগুলি পাই যা আমার ত্বকের বাকী অংশ থেকে আলাদা রঙ। এটি আমাকে এবং চুলকানি মারাত্মকভাবে বিরক্ত করে।"
25,Fungal infection,"I have a lot of itching all over my skin, and sometimes it gets really red and bumpy. There are also some patches that are different colors than the rest of my skin, and sometimes I get these little bumps that look like little balls. It's really annoying and itchy.","मुझे अपनी त्वचा पर बहुत खुजली होती है, और कभी -कभी यह वास्तव में लाल और ऊबड़ -खाबड़ हो जाता है। कुछ पैच भी हैं जो मेरी त्वचा के बाकी हिस्सों की तुलना में अलग -अलग रंग हैं, और कभी -कभी मुझे ये छोटे धक्के मिलते हैं जो छोटी गेंदों की तरह दिखते हैं। यह वास्तव में कष्टप्रद और खुजली है।",আমার সমস্ত ত্বক জুড়ে আমার প্রচুর চুলকানি রয়েছে এবং কখনও কখনও এটি সত্যিই লাল এবং গণ্ডগোল হয়ে যায়। এমন কিছু প্যাচও রয়েছে যা আমার ত্বকের বাকী অংশের চেয়ে আলাদা রঙ এবং কখনও কখনও আমি এই ছোট্ট বাম্পগুলি পাই যা দেখতে ছোট ছোট বলের মতো। এটা সত্যিই বিরক্তিকর এবং চুলকানি।
26,Fungal infection,"I have a pretty irritating itch all over my body, and my skin also has a few red, bumpy areas. I've also had some pimples that resemble small balls and other spots that are a different colour than the rest of my skin. ","मुझे अपने पूरे शरीर में बहुत परेशान करने वाली खुजली है, और मेरी त्वचा में कुछ लाल, ऊबड़ -खाबड़ क्षेत्र भी हैं। मेरे पास कुछ पिंपल्स भी हैं जो छोटे गेंदों और अन्य स्पॉट से मिलते जुलते हैं जो मेरी त्वचा के बाकी हिस्सों की तुलना में एक अलग रंग हैं।","আমার সারা শরীর জুড়ে আমার বেশ বিরক্তিকর চুলকানি রয়েছে এবং আমার ত্বকে কয়েকটি লাল, গণ্ডগোলের অঞ্চলও রয়েছে। আমার কাছে এমন কিছু পিম্পলও ছিল যা ছোট ছোট বল এবং অন্যান্য দাগগুলির সাথে সাদৃশ্যপূর্ণ যা আমার ত্বকের বাকী অংশের চেয়ে আলাদা রঙ।"
27,Fungal infection,"I've had a pretty uncomfortable itch all over my body, as well as red and bumpy areas on my skin. There are also certain patches of my skin that are a different hue than the rest of it, and I've had some pimples that resemble little balls.","मुझे अपने पूरे शरीर में एक बहुत असहज खुजली हुई, साथ ही मेरी त्वचा पर लाल और ऊबड़ -खाबड़ इलाकों में भी। मेरी त्वचा के कुछ पैच भी हैं जो इसके बाकी हिस्सों की तुलना में एक अलग रंग हैं, और मेरे पास कुछ पिंपल्स हैं जो छोटी गेंदों से मिलते जुलते हैं।","আমি আমার সারা শরীর জুড়ে বেশ অস্বস্তিকর চুলকানি করেছি, পাশাপাশি আমার ত্বকে লাল এবং গণ্ডগোলের অঞ্চলগুলিও করেছি। আমার ত্বকের কিছু প্যাচও রয়েছে যা এর বাকী অংশের চেয়ে আলাদা রঙ এবং আমার কাছে কিছু পিম্পল রয়েছে যা ছোট বলের সাথে সাদৃশ্যপূর্ণ।"
28,Fungal infection,"I've been having this really annoying itch all over my body, and I have red and bumpy spots on my skin too. There are also some areas that are a different color than the rest of my skin, and I've had some bumps that look like little balls.","मैं अपने पूरे शरीर में यह वास्तव में कष्टप्रद खुजली कर रहा हूं, और मेरी त्वचा पर भी लाल और ऊबड़ -खाबड़ धब्बे हैं। कुछ क्षेत्र भी हैं जो मेरी त्वचा के बाकी हिस्सों की तुलना में एक अलग रंग हैं, और मेरे पास कुछ धक्कों हैं जो छोटी गेंदों की तरह दिखते हैं।",আমি আমার সারা শরীর জুড়ে এই সত্যিই বিরক্তিকর চুলকানি করছি এবং আমার ত্বকে আমারও লাল এবং বাম্পি দাগ রয়েছে। এমন কিছু ক্ষেত্রও রয়েছে যা আমার ত্বকের বাকী অংশের চেয়ে আলাদা রঙ এবং আমার কিছু ফোঁড়া ছিল যা দেখতে ছোট ছোট বলের মতো।
29,Fungal infection,"I've had a pretty uncomfortable itch all over my body, as well as red and bumpy areas on my skin. There are also certain patches of my epidermis with a distinct shade than the rest of it, and I've had some pimples that resemble little balls.","मुझे अपने पूरे शरीर में एक बहुत असहज खुजली हुई, साथ ही मेरी त्वचा पर लाल और ऊबड़ -खाबड़ इलाकों में भी। इसके बाकी हिस्सों की तुलना में एक अलग छाया के साथ मेरे एपिडर्मिस के कुछ पैच भी हैं, और मेरे पास कुछ पिंपल्स हैं जो छोटी गेंदों से मिलते जुलते हैं।","আমি আমার সারা শরীর জুড়ে বেশ অস্বস্তিকর চুলকানি করেছি, পাশাপাশি আমার ত্বকে লাল এবং গণ্ডগোলের অঞ্চলগুলিও করেছি। আমার এপিডার্মিসের কিছু নির্দিষ্ট প্যাচ রয়েছে যা এর বাকী অংশের চেয়ে আলাদা ছায়াযুক্ত রয়েছে এবং আমার কাছে কিছু পিম্পল রয়েছে যা সামান্য বলের সাথে সাদৃশ্যপূর্ণ।"
30,Fungal infection,"I've been really itchy lately and there are these rashy spots all over my skin. There are also some areas that look different in shade than the rest of my skin, and I've had some bumps that are kind of hard.","मैं वास्तव में हाल ही में खुजली कर रहा हूं और मेरी त्वचा पर ये रैसी स्पॉट हैं। कुछ क्षेत्र भी हैं जो मेरी त्वचा के बाकी हिस्सों की तुलना में छाया में अलग दिखते हैं, और मेरे पास कुछ धक्कों हैं जो कठिन हैं।",আমি ইদানীং সত্যিই চুলকানি হয়েছি এবং আমার ত্বক জুড়ে এই রাশী দাগ রয়েছে। এমন কিছু অঞ্চলও রয়েছে যা আমার ত্বকের বাকী অংশের চেয়ে ছায়ায় আলাদা দেখায় এবং আমার কিছু বাধা ছিল যা এক ধরণের শক্ত।
31,Fungal infection,"I've been quite itchy recently, and I have rashy patches all over my skin. There are also certain regions that are darker in colour than the rest of my skin, and I've got some firm lumps.","मैं हाल ही में काफी खुजली कर रहा हूं, और मेरी त्वचा पर पूरी तरह से चकित पैच हैं। कुछ ऐसे क्षेत्र भी हैं जो मेरी त्वचा के बाकी हिस्सों की तुलना में गहरे रंग के होते हैं, और मुझे कुछ दृढ़ गांठ मिल गई हैं।",আমি সম্প্রতি বেশ চুলকানি হয়েছি এবং আমার সমস্ত ত্বক জুড়ে আমার কাছে র‌্যাশ প্যাচ রয়েছে। এমন কিছু অঞ্চলও রয়েছে যা আমার ত্বকের বাকী অংশের চেয়ে গা er ় রঙিন এবং আমি কিছু দৃ ly ় গলদা পেয়েছি।
32,Fungal infection,"I've been rather itchy recently, and I have rashy blotches all over my skin. There are also certain regions that are more dark in color than the rest of my skin, and I've got some painful lumps.","मुझे हाल ही में खुजली हुई है, और मेरी त्वचा पर पूरी तरह से धब्बे हैं। कुछ ऐसे क्षेत्र भी हैं जो मेरी त्वचा के बाकी हिस्सों की तुलना में अधिक गहरे रंग के होते हैं, और मुझे कुछ दर्दनाक गांठ मिले हैं।",আমি সম্প্রতি চুলকানি হয়ে পড়েছি এবং আমার সমস্ত ত্বক জুড়ে আমার কাছে র‌্যাশ ব্লাচ রয়েছে। এমন কিছু অঞ্চলও রয়েছে যা আমার ত্বকের বাকী অংশের চেয়ে বেশি গা dark ় রঙ এবং আমি কিছু বেদনাদায়ক গলদা পেয়েছি।
33,Fungal infection,"Recently, I've been scratching myself a lot, and my skin is covered with rashy places. Additionally, I've had a few pimples that are rather firm, and there are certain spots on my body that have a different shade of brown than the rest of my skin.","हाल ही में, मैं खुद को बहुत खरोंच रहा हूं, और मेरी त्वचा रैसी स्थानों से ढकी हुई है। इसके अतिरिक्त, मेरे पास कुछ पिंपल्स हैं जो बल्कि दृढ़ हैं, और मेरे शरीर पर कुछ स्पॉट हैं जिनमें मेरी त्वचा के बाकी हिस्सों की तुलना में भूरे रंग की एक अलग छाया है।","সম্প্রতি, আমি নিজেকে অনেকটা আঁচড় দিচ্ছি, এবং আমার ত্বক রাশী জায়গাগুলিতে আবৃত। অতিরিক্তভাবে, আমার কাছে কয়েকটি পিম্পল রয়েছে যা বরং দৃ firm ়, এবং আমার শরীরে এমন কিছু দাগ রয়েছে যা আমার ত্বকের বাকী অংশের চেয়ে বাদামী রঙের আলাদা ছায়া রয়েছে।"
34,Fungal infection,"My skin has been really itchy and there are these rashy spots all over. There are also some patches that look different in color than the rest of my skin, and I've had some bumps that are kind of hard.","मेरी त्वचा वास्तव में खुजली हो गई है और इन दाने के धब्बे हैं। कुछ पैच भी हैं जो मेरी त्वचा के बाकी हिस्सों की तुलना में रंग में अलग दिखते हैं, और मेरे पास कुछ धक्कों हैं जो कठिन हैं।",আমার ত্বক সত্যিই চুলকানি হয়ে গেছে এবং এই র‌্যাশ স্পটগুলি রয়েছে। এমন কিছু প্যাচও রয়েছে যা আমার ত্বকের বাকী অংশের চেয়ে রঙে আলাদা দেখাচ্ছে এবং আমার কাছে এমন কিছু বাধা রয়েছে যা এক ধরণের শক্ত।
35,Fungal infection,"My skin has been really scratchy, and there are rashes all over my body. I have some bumps that are quite firm, as well as some areas that are a darker shade from the rest of my skin. It's extremely unpleasant.","मेरी त्वचा वास्तव में खरोंच रही है, और मेरे शरीर पर चकत्ते हैं। मेरे पास कुछ धक्कों हैं जो काफी दृढ़ हैं, साथ ही कुछ क्षेत्र भी हैं जो मेरी त्वचा के बाकी हिस्सों से एक गहरे रंग की छाया हैं। यह बेहद अप्रिय है।","আমার ত্বক সত্যিই আঁচড়যুক্ত হয়েছে এবং আমার সারা শরীর জুড়ে ফুসকুড়ি রয়েছে। আমার কিছু ফোঁটা রয়েছে যা বেশ দৃ firm ়, পাশাপাশি এমন কিছু অঞ্চল যা আমার ত্বকের বাকী অংশ থেকে গা er ় ছায়া। এটি অত্যন্ত অপ্রীতিকর।"
36,Fungal infection,"There are rashy areas all over my skin, which has been really irritating. Additionally, I have some bumps that are fairly firm and some patches that are a different colour from the rest of my skin.","मेरी त्वचा पर दाने वाले क्षेत्र हैं, जो वास्तव में परेशान हो रहे हैं। इसके अतिरिक्त, मेरे पास कुछ धक्कों हैं जो काफी दृढ़ हैं और कुछ पैच हैं जो मेरी त्वचा के बाकी हिस्सों से एक अलग रंग हैं।","আমার ত্বক জুড়ে র‌্যাশযুক্ত অঞ্চল রয়েছে, যা সত্যিই বিরক্তিকর। অতিরিক্তভাবে, আমার কাছে এমন কিছু বাধা রয়েছে যা মোটামুটি দৃ firm ় এবং কিছু প্যাচ যা আমার ত্বকের বাকী অংশের চেয়ে আলাদা রঙ।"
37,Fungal infection,"Recently, I've been scratching myself a lot, and my skin is covered with rashy places. In addition, there are a few spots where my skin doesn't appear to be its usual shade, and I've experienced a few lumps that are quite painful.","हाल ही में, मैं खुद को बहुत खरोंच रहा हूं, और मेरी त्वचा रैसी स्थानों से ढकी हुई है। इसके अलावा, कुछ स्पॉट हैं जहां मेरी त्वचा इसकी सामान्य छाया नहीं दिखाई देती है, और मैंने कुछ गांठों का अनुभव किया है जो काफी दर्दनाक हैं।","সম্প্রতি, আমি নিজেকে অনেকটা আঁচড় দিচ্ছি, এবং আমার ত্বক রাশী জায়গাগুলিতে আবৃত। তদতিরিক্ত, কয়েকটি দাগ রয়েছে যেখানে আমার ত্বকটি এর স্বাভাবিক ছায়া বলে মনে হয় না এবং আমি বেশ কয়েকটি গলদা অভিজ্ঞতা পেয়েছি যা বেশ বেদনাদায়ক।"
38,Fungal infection,"I've been really itchy lately and there are these rashy spots all over my skin. There are also some areas that don't look like the normal color of my skin, and I've had some bumps that are kind of hard","मैं वास्तव में हाल ही में खुजली कर रहा हूं और मेरी त्वचा पर ये रैसी स्पॉट हैं। कुछ क्षेत्र भी हैं जो मेरी त्वचा के सामान्य रंग की तरह नहीं दिखते हैं, और मेरे पास कुछ धक्कों हैं जो कठिन हैं",আমি ইদানীং সত্যিই চুলকানি হয়েছি এবং আমার ত্বক জুড়ে এই রাশী দাগ রয়েছে। এমন কিছু ক্ষেত্রও রয়েছে যা আমার ত্বকের স্বাভাবিক রঙের মতো দেখায় না এবং আমার কিছু বাধা ছিল যা এক ধরণের শক্ত
39,Fungal infection,"I've been quite itchy recently, and I have rashy places all over my body. There are also some regions that don't appear to be the typical hue of my skin, and I've experienced some firm lumps.","मैं हाल ही में काफी खुजली कर रहा हूं, और मेरे पास पूरे शरीर में दरारें हैं। कुछ ऐसे क्षेत्र भी हैं जो मेरी त्वचा के विशिष्ट रंग के रूप में दिखाई नहीं देते हैं, और मैंने कुछ फर्म गांठ का अनुभव किया है।","আমি সম্প্রতি বেশ চুলকানি হয়েছি, এবং আমার সারা শরীর জুড়ে রশি জায়গা রয়েছে। এমন কিছু অঞ্চলও রয়েছে যা আমার ত্বকের সাধারণ রঙ বলে মনে হয় না এবং আমি কিছু দৃ firm ় গলদা অনুভব করেছি।"
40,Fungal infection,"I've been itching and have rashy patches all over my skin recently. There are also some regions that don't appear to be the regular tone of my skin, and I've experienced some painful bumps.","मुझे खुजली हो रही है और हाल ही में अपनी त्वचा पर रैसी पैच हैं। कुछ ऐसे क्षेत्र भी हैं जो मेरी त्वचा का नियमित स्वर प्रतीत नहीं होते हैं, और मैंने कुछ दर्दनाक धक्कों का अनुभव किया है।",আমি চুলকানি করছি এবং সম্প্রতি আমার ত্বক জুড়ে রাশী প্যাচগুলি পেয়েছি। এমন কিছু অঞ্চলও রয়েছে যা আমার ত্বকের নিয়মিত সুর হিসাবে উপস্থিত হয় না এবং আমি কিছু বেদনাদায়ক বাধা পেয়েছি।
41,Fungal infection,"Recently, I've been itching myself a lot, and my skin is covered with rashy patches. Furthermore, there are a few regions where my skin doesn't appear to be its usual tone, and I've experienced a few lumps that are exceptionally painful.","हाल ही में, मैं खुद को बहुत खुजली कर रहा हूं, और मेरी त्वचा रैसी पैच से ढकी हुई है। इसके अलावा, कुछ क्षेत्र हैं जहां मेरी त्वचा इसके सामान्य स्वर के रूप में नहीं दिखाई देती है, और मैंने कुछ गांठों का अनुभव किया है जो असाधारण रूप से दर्दनाक हैं।","সম্প্রতি, আমি নিজেকে অনেক চুলকানি করছি, এবং আমার ত্বক রাশী প্যাচগুলি দিয়ে আচ্ছাদিত। তদুপরি, কয়েকটি অঞ্চল রয়েছে যেখানে আমার ত্বকটি তার স্বাভাবিক সুর হিসাবে উপস্থিত হয় না এবং আমি কয়েকটি গলদা অভিজ্ঞতা পেয়েছি যা ব্যতিক্রমী বেদনাদায়ক।"
42,Fungal infection,"I've been having this constant itch and there are these red and bumpy spots on my skin. There are also some patches that are a different color than the rest of my skin, and I've had some bumps that are kind of like little lumps.","मुझे यह निरंतर खुजली हो रही है और मेरी त्वचा पर ये लाल और ऊबड़ -खाबड़ धब्बे हैं। कुछ पैच भी हैं जो मेरी त्वचा के बाकी हिस्सों की तुलना में एक अलग रंग हैं, और मेरे पास कुछ धक्कों हैं जो छोटे गांठ की तरह हैं।",আমি এই ধ্রুবক চুলকানি করছি এবং আমার ত্বকে এই লাল এবং বাম্পি দাগ রয়েছে। এমন কিছু প্যাচও রয়েছে যা আমার ত্বকের বাকী অংশের চেয়ে আলাদা রঙ এবং আমার কিছু ফোঁড়া ছিল যা ছোট্ট গলদগুলির মতো।
43,Fungal infection,"There are red, bumpy areas on my skin, and I've been scratching myself nonstop. Additionally, I have some bumps that resemble little lumps and some spots that are a different shade of skin than the rest of my body.","मेरी त्वचा पर लाल, ऊबड़ -खाबड़ क्षेत्र हैं, और मैं खुद को नॉनस्टॉप खरोंच कर रहा हूं। इसके अतिरिक्त, मेरे पास कुछ धक्कों हैं जो थोड़ा गांठ और कुछ स्पॉट से मिलते जुलते हैं जो मेरे शरीर के बाकी हिस्सों की तुलना में त्वचा की एक अलग छाया हैं।","আমার ত্বকে লাল, গণ্ডগোলের অঞ্চল রয়েছে এবং আমি নিজেকে ননস্টপ স্ক্র্যাচ করছি। অতিরিক্তভাবে, আমার কাছে এমন কিছু বাধা রয়েছে যা সামান্য গলদা এবং কিছু দাগের সাথে সাদৃশ্যপূর্ণ যা আমার শরীরের বাকী অংশের চেয়ে ত্বকের আলাদা ছায়া।"
44,Fungal infection,"I've had a lot of itching on my skin, which occasionally turns into a rash. There are also some odd patches of skin that are a different hue than the rest of me, and I occasionally get little pimples that resemble nodules.","मुझे अपनी त्वचा पर बहुत खुजली हुई है, जो कभी -कभी एक दाने में बदल जाती है। त्वचा के कुछ विषम पैच भी हैं जो मेरे बाकी हिस्सों की तुलना में एक अलग रंग हैं, और मुझे कभी -कभी छोटे पिंपल्स मिलते हैं जो नोड्यूल से मिलते -जुलते हैं।","আমি আমার ত্বকে প্রচুর চুলকানি করেছি, যা মাঝে মধ্যে ফুসকুড়ি হয়ে যায়। ত্বকের কিছু বিজোড় প্যাচও রয়েছে যা আমার বাকী অংশের চেয়ে আলাদা রঙ এবং আমি মাঝে মাঝে নোডুলের সাথে সাদৃশ্যপূর্ণ ছোট্ট পিম্পল পাই।"
45,Fungal infection,"I've had a tendency of itching on my skin, that frequently turns into a rash. There are also some strange patches of skin that are a different tone than the rest of my skin, and I regularly get little lumps that mimic nodules.","मुझे अपनी त्वचा पर खुजली की प्रवृत्ति है, जो अक्सर एक दाने में बदल जाती है। त्वचा के कुछ अजीब पैच भी हैं जो मेरी त्वचा के बाकी हिस्सों की तुलना में एक अलग टोन हैं, और मुझे नियमित रूप से नोड्यूल की नकल करने वाली छोटी गांठ मिलती हैं।","আমার ত্বকে চুলকানি হওয়ার প্রবণতা ছিল, যা প্রায়শই ফুসকুড়ি হয়ে যায়। ত্বকের কিছু অদ্ভুত প্যাচও রয়েছে যা আমার ত্বকের বাকী অংশের চেয়ে আলাদা স্বর এবং আমি নিয়মিত নোডুলগুলি নকল করে এমন সামান্য গলদা পাই।"
46,Fungal infection,"I've been experiencing a lot of itching on my skin, and sometimes it turns into a rash. There are also some strange patches of skin that are a different color than the rest of me, and sometimes I get little bumps that look like nodules.","मैं अपनी त्वचा पर बहुत खुजली का अनुभव कर रहा हूं, और कभी -कभी यह एक दाने में बदल जाता है। त्वचा के कुछ अजीब पैच भी हैं जो मेरे बाकी हिस्सों की तुलना में एक अलग रंग हैं, और कभी -कभी मुझे छोटे धक्कों को मिलता है जो नोड्यूल की तरह दिखते हैं।",আমি আমার ত্বকে প্রচুর চুলকানি অনুভব করছি এবং কখনও কখনও এটি ফুসকুড়ি হয়ে যায়। ত্বকের কিছু অদ্ভুত প্যাচগুলিও রয়েছে যা আমার বাকিদের চেয়ে আলাদা রঙ এবং কখনও কখনও আমি ছোট্ট ধাক্কা পাই যা নোডুলের মতো দেখায়।
47,Fungal infection,"My body has been itching terribly all over, and there are now red spots everywhere. Some of the patches also differ in tone from my natural complexion. And there are these lumps or pimples that have appeared on my skin.","मेरे शरीर को हर जगह बहुत खुजली कर रहा है, और अब हर जगह लाल धब्बे हैं। कुछ पैच भी मेरे प्राकृतिक रंग से टोन में भिन्न होते हैं। और ये गांठ या पिंपल्स हैं जो मेरी त्वचा पर दिखाई दिए हैं।","আমার শরীর পুরোপুরি চুলকানি করছে, এবং এখন সর্বত্র লাল দাগ রয়েছে। কিছু প্যাচগুলি আমার প্রাকৃতিক বর্ণ থেকে স্বরেও পৃথক। এবং আমার ত্বকে এই গলদা বা পিম্পলগুলি উপস্থিত রয়েছে।"
48,Fungal infection,"My skin has been really itchy lately, and it occasionally erupts into a rash. In addition, I have a few odd areas of skin that are a different coloration from the rest of me, and occasionally I develop little bumps that look  like nodules.","मेरी त्वचा वास्तव में हाल ही में खुजली हुई है, और यह कभी -कभी एक दाने में फूट जाती है। इसके अलावा, मेरे पास त्वचा के कुछ विषम क्षेत्र हैं जो मेरे बाकी हिस्सों से एक अलग रंग हैं, और कभी -कभी मैं छोटे धक्कों को विकसित करता हूं जो नोड्यूल की तरह दिखते हैं।","আমার ত্বক ইদানীং সত্যিই চুলকানি হয়েছে এবং এটি মাঝে মধ্যে ফুসকুড়ি হয়ে যায়। তদতিরিক্ত, আমার ত্বকের কয়েকটি বিজোড় অঞ্চল রয়েছে যা আমার বাকী অংশের চেয়ে আলাদা রঙিন এবং মাঝে মাঝে আমি ছোট্ট ধাক্কা বিকাশ করি যা নোডুলের মতো দেখায়।"
49,Fungal infection,There are now red blotches all over my body where I have been itching horribly all over. A few of the patches also differ in complexion from my natural skin. And these lumps or bumps have developed on my skin.,मेरे शरीर में अब लाल धब्बे हैं जहां मुझे पूरी तरह से बुरी तरह से खुजली हो रही है। कुछ पैच भी मेरी प्राकृतिक त्वचा से रंग में भिन्न होते हैं। और ये गांठ या धक्के मेरी त्वचा पर विकसित हुए हैं।,আমার সারা শরীর জুড়ে এখন লাল দাগ রয়েছে যেখানে আমি পুরোপুরি ভয়াবহভাবে চুলকানি করছি। কয়েকটি প্যাচগুলি আমার প্রাকৃতিক ত্বক থেকে বর্ণের মধ্যেও পৃথক। এবং এই গলদা বা ধাক্কা আমার ত্বকে বিকশিত হয়েছে।
50,Common Cold,"I can't stop sneezing and my nose is really runny. I'm also really cold and tired all the time, and I've been coughing a lot. My fever is really high too, like way above normal.","मैं छींकना बंद नहीं कर सकता और मेरी नाक वास्तव में बह रही है। मैं भी हर समय वास्तव में ठंडा और थका हुआ हूं, और मैं बहुत खांसी कर रहा हूं। मेरा बुखार वास्तव में बहुत अधिक है, जैसे सामान्य से ऊपर।","আমি হাঁচি থামাতে পারি না এবং আমার নাক সত্যিই প্রবাহিত। আমিও সারাক্ষণ সত্যিই ঠান্ডা এবং ক্লান্ত, এবং আমি অনেক কাশি করছি। আমার জ্বরটি খুব বেশি, স্বাভাবিকের চেয়েও বেশি।"
51,Common Cold,"My nose is extremely runny, and I can't seem to stop sneezing. In addition, I constantly feel cold, exhausted, and I've been coughing a lot. My fever is also really high far above normal.","मेरी नाक बेहद बहती है, और मैं छींकना बंद नहीं कर सकता। इसके अलावा, मैं लगातार ठंडा महसूस करता हूं, थका हुआ हूं, और मुझे बहुत खांसी हो रही है। मेरा बुखार भी वास्तव में सामान्य से बहुत ऊपर है।","আমার নাকটি অত্যন্ত প্রবাহিত, এবং আমি হাঁচি বন্ধ করতে পারি না বলে মনে হয়। তদতিরিক্ত, আমি ক্রমাগত শীতল, ক্লান্ত বোধ করি এবং আমি প্রচুর কাশি হয়ে যাচ্ছি। আমার জ্বরও স্বাভাবিকের চেয়ে অনেক বেশি উপরে।"
52,Common Cold,"I've been sneezing nonstop and I can't seem to shake this chill. I'm feeling really weak and tired, and my cough won't go away. My fever is really high","मैं नॉनस्टॉप छींक रहा हूं और मैं इस चिल को हिला नहीं सकता। मैं वास्तव में कमजोर और थका हुआ महसूस कर रहा हूं, और मेरी खांसी दूर नहीं होगी। मेरा बुखार वास्तव में अधिक है",আমি ননস্টপ হাঁচি দিচ্ছি এবং আমি এই শীতল কাঁপতে পারি না বলে মনে হচ্ছে। আমি সত্যিই দুর্বল এবং ক্লান্ত বোধ করছি এবং আমার কাশি চলে যাবে না। আমার জ্বর সত্যিই বেশি
53,Common Cold,"I've been sneezing incessantly and I just can't get this chill to go away. I feel so weak and exhausted, and my cough won't stop. My temperature is really high.","मैं लगातार छींक रहा हूं और मैं बस इस चिल को दूर नहीं कर सकता। मैं बहुत कमजोर और थका हुआ महसूस करता हूं, और मेरी खांसी बंद नहीं होगी। मेरा तापमान वास्तव में अधिक है।",আমি অবিচ্ছিন্নভাবে হাঁচি দিচ্ছি এবং আমি এই ঠাণ্ডা দূরে যেতে পারি না। আমি খুব দুর্বল এবং ক্লান্ত বোধ করছি এবং আমার কাশি থামবে না। আমার তাপমাত্রা সত্যিই বেশি।
54,Common Cold,I'm constantly sneezing and my body is shaking from being cold. I'm so tired I can barely move and my head is killing me. My fever is through the roof,मैं लगातार छींक रहा हूं और मेरा शरीर ठंडा होने से हिल रहा है। मैं बहुत थक गया हूं मैं मुश्किल से आगे बढ़ सकता हूं और मेरा सिर मुझे मार रहा है। मेरा बुखार छत के माध्यम से है,আমি ক্রমাগত হাঁচি দিচ্ছি এবং আমার শরীর ঠান্ডা হওয়া থেকে কাঁপছে। আমি খুব ক্লান্ত আমি সবেমাত্র সরে যেতে পারি এবং আমার মাথা আমাকে হত্যা করছে। আমার জ্বর ছাদ দিয়ে
55,Common Cold,"I'm constantly sneezing, and the cold is making my body tremble. I'm so exhausted that I can hardly move, and my head hurts. My fever is quite high.","मैं लगातार छींक रहा हूं, और ठंड मेरे शरीर को कांप रही है। मैं इतना थक गया हूं कि मैं मुश्किल से आगे बढ़ सकता हूं, और मेरा सिर दर्द करता है। मेरा बुखार काफी अधिक है।","আমি ক্রমাগত হাঁচি দিচ্ছি, এবং ঠান্ডা আমার শরীরকে কাঁপিয়ে তুলছে। আমি এতটাই ক্লান্ত হয়ে পড়েছি যে আমি খুব কমই চলতে পারি, এবং আমার মাথা ব্যথা করে। আমার জ্বর বেশ উঁচুতে।"
56,Common Cold,"I've been quite exhausted and ill. I'm sneezing nonstop and am quite cold. My head is throbbing, and I lack energy. Additionally, I have a very high fever and feel like I am on fire.","मैं काफी थका हुआ और बीमार हो गया हूं। मैं नॉनस्टॉप छींक रहा हूं और काफी ठंडा हूं। मेरा सिर धड़क रहा है, और मेरे पास ऊर्जा की कमी है। इसके अतिरिक्त, मुझे बहुत तेज बुखार है और मुझे लगता है कि मैं आग पर हूं।","আমি বেশ ক্লান্ত ও অসুস্থ হয়ে পড়েছি। আমি ননস্টপ হাঁচি দিচ্ছি এবং বেশ ঠান্ডা। আমার মাথাটি কাঁপছে, এবং আমার শক্তির অভাব রয়েছে। অতিরিক্তভাবে, আমার খুব উচ্চ জ্বর রয়েছে এবং মনে হচ্ছে আমি আগুনে আছি।"
57,Common Cold,"I've been feeling really tired and sick. I've been sneezing a lot and I can't seem to get warm. I'm so tired and my head is killing me. And my fever is really high, like I'm boiling.","मैं वास्तव में थका हुआ और बीमार महसूस कर रहा हूं। मैं बहुत छींक रहा हूं और मैं गर्म नहीं लग सकता। मैं बहुत थक गया हूँ और मेरा सिर मुझे मार रहा है। और मेरा बुखार वास्तव में अधिक है, जैसे मैं उबल रहा हूं।","আমি সত্যিই ক্লান্ত এবং অসুস্থ বোধ করছি। আমি অনেক হাঁচি দিচ্ছি এবং আমি গরম হতে পারি না বলে মনে হচ্ছে। আমি খুব ক্লান্ত এবং আমার মাথা আমাকে হত্যা করছে। এবং আমার জ্বর সত্যিই উঁচু, যেমন আমি ফুটন্ত।"
58,Common Cold,"I've been quite exhausted and ill. My throat has been quite painful, and I've had a fairly nasty cough. I've got a lot of chills and a pretty high temperature. Just feeling extremely run down and weak","मैं काफी थका हुआ और बीमार हो गया हूं। मेरा गला काफी दर्दनाक रहा है, और मुझे काफी बुरा खांसी हुई है। मुझे बहुत सारी ठंड लगी है और बहुत अधिक तापमान है। बस बेहद नीचे और कमजोर लग रहा है","আমি বেশ ক্লান্ত ও অসুস্থ হয়ে পড়েছি। আমার গলা বেশ বেদনাদায়ক হয়েছে, এবং আমার মোটামুটি কদর্য কাশি হয়েছে। আমি প্রচুর শীতল এবং একটি উচ্চ উচ্চ তাপমাত্রা পেয়েছি। শুধু অত্যন্ত দৌড়াদৌড়ি এবং দুর্বল বোধ"
59,Common Cold,"I've been quite exhausted and ill. I have been sneezing a lot and am having trouble warming up. I'm so exhausted, and my head hurts. And I feel like I am boiling over with my high temperature.","मैं काफी थका हुआ और बीमार हो गया हूं। मैं बहुत छींक रहा हूं और मुझे गर्म करने में परेशानी हो रही है। मैं बहुत थक गया हूँ, और मेरा सिर दर्द होता है। और मुझे लगता है कि मैं अपने उच्च तापमान के साथ उबल रहा हूं।","আমি বেশ ক্লান্ত ও অসুস্থ হয়ে পড়েছি। আমি অনেকটা হাঁচি দিচ্ছি এবং উষ্ণতা তুলতে সমস্যা হচ্ছে। আমি খুব ক্লান্ত হয়ে পড়েছি, এবং আমার মাথা ব্যাথা করছে। এবং আমার মনে হচ্ছে আমি আমার উচ্চ তাপমাত্রা নিয়ে ফুটে উঠছি।"
60,Common Cold,I can't stop sneezing and I feel really tired and crummy. My throat is really sore and I have a lot of gunky stuff in my nose and throat. My neck feels swollen and puffy too.,मैं छींकना बंद नहीं कर सकता और मैं वास्तव में थका हुआ और क्रमी महसूस करता हूं। मेरा गला वास्तव में गले में खराश है और मेरी नाक और गले में बहुत सारे गनकी सामान हैं। मेरी गर्दन सूजन और झोंपड़ी भी लगती है।,আমি হাঁচি থামাতে পারি না এবং আমি সত্যিই ক্লান্ত এবং ক্রমি বোধ করি। আমার গলা সত্যিই ঘা এবং আমার নাক এবং গলায় প্রচুর গাঙ্কি স্টাফ রয়েছে। আমার ঘাড়ে ফোলা এবং দমকাও অনুভূত হয়।
61,Common Cold,"I can't stop sneezing, and I'm exhausted and sick. My throat is really uncomfortable, and there is a lot of junk in my nose and throat. My neck is also swollen and puffy.","मैं छींकना बंद नहीं कर सकता, और मैं थका हुआ और बीमार हूं। मेरा गला वास्तव में असहज है, और मेरी नाक और गले में बहुत कबाड़ है। मेरी गर्दन भी सूज गई और पफी है।","আমি হাঁচি থামাতে পারি না, এবং আমি ক্লান্ত এবং অসুস্থ। আমার গলা সত্যিই অস্বস্তিকর, এবং আমার নাক এবং গলায় প্রচুর জাঙ্ক রয়েছে। আমার ঘাড়ও ফুলে গেছে এবং দমকা।"
62,Common Cold,"I keep sneezing, and I'm miserable and exhausted. I have a lot of gunky things in my nose and throat, and my throat is really hurting. My neck also feels puffy and swollen.","मैं छींकता रहता हूं, और मैं दुखी और थका हुआ हूं। मेरी नाक और गले में बहुत सी गनकी चीजें हैं, और मेरा गला वास्तव में दर्द हो रहा है। मेरी गर्दन भी पफी और सूजन महसूस करती है।","আমি হাঁচি রাখি, এবং আমি দু: খিত এবং ক্লান্ত হয়ে পড়েছি। আমার নাক এবং গলায় প্রচুর গুনকি জিনিস রয়েছে এবং আমার গলা সত্যিই ব্যথা করছে। আমার ঘাড়ও দমবন্ধ এবং ফোলা বোধ করে।"
63,Common Cold,I've been feeling really exhausted and sick to my stomach. I've had a really bad cough and my throat has hurt a lot. I've experienced substantial sinus pressure and a congested nose. I'm really unpleasant and worn out.,मैं वास्तव में अपने पेट के लिए थका हुआ और बीमार महसूस कर रहा हूं। मुझे वास्तव में खराब खांसी हुई है और मेरे गले में बहुत चोट लगी है। मैंने पर्याप्त साइनस दबाव और एक भीड़भाड़ वाली नाक का अनुभव किया है। मैं वास्तव में अप्रिय हूं और खराब हो गया हूं।,আমি আমার পেটে সত্যিই ক্লান্ত এবং অসুস্থ বোধ করছি। আমি সত্যিই খারাপ কাশি পেয়েছি এবং আমার গলা অনেক আঘাত করেছে। আমি যথেষ্ট সাইনাস চাপ এবং একটি যানজট নাক অভিজ্ঞতা পেয়েছি। আমি সত্যিই অপ্রীতিকর এবং জরাজীর্ণ।
64,Common Cold,I've been sneezing a lot and feeling really tired and sick. There's also a lot of gross stuff coming out of my nose and my throat feels really scratchy. And my neck feels swollen too.,मैं बहुत छींक रहा हूं और वास्तव में थका हुआ और बीमार महसूस कर रहा हूं। मेरी नाक से बहुत सारी सकल सामान भी आ रहा है और मेरा गला वास्तव में खरोंच है। और मेरी गर्दन भी सूज गई।,আমি প্রচুর হাঁচি দিচ্ছি এবং সত্যিই ক্লান্ত এবং অসুস্থ বোধ করছি। আমার নাক থেকে প্রচুর স্থূল জিনিস বেরিয়ে আসা এবং আমার গলাটি সত্যিই স্ক্র্যাচি অনুভব করে। এবং আমার ঘাড়ও ফুলে গেছে বলে মনে হচ্ছে।
65,Common Cold,"I've been wheezing a lot and am generally feeling sick and exhausted. My throat feels really scratchy, and a lot of gross stuff is flowing out of my nose. My neck also feels bloated.","मैं बहुत घरघराहट कर रहा हूं और आम तौर पर बीमार और थका हुआ महसूस कर रहा हूं। मेरा गला वास्तव में खरोंच लगता है, और बहुत सारे सकल सामान मेरी नाक से बह रहे हैं। मेरी गर्दन भी फूला हुआ लग रहा है।",আমি প্রচুর পরিমাণে ঘ্রাণ নিচ্ছি এবং সাধারণত অসুস্থ ও ক্লান্ত বোধ করছি। আমার গলাটি সত্যিই স্ক্র্যাচি অনুভব করে এবং আমার নাক থেকে প্রচুর স্থূল জিনিস প্রবাহিত হচ্ছে। আমার ঘাড়ও ফুলে গেছে বলে মনে হয়।
66,Common Cold,"My sinuses feel incredibly congested, and my eyes are continuously red. I just constantly feel drained and exhausted. In addition, I have a lot of uncomfortable phlegm in my throat. My lymph nodes feel bloated, and breathing has been challenging.","मेरे साइनस अविश्वसनीय रूप से भीड़भाड़ महसूस करते हैं, और मेरी आँखें लगातार लाल हैं। मैं बस लगातार सूखा और थका हुआ महसूस करता हूं। इसके अलावा, मेरे गले में बहुत असहज कफ है। मेरे लिम्फ नोड्स फूला हुआ महसूस करते हैं, और श्वास चुनौतीपूर्ण है।","আমার সাইনাসগুলি অবিশ্বাস্যভাবে ভিড় অনুভব করে এবং আমার চোখ ক্রমাগত লাল। আমি কেবল ক্রমাগত শুকনো এবং ক্লান্ত বোধ করি। এছাড়াও, আমার গলায় আমার প্রচুর অস্বস্তিকর কফ রয়েছে। আমার লিম্ফ নোডগুলি ফুলে গেছে বলে মনে হয় এবং শ্বাস প্রশ্বাসের চ্যালেঞ্জ হয়ে দাঁড়িয়েছে।"
67,Common Cold,My eyes have been really red and my sinuses feel congested. I just don't have any energy and my throat has been really itchy. I've also noticed my lymph nodes are swollen and I've been coughing up a lot of phlegm.,मेरी आँखें वास्तव में लाल हो गई हैं और मेरे साइनस भीड़भाड़ महसूस करते हैं। मेरे पास अभी कोई ऊर्जा नहीं है और मेरा गला वास्तव में खुजली है। मैंने यह भी देखा है कि मेरे लिम्फ नोड्स सूज गए हैं और मैं बहुत कफ में खांसी कर रहा हूं।,আমার চোখ সত্যিই লাল হয়েছে এবং আমার সাইনাসগুলি ভিড় অনুভব করে। আমার কেবল কোনও শক্তি নেই এবং আমার গলা সত্যিই চুলকানি হয়েছে। আমি আরও লক্ষ্য করেছি যে আমার লিম্ফ নোডগুলি ফুলে গেছে এবং আমি প্রচুর কফ কাশি করছি।
68,Common Cold,"My sinuses feel stuffy, and my eyes have been quite red. I simply lack energy, and my throat has been really scratchy. Along with the swelling in my lymph nodes, I've also been coughing up a lot of phlegm.","मेरे साइनस भरपूर महसूस करते हैं, और मेरी आँखें काफी लाल हो गई हैं। मुझे बस ऊर्जा की कमी है, और मेरा गला वास्तव में खरोंच रहा है। मेरे लिम्फ नोड्स में सूजन के साथ, मैं भी बहुत कफ में खांसी कर रहा हूं।","আমার সাইনাসগুলি স্টাফ অনুভব করে এবং আমার চোখ বেশ লাল হয়েছে। আমার কেবল শক্তির অভাব রয়েছে, এবং আমার গলা সত্যিই আঁচড়যুক্ত। আমার লিম্ফ নোডগুলিতে ফোলাভাবের পাশাপাশি আমি প্রচুর কফও কাশি করছি।"
69,Common Cold,"My eyes are always red and itchy, and my nose feels all stuffy and congested. I just feel kind of sick and tired all the time, and I keep coughing up all this gunk. My throat feels sore and scratchy, and I've noticed that the bumps on my neck are bigger than usual","मेरी आँखें हमेशा लाल और खुजली वाली होती हैं, और मेरी नाक सभी भरी हुई और भीड़भाड़ होती है। मैं बस हर समय बीमार और थका हुआ महसूस करता हूं, और मैं इस सभी गन को खांसी करता रहता हूं। मेरा गला गले में खराश और खरोंच लगता है, और मैंने देखा है कि मेरी गर्दन पर धक्कों सामान्य से बड़े हैं",আমার চোখ সবসময় লাল এবং চুলকানি হয় এবং আমার নাক সমস্ত ভরাট এবং ভিড় অনুভব করে। আমি সারাক্ষণ এক ধরণের অসুস্থ এবং ক্লান্ত বোধ করি এবং আমি এই সমস্ত বন্দুকটি কাশি করে রাখি। আমার গলাটি ঘা এবং স্ক্র্যাচি অনুভব করে এবং আমি লক্ষ্য করেছি যে আমার ঘাড়ে ধাক্কাগুলি স্বাভাবিকের চেয়ে বড়
70,Common Cold,"My nose always feels stuffy and congested, and my eyes are always red and itching. I have a feeling of being unwell and fatigued, and I keep hacking up this gunk. I have a scratchy, irritated throat, and I've seen that my neck's bumps are larger than usual.","मेरी नाक हमेशा भरी हुई और भीड़भाड़ महसूस करती है, और मेरी आँखें हमेशा लाल और खुजली होती हैं। मुझे अस्वस्थ और थका हुआ होने का एहसास है, और मैं इस गन को हैक कर रहा हूं। मेरे पास एक खरोंच, चिढ़ गया गला है, और मैंने देखा है कि मेरी गर्दन के धक्के सामान्य से बड़े हैं।","আমার নাক সর্বদা স্টাফ এবং ভিড় অনুভব করে এবং আমার চোখ সবসময় লাল এবং চুলকানি হয়। আমার অসুস্থ ও ক্লান্তিকর হওয়ার অনুভূতি রয়েছে এবং আমি এই বন্দুকটি হ্যাক করতে থাকি। আমার একটি স্ক্র্যাচি, বিরক্ত গলা আছে এবং আমি দেখেছি যে আমার ঘাড়ের ঘাড়গুলি স্বাভাবিকের চেয়ে বড়।"
71,Common Cold,"I keep sneezing, and my eyes don't quit dripping. It's incredibly difficult for me to breathe because it feels like there is something trapped in my throat. I often feel exhausted, and lately, I've had a lot of phlegm. Moreover, my lymph nodes are enlarged.","मैं छींकते रहता हूं, और मेरी आँखें टपकता नहीं रहती हैं। मेरे लिए सांस लेना अविश्वसनीय रूप से मुश्किल है क्योंकि ऐसा लगता है कि मेरे गले में कुछ फंस गया है। मैं अक्सर थका हुआ महसूस करता हूं, और हाल ही में, मुझे बहुत कफ है। इसके अलावा, मेरे लिम्फ नोड्स बढ़े हुए हैं।","আমি হাঁচি রাখি, এবং আমার চোখ ফোঁটা ফোঁটা ছেড়ে দেয় না। শ্বাস নেওয়া আমার পক্ষে অবিশ্বাস্যভাবে কঠিন কারণ মনে হচ্ছে আমার গলায় কিছু আটকা পড়েছে। আমি প্রায়শই ক্লান্ত বোধ করি এবং ইদানীং আমার প্রচুর কফ ছিল। তদুপরি, আমার লিম্ফ নোডগুলি বাড়ানো হয়েছে।"
72,Common Cold,My eyes are red and watery all the time. I've also had this pressure in my sinuses that won't go away. I'm always feeling tired and I've been having a lot of trouble breathing. I've also had a lot of gunk in my throat and my lymph nodes are swollen.,मेरी आँखें हर समय लाल और पानी से भरी होती हैं। मैंने अपने साइनस में यह दबाव भी किया है जो दूर नहीं जाएगा। मैं हमेशा थका हुआ महसूस कर रहा हूं और मुझे सांस लेने में बहुत परेशानी हो रही है। मैंने अपने गले में बहुत गन किया है और मेरे लिम्फ नोड्स सूज गए हैं।,আমার চোখ সব সময় লাল এবং জলযুক্ত। আমার সাইনাসগুলিতেও এই চাপ ছিল যা দূরে যাবে না। আমি সবসময় ক্লান্ত বোধ করি এবং শ্বাস নিতে আমার অনেক সমস্যা হচ্ছে। আমার গলায়ও প্রচুর পরিমাণে বন্দুক ছিল এবং আমার লিম্ফ নোডগুলি ফুলে গেছে।
73,Common Cold,"My eyes are constantly red and runny. A persistent tightness in my sinuses has also been bothering me. I've been having a lot of difficulties breathing and constantly feel fatigued. In addition, I have a lot of throat mucus and inflamed lymph nodes.","मेरी आँखें लगातार लाल और बहती रहती हैं। मेरे साइनस में लगातार जकड़न भी मुझे परेशान कर रही है। मुझे सांस लेने में बहुत कठिनाइयाँ हो रही हैं और लगातार थका हुआ महसूस कर रहे हैं। इसके अलावा, मेरे पास गले का बहुत म्यूकस है और लिम्फ नोड्स को फुलाया जाता है।","আমার চোখ ক্রমাগত লাল এবং প্রবাহিত। আমার সাইনাসের একটি অবিরাম দৃ ness ়তা আমাকেও বিরক্ত করছে। আমি শ্বাস নিতে অনেক অসুবিধা করছি এবং ক্রমাগত ক্লান্তি বোধ করছি। এছাড়াও, আমার প্রচুর গলা শ্লেষ্মা এবং স্ফীত লিম্ফ নোড রয়েছে।"
74,Common Cold,"My nose feels quite clogged, and my eyes are constantly very red and runny. In addition, my chest hurts and I've been having a lot of breathing problems. In addition, my muscles feel quite painful, and I can't smell anything.","मेरी नाक काफी भरा हुआ लगता है, और मेरी आँखें लगातार बहुत लाल और बहती रहती हैं। इसके अलावा, मेरी छाती में दर्द होता है और मुझे सांस लेने में बहुत समस्या हो रही है। इसके अलावा, मेरी मांसपेशियों को काफी दर्दनाक लगता है, और मैं कुछ भी सूंघ नहीं सकता।","আমার নাকটি বেশ আটকে আছে বলে মনে হচ্ছে এবং আমার চোখ ক্রমাগত খুব লাল এবং প্রবাহিত। তদতিরিক্ত, আমার বুক ব্যাথা করে এবং আমার প্রচুর শ্বাস প্রশ্বাসের সমস্যা হচ্ছে। তদতিরিক্ত, আমার পেশীগুলি বেশ বেদনাদায়ক বোধ করে এবং আমি কিছু গন্ধ করতে পারি না।"
75,Common Cold,"My eyes are usually red and runny, and my nose is always stuffy. I've also been having difficulty breathing and my chest hurts. In addition, I can't smell anything and my muscles are quite painful.","मेरी आँखें आमतौर पर लाल और बहती होती हैं, और मेरी नाक हमेशा भरी होती है। मुझे सांस लेने में भी कठिनाई हो रही है और मेरी छाती में दर्द होता है। इसके अलावा, मैं कुछ भी सूंघ नहीं सकता और मेरी मांसपेशियां काफी दर्दनाक हैं।","আমার চোখ সাধারণত লাল এবং সরু হয় এবং আমার নাক সর্বদা ভরাট থাকে। আমার শ্বাস নিতেও অসুবিধা হচ্ছে এবং আমার বুক ব্যাথা করছে। তদতিরিক্ত, আমি কিছু গন্ধ করতে পারি না এবং আমার পেশীগুলি বেশ বেদনাদায়ক।"
76,Common Cold,"My eyes are usually red and inflamed, and I have the impression that something is clogging my sinuses. I've been coughing up a lot of gunk, and my chest hurts. I can't smell anything, and my muscles are aching.","मेरी आँखें आमतौर पर लाल और सूजन होती हैं, और मुझे यह आभास होता है कि कुछ मेरे साइनस को रोक रहा है। मुझे बहुत गन की खांसी हुई है, और मेरी छाती में दर्द होता है। मैं कुछ भी सूंघ नहीं सकता, और मेरी मांसपेशियां दर्द कर रही हैं।","আমার চোখ সাধারণত লাল এবং ফুলে যায় এবং আমার ধারণা রয়েছে যে কিছু আমার সাইনাস আটকে আছে। আমি প্রচুর বন্দুক কাশি করছি, এবং আমার বুক ব্যাথা করছে। আমি কিছু গন্ধ করতে পারি না, এবং আমার পেশীগুলি ব্যথা করছে।"
77,Common Cold,"My eyes are always red and swollen, and I feel like there's something blocking my sinuses. I've been coughing up a lot of goo and my chest feels really heavy. I can't smell anything and my muscles are really sore","मेरी आँखें हमेशा लाल और सूजी रहती हैं, और मुझे लगता है कि मेरे साइनस को अवरुद्ध कर रहा है। मैं बहुत सारे गू को खांसी कर रहा हूं और मेरी छाती वास्तव में भारी लगती है। मैं कुछ भी सूंघ नहीं सकता और मेरी मांसपेशियां वास्तव में गले में हैं",আমার চোখ সবসময় লাল এবং ফোলা হয় এবং আমার মনে হয় আমার সাইনাসগুলি ব্লক করার মতো কিছু আছে। আমি প্রচুর গু কাশি হয়ে যাচ্ছি এবং আমার বুকটি সত্যিই ভারী বোধ করে। আমি কিছু গন্ধ করতে পারি না এবং আমার পেশীগুলি সত্যিই ঘা
78,Common Cold,"I've been coughing a lot and feeling chilly and shivery. My nose has been quite clogged, and I am experiencing facial pressure. I also have a lot of phlegm, and coughing pains my chest. I can't smell anything, and my muscles are aching.","मैं बहुत खांसी कर रहा हूं और मिर्च और झकझोर महसूस कर रहा हूं। मेरी नाक काफी भरी हुई है, और मैं चेहरे के दबाव का अनुभव कर रहा हूं। मुझे भी बहुत कफ है, और मेरी छाती में खांसी होती है। मैं कुछ भी सूंघ नहीं सकता, और मेरी मांसपेशियां दर्द कर रही हैं।","আমি অনেক কাশি করছি এবং মরিচ এবং শিবির বোধ করছি। আমার নাকটি বেশ আটকে গেছে, এবং আমি মুখের চাপ অনুভব করছি। আমারও প্রচুর কফ রয়েছে, এবং কাশি আমার বুকের ব্যথা করে। আমি কিছু গন্ধ করতে পারি না, এবং আমার পেশীগুলি ব্যথা করছে।"
79,Common Cold,"For days, I've had a nasty cough and cold. My sinuses are clogged, and I have facial pressure. I've also been creating phlegm, and coughing pains my chest. I can't smell anything, and my muscles are aching.","दिनों के लिए, मुझे एक बुरा खांसी और ठंड थी। मेरे साइनस बंद हैं, और मुझे चेहरे का दबाव है। मैं भी कफ बना रहा हूं, और मेरी छाती को खांसी कर रहा हूं। मैं कुछ भी सूंघ नहीं सकता, और मेरी मांसपेशियां दर्द कर रही हैं।","কয়েকদিন ধরে, আমি একটি বাজে কাশি এবং ঠান্ডা ছিল। আমার সাইনাসগুলি আটকে আছে, এবং আমার মুখের চাপ রয়েছে। আমিও কফ তৈরি করছি, এবং কাশি আমার বুকের ব্যথা করে। আমি কিছু গন্ধ করতে পারি না, এবং আমার পেশীগুলি ব্যথা করছে।"
80,Common Cold,"I've had a nasty cough and cold for days. My sinuses are congested, and I have facial pressure. I've also been coughing up mucus, and it pains my chest. I can't smell anything and my muscles are aching.","मुझे दिनों के लिए एक बुरा खांसी और ठंड थी। मेरे साइनस भीड़भाड़ वाले हैं, और मुझे चेहरे का दबाव है। मैं भी बलगम को खांसी कर रहा हूं, और यह मेरी छाती में दर्द होता है। मैं कुछ भी सूंघ नहीं सकता और मेरी मांसपेशियां दर्द कर रही हैं।","আমি কয়েকদিন ধরে বাজে কাশি এবং ঠান্ডা ছিল। আমার সাইনাসগুলি যানজটযুক্ত, এবং আমার মুখের চাপ রয়েছে। আমি শ্লেষ্মাও কাশি করে চলেছি, এবং এটি আমার বুককে ব্যথা করে। আমি কিছু গন্ধ করতে পারি না এবং আমার পেশী ব্যথা করছে।"
81,Common Cold,"My cough and cold have been awful for days. My sinuses are congested, and my face is under strain. Additionally, I've been coughing up phlegm, and it hurts in my chest. I have no sense of smell, and my muscles hurt a lot.","मेरी खांसी और ठंड दिनों के लिए भयानक है। मेरे साइनस भीड़भाड़ वाले हैं, और मेरा चेहरा तनाव में है। इसके अतिरिक्त, मैं कफ को खांसी कर रहा हूं, और यह मेरी छाती में दर्द होता है। मुझे गंध का कोई मतलब नहीं है, और मेरी मांसपेशियों में बहुत चोट लगी है।","আমার কাশি এবং ঠান্ডা কয়েক দিন ধরে ভয়াবহ ছিল। আমার সাইনাসগুলি যানজট হয়, এবং আমার মুখটি স্ট্রেনের মধ্যে রয়েছে। অতিরিক্তভাবে, আমি কফ কাশি করছি, এবং এটি আমার বুকে ব্যথা করে। আমার গন্ধের কোনও ধারণা নেই, এবং আমার পেশীগুলি প্রচুর আঘাত করে।"
82,Common Cold,"I'm coughing nonstop and I'm shivering terribly. I have a stuffy nose and my face is under strain. In addition, my throat is coughing up some nasty gunk, and my chest hurts. My muscles hurt a lot, and I can't smell anything.","मैं नॉनस्टॉप को खांसी कर रहा हूं और मैं बहुत कांप रहा हूं। मेरे पास एक भरी हुई नाक है और मेरा चेहरा तनाव में है। इसके अलावा, मेरा गला कुछ गंदे गन को खांस रहा है, और मेरी छाती में दर्द होता है। मेरी मांसपेशियों में बहुत चोट लगी है, और मैं कुछ भी सूंघ नहीं सकता।","আমি ননস্টপ কাশি করছি এবং আমি ভয়াবহ কাঁপছি। আমার নাকের নাক আছে এবং আমার মুখটি স্ট্রেনের মধ্যে রয়েছে। তদতিরিক্ত, আমার গলা কিছু বাজে বন্দুক কাশি করছে এবং আমার বুক ব্যথা করছে। আমার পেশীগুলি অনেক আঘাত করেছে, এবং আমি কিছু গন্ধ করতে পারি না।"
83,Common Cold,I can't stop coughing and I feel really cold. My sinuses are all blocked and I have a lot of mucus. My chest hurts and I can't smell anything. My muscles are also really sore.,मैं खांसी बंद नहीं कर सकता और मुझे वास्तव में ठंडा लगता है। मेरे साइनस सभी अवरुद्ध हैं और मेरे पास बहुत सारे बलगम हैं। मेरी छाती में दर्द होता है और मैं कुछ भी सूंघ नहीं सकता। मेरी मांसपेशियां भी वास्तव में गले में हैं।,আমি কাশি থামাতে পারি না এবং আমি সত্যিই ঠান্ডা বোধ করি। আমার সাইনাসগুলি সমস্ত অবরুদ্ধ এবং আমার প্রচুর শ্লেষ্মা রয়েছে। আমার বুক ব্যাথা করে এবং আমি কিছু গন্ধ করতে পারি না। আমার পেশীগুলিও সত্যিই ঘা।
84,Common Cold,"I'm coughing nonstop and am really chilly. My mucus production is excessive, and my sinuses are fully clogged. I can't smell anything, and my chest hurts. My muscles are quite painful as well.","मैं नॉनस्टॉप को खांसी कर रहा हूं और वास्तव में मिर्च हूं। मेरा बलगम उत्पादन अत्यधिक है, और मेरे साइनस पूरी तरह से बंद हैं। मैं कुछ भी सूंघ नहीं सकता, और मेरी छाती में दर्द होता है। मेरी मांसपेशियां काफी दर्दनाक भी हैं।","আমি ননস্টপ কাশি করছি এবং সত্যিই মরিচ। আমার শ্লেষ্মা উত্পাদন অতিরিক্ত, এবং আমার সাইনাসগুলি পুরোপুরি আটকে আছে। আমি কিছু গন্ধ করতে পারি না, এবং আমার বুক ব্যাথা করে। আমার পেশীগুলিও বেশ বেদনাদায়ক।"
85,Common Cold,"I can't stop coughing and I'm freezing. My sinuses are completely blocked, and I'm inundated with mucous. My chest hurts, and I'm unable to smell anything. My muscles are also really achy.","मैं खांसी बंद नहीं कर सकता और मैं ठंड कर रहा हूं। मेरे साइनस पूरी तरह से अवरुद्ध हैं, और मैं श्लेष्म के साथ जलमग्न हूं। मेरी छाती में दर्द होता है, और मैं कुछ भी सूंघने में असमर्थ हूं। मेरी मांसपेशियां भी वास्तव में दर्द कर रही हैं।","আমি কাশি থামাতে পারি না এবং আমি হিমশীতল। আমার সাইনাসগুলি সম্পূর্ণ অবরুদ্ধ, এবং আমি শ্লেষ্মা দিয়ে ডুবে গেছে। আমার বুক ব্যাথা করে, এবং আমি কিছু গন্ধ পেতে অক্ষম। আমার পেশীগুলিও সত্যই বেদনাদায়ক।"
86,Common Cold,"I've been coughing a lot and finding it difficult to breathe. My throat hurts and I feel like I have a lot of phlegm trapped in my chest. My nose has been running a lot, and I've been feeling really congested.","मैं बहुत खांसी कर रहा हूं और सांस लेना मुश्किल पा रहा हूं। मेरा गला दर्द होता है और मुझे लगता है कि मेरी छाती में बहुत कफ फंसे हुए हैं। मेरी नाक बहुत चल रही है, और मैं वास्तव में भीड़भाड़ महसूस कर रहा हूं।","আমি অনেক কাশি করছি এবং শ্বাস নিতে অসুবিধা বোধ করছি। আমার গলা ব্যথা করে এবং আমার মনে হয় আমার বুকে প্রচুর কফ আটকে আছে। আমার নাক অনেক চলছে, এবং আমি সত্যিই ভিড় বোধ করছি।"
87,Common Cold,"I've been quite exhausted and ill. My throat has been quite painful, and I've had a fairly nasty cough. I've got a lot of chills and a pretty high temperature. Just feeling extremely run down and weak","मैं काफी थका हुआ और बीमार हो गया हूं। मेरा गला काफी दर्दनाक रहा है, और मुझे काफी बुरा खांसी हुई है। मुझे बहुत सारी ठंड लगी है और बहुत अधिक तापमान है। बस बेहद नीचे और कमजोर लग रहा है","আমি বেশ ক্লান্ত ও অসুস্থ হয়ে পড়েছি। আমার গলা বেশ বেদনাদায়ক হয়েছে, এবং আমার মোটামুটি কদর্য কাশি হয়েছে। আমি প্রচুর শীতল এবং একটি উচ্চ উচ্চ তাপমাত্রা পেয়েছি। শুধু অত্যন্ত দৌড়াদৌড়ি এবং দুর্বল বোধ"
88,Common Cold,"I've been experiencing severe weariness and a sickly sensation. My throat has been really painful and I've had a fairly severe cough. My nose has been quite stuffy, and I've had significant sinus pressure. I'm really miserable and extremely exhausted.","मैं गंभीर थकावट और एक बीमार सनसनी का अनुभव कर रहा हूं। मेरा गला वास्तव में दर्दनाक रहा है और मुझे काफी गंभीर खांसी हुई है। मेरी नाक काफी भरी हुई है, और मुझे महत्वपूर्ण साइनस दबाव है। मैं वास्तव में दुखी और बेहद थका हुआ हूं।","আমি মারাত্মক ক্লান্তি এবং একটি অসুস্থ সংবেদন অনুভব করছি। আমার গলা সত্যিই বেদনাদায়ক হয়েছে এবং আমার মোটামুটি তীব্র কাশি হয়েছে। আমার নাকটি বেশ ভরাট হয়েছে, এবং আমার উল্লেখযোগ্য সাইনাসের চাপ ছিল। আমি সত্যিই কৃপণ এবং অত্যন্ত ক্লান্ত।"
89,Common Cold,I've been feeling really sick and I've had a lot of fatigue. I've had a really bad cough and my throat has been really sore. I've had a lot of sinus pressure and my nose has been really congested. I just feel really run down and miserable.,मैं वास्तव में बीमार महसूस कर रहा हूं और मुझे बहुत थकान है। मुझे वास्तव में खराब खांसी हुई है और मेरा गला वास्तव में गले में है। मुझे बहुत साइनस का दबाव है और मेरी नाक वास्तव में भीड़भाड़ वाली है। मुझे लगता है कि वास्तव में नीचे और दुखी है।,আমি সত্যিই অসুস্থ বোধ করছি এবং আমার প্রচুর ক্লান্তি হয়েছে। আমি সত্যিই খারাপ কাশি করেছি এবং আমার গলা সত্যিই ব্যথা পেয়েছে। আমার প্রচুর সাইনাস চাপ ছিল এবং আমার নাক সত্যিই ভিড় হয়েছে। আমি কেবল সত্যিই নিচে এবং কৃপণ বোধ করছি।
90,Common Cold,"I've been quite exhausted and ill. My throat has been quite painful, and I've had a fairly nasty cough. I've got a lot of chills and a pretty high temperature. Simply put, I feel really run down and feeble.","मैं काफी थका हुआ और बीमार हो गया हूं। मेरा गला काफी दर्दनाक रहा है, और मुझे काफी बुरा खांसी हुई है। मुझे बहुत सारी ठंड लगी है और बहुत अधिक तापमान है। सीधे शब्दों में कहें, मुझे लगता है कि वास्तव में नीचे और कमजोर भागते हैं।","আমি বেশ ক্লান্ত ও অসুস্থ হয়ে পড়েছি। আমার গলা বেশ বেদনাদায়ক হয়েছে, এবং আমার মোটামুটি কদর্য কাশি হয়েছে। আমি প্রচুর শীতল এবং একটি উচ্চ উচ্চ তাপমাত্রা পেয়েছি। সহজ কথায় বলতে গেলে, আমি সত্যিই নিচে এবং দুর্বল বোধ করি।"
91,Common Cold,I've been really weary and ill. I've been suffering from a severe cough and sore throat. I've got a lot of chills and a pretty high temperature. I simply feel tired and run down.,मैं वास्तव में थका हुआ और बीमार हो गया हूं। मैं एक गंभीर खांसी और गले में खराश से पीड़ित हूं। मुझे बहुत सारी ठंड लगी है और बहुत अधिक तापमान है। मैं बस थका हुआ महसूस करता हूं और नीचे भागता हूं।,আমি সত্যিই ক্লান্ত এবং অসুস্থ হয়েছি। আমি মারাত্মক কাশিতে ভুগছি এবং গলা ব্যথা করছি। আমি প্রচুর শীতল এবং একটি উচ্চ উচ্চ তাপমাত্রা পেয়েছি। আমি কেবল ক্লান্ত বোধ করি এবং নিচে ছুটে যাই।
92,Common Cold,"I can't quit sneezing, and my nose is running. I'm also constantly chilly and exhausted, and I've been coughing a lot. My fever is also really high, well above usual.","मैं छींक नहीं छोड़ सकता, और मेरी नाक चल रही है। मैं भी लगातार मिर्च और थका हुआ हूं, और मैं बहुत खांसी कर रहा हूं। मेरा बुखार भी वास्तव में उच्च है, अच्छी तरह से सामान्य से ऊपर है।","আমি হাঁচি ছাড়তে পারি না, এবং আমার নাক চলছে। আমিও ক্রমাগত মরিচ এবং ক্লান্ত হয়ে পড়েছি এবং আমি অনেক কাশি করছি। আমার জ্বরটিও সত্যই উচ্চ, স্বাভাবিকের চেয়েও বেশি।"
93,Common Cold,"I've been feeling awful, with a lot of congestion and a runny nose. I've been coughing a lot and having a lot of chest pain. My fever has been really high, and I've been experiencing severe muscular discomfort.","मैं बहुत अधिक भीड़ और एक बहती नाक के साथ भयानक महसूस कर रहा हूं। मैं बहुत खांसी कर रहा हूं और सीने में बहुत दर्द कर रहा हूं। मेरा बुखार वास्तव में अधिक रहा है, और मैं गंभीर मांसपेशियों की असुविधा का अनुभव कर रहा हूं।","আমি প্রচুর যানজট এবং একটি সর্দি নাকের সাথে ভয়াবহ বোধ করছি। আমি অনেক কাশি করছি এবং প্রচুর বুকে ব্যথা করছি। আমার জ্বর সত্যিই বেশি ছিল, এবং আমি তীব্র পেশীবহুল অস্বস্তি অনুভব করছি।"
94,Common Cold,"My neck is swollen, and I'm exhausted. My throat is scratchy, and my eyes are burning red. My nose is really clogged, and I am experiencing facial pressure. My chest hurts, and I'm unable to smell anything.","मेरी गर्दन सूज गई है, और मैं थक गया हूं। मेरा गला खरोंच है, और मेरी आँखें लाल जल रही हैं। मेरी नाक वास्तव में भरा हुआ है, और मैं चेहरे के दबाव का अनुभव कर रहा हूं। मेरी छाती में दर्द होता है, और मैं कुछ भी सूंघने में असमर्थ हूं।","আমার ঘাড় ফুলে গেছে, এবং আমি ক্লান্ত হয়ে পড়েছি। আমার গলা আঞ্চলিক, এবং আমার চোখ লাল জ্বলছে। আমার নাক সত্যিই আটকে আছে, এবং আমি মুখের চাপ অনুভব করছি। আমার বুক ব্যাথা করে, এবং আমি কিছু গন্ধ পেতে অক্ষম।"
95,Common Cold,"I lack energy and feel like my neck is bloated. My eyes are red, and my throat feels scratchy. I have severe congestion in my nostrils, and my face is under pressure. I can't smell anything, and my chest hurts.","मुझे ऊर्जा की कमी है और ऐसा लगता है कि मेरी गर्दन फूला हुआ है। मेरी आँखें लाल हैं, और मेरा गला खरोंच लगता है। मेरे नथुने में गंभीर भीड़ है, और मेरा चेहरा दबाव में है। मैं कुछ भी सूंघ नहीं सकता, और मेरी छाती में दर्द होता है।","আমার শক্তির অভাব রয়েছে এবং মনে হচ্ছে আমার ঘাড় ফুলে গেছে। আমার চোখ লাল, এবং আমার গলা স্ক্র্যাচি অনুভব করে। আমার নাকের নাকের মধ্যে গুরুতর যানজট রয়েছে এবং আমার মুখের চাপে রয়েছে। আমি কিছু গন্ধ করতে পারি না, এবং আমার বুক ব্যাথা করে।"
96,Common Cold,"I feel quite weak, and my lymph nodes are enlarged. My eyes are burning, and my throat hurts. My sinuses are under strain, and my nose is stuffy. I can't smell anything, and my chest hurts.","मैं काफी कमजोर महसूस करता हूं, और मेरे लिम्फ नोड्स बढ़े हुए हैं। मेरी आँखें जल रही हैं, और मेरा गला दर्द होता है। मेरे साइनस तनाव में हैं, और मेरी नाक भरी हुई है। मैं कुछ भी सूंघ नहीं सकता, और मेरी छाती में दर्द होता है।","আমি বেশ দুর্বল বোধ করি, এবং আমার লিম্ফ নোডগুলি বাড়ানো হয়েছে। আমার চোখ জ্বলছে, এবং আমার গলা ব্যথা করছে। আমার সাইনাসগুলি স্ট্রেনের নিচে রয়েছে এবং আমার নাকটি ভরাট। আমি কিছু গন্ধ করতে পারি না, এবং আমার বুক ব্যাথা করে।"
97,Common Cold,"I've had a terrible cough and cold for days. My face is tired and my sinuses are blocked. In addition, my chest hurts from the phlegm I've been coughing up. I can't smell, and my muscles are in terrible pain.","मुझे दिनों के लिए एक भयानक खांसी और ठंड थी। मेरा चेहरा थका हुआ है और मेरे साइनस अवरुद्ध हैं। इसके अलावा, मेरी छाती कफ से दर्द करती है कि मैं खांसी कर रहा हूं। मैं गंध नहीं कर सकता, और मेरी मांसपेशियां भयानक दर्द में हैं।","আমি কয়েকদিন ধরে ভয়াবহ কাশি এবং ঠান্ডা ছিল। আমার মুখ ক্লান্ত এবং আমার সাইনাসগুলি অবরুদ্ধ। এছাড়াও, আমি কাশি থেকে কাশি থেকে আমার বুক ব্যথা করে। আমি গন্ধ পেতে পারি না, এবং আমার পেশীগুলি ভয়াবহ ব্যথায় রয়েছে।"
98,Common Cold,"I have red, watery eyes all the time. My sinuses have also been bothered by a constant tightness. My breathing has been quite tough, and I've been feeling worn out all the time. My lymph nodes are irritated, and I also have a lot of throat mucous.","मेरे पास हर समय लाल, पानी वाली आँखें हैं। मेरे साइनस को भी लगातार जकड़न से परेशान किया गया है। मेरी सांस काफी कठिन रही है, और मैं हर समय पहना हुआ महसूस कर रहा हूं। मेरे लिम्फ नोड्स चिढ़ते हैं, और मेरे पास गले का बहुत श्लेष्म भी है।","আমার সারাক্ষণ লাল, জলযুক্ত চোখ থাকে। আমার সাইনাসগুলিও ধ্রুবক দৃ ness ়তার দ্বারা বিরক্ত হয়েছে। আমার শ্বাস প্রশ্বাস বেশ শক্ত হয়েছে, এবং আমি সর্বদা জীর্ণ বোধ করছি। আমার লিম্ফ নোডগুলি বিরক্ত হয় এবং আমারও প্রচুর গলা শ্লেষ্মা থাকে।"
99,Common Cold,"I always get hot, puffy eyes and the feeling that something is obstructing my sinuses. My chest feels quite heavy, and I've been coughing up a lot of gunk. I have no sense of smell, and my muscles hurt a lot.","मैं हमेशा गर्म, झोंकदार आँखें और यह महसूस करता हूं कि कुछ मेरे साइनस को बाधित कर रहा है। मेरी छाती काफी भारी लगती है, और मैं बहुत गन की खांसी कर रहा हूं। मुझे गंध का कोई मतलब नहीं है, और मेरी मांसपेशियों में बहुत चोट लगी है।","আমি সবসময় গরম, দমকা চোখ এবং অনুভূতিটি পাই যে কিছু আমার সাইনাসকে বাধা দিচ্ছে। আমার বুকটি বেশ ভারী বোধ করে, এবং আমি প্রচুর বন্দুক কাশি করছি। আমার গন্ধের কোনও ধারণা নেই, এবং আমার পেশীগুলি প্রচুর আঘাত করে।"
100,Pneumonia,"I've been feeling really cold and tired lately, and I've been coughing a lot with chest pain. My heart is beating really fast too, and when I cough, the phlegm is kind of a rusty color.","मैं वास्तव में ठंडा और हाल ही में थका हुआ महसूस कर रहा हूं, और मैं सीने में दर्द के साथ बहुत खांसी कर रहा हूं। मेरा दिल बहुत तेजी से भी धड़क रहा है, और जब मैं खांसी करता हूं, तो कफ एक तरह से जंग खाए रंग की तरह होता है।","আমি ইদানীং সত্যিই ঠান্ডা এবং ক্লান্ত বোধ করছি, এবং আমি বুকে ব্যথা নিয়ে প্রচুর কাশি করছি। আমার হৃদয় খুব দ্রুত মারছে, এবং যখন আমি কাশি করি তখন কফটি এক ধরণের মরিচা রঙের।"
101,Pneumonia,"I've been coughing a lot recently with chest pain and feeling incredibly chilly and exhausted. Additionally, my heart is thumping rapidly, and the phlegm I cough up has a reddish hue.","मैं हाल ही में सीने में दर्द और अविश्वसनीय रूप से मिर्च और थका हुआ महसूस कर रहा हूं। इसके अतिरिक्त, मेरा दिल तेजी से थक रहा है, और कफ मैं खांसी ऊपर एक लाल रंग है।","আমি সম্প্রতি বুকে ব্যথা নিয়ে অনেকটা কাশি করছি এবং অবিশ্বাস্যভাবে মরিচ এবং ক্লান্ত বোধ করছি। অতিরিক্তভাবে, আমার হৃদয় দ্রুত ছিটকে যাচ্ছে, এবং আমি কাশির কাশির একটি লালচে রঙের রঙ রয়েছে।"
102,Pneumonia,"I've been feeling really drained and cold, and I can't stop coughing. It hurts in my chest when I do, and my heart feels like it's racing. The mucus I'm coughing up is a gross brownish color.","मैं वास्तव में सूखा और ठंडा महसूस कर रहा हूं, और मैं खांसी बंद नहीं कर सकता। जब मैं करता हूं तो यह मेरी छाती में दर्द होता है, और मेरा दिल ऐसा लगता है जैसे यह दौड़ रहा है। जिस बलगम को मैं खांसी कर रहा हूं वह एक सकल भूरा रंग है।",আমি সত্যিই শুকনো এবং ঠান্ডা বোধ করছি এবং আমি কাশি থামাতে পারি না। আমি যখন করি তখন এটি আমার বুকে ব্যথা করে এবং আমার হৃদয় মনে হয় এটি রেসিং। আমি যে শ্লেষ্মা কাশি করছি তা হ'ল একটি মোট বাদামী রঙের রঙ।
103,Pneumonia,"I've been exhausted and chilly, and I can't stop coughing. When I do, it pains in my chest and makes my heart race. My coughing mucous has a disgusting brownish hue.","मैं थका हुआ और मिर्च हो गया हूं, और मैं खांसी बंद नहीं कर सकता। जब मैं करता हूं, तो यह मेरी छाती में दर्द होता है और मेरे दिल की दौड़ करता है। मेरे खांसी के श्लेष्म में एक घृणित भूरा रंग है।","আমি ক্লান্ত এবং মরিচ হয়েছি, এবং আমি কাশি থামাতে পারি না। আমি যখন করি তখন এটি আমার বুকে ব্যথা করে এবং আমার হৃদয়ের প্রতিযোগিতা করে। আমার কাশি শ্লেষ্মা একটি ঘৃণ্য বাদামী রঙের রঙ রয়েছে।"
104,Pneumonia,"I've been having chills and feeling exhausted, and I can't seem to shake this cough. My chest hurts when I cough, and my heart feels like it's going a million miles an hour. The phlegm I'm coughing up is a dirty rust color.","मैं ठंड लग रहा है और थका हुआ महसूस कर रहा हूं, और मैं इस खांसी को हिला नहीं सकता। जब मैं खांसी करता हूं तो मेरी छाती में दर्द होता है, और मेरा दिल ऐसा लगता है कि यह एक मिलियन मील प्रति घंटे जा रहा है। कफ मैं खांसी कर रहा हूँ एक गंदे जंग का रंग है।","আমি শীতল হয়েছি এবং ক্লান্ত বোধ করছি, এবং আমি এই কাশি কাঁপতে পারি না বলে মনে হয়। আমি কাশি হলে আমার বুকের ব্যাথা হয় এবং আমার হৃদয় মনে হয় এটি এক ঘন্টা মিলিয়ন মাইল চলছে। আমি যে কফটি কাশি করছি তা হ'ল একটি নোংরা মরিচা রঙ।"
105,Pneumonia,"I've been experiencing chills, feeling worn out, and I can't seem to get rid of this cough. When I cough, my chest aches and my heart feels as like it is beating a million miles per hour. I'm coughing up a nasty rust-colored phlegm.","मैं ठंड लग रहा है, पहना हुआ महसूस कर रहा हूं, और मैं इस खांसी से छुटकारा नहीं पा सकता हूं। जब मैं खांसी करता हूं, तो मेरी छाती में दर्द होता है और मेरा दिल ऐसा लगता है जैसे यह एक मिलियन मील प्रति घंटे की धड़कन कर रहा है। मैं एक बुरा जंग के रंग के कफ को खांसी कर रहा हूँ।","আমি শীতল হয়ে উঠছি, ক্লান্ত বোধ করছি এবং আমি এই কাশি থেকে মুক্তি পেতে পারি না বলে মনে হচ্ছে। আমি যখন কাশি করি তখন আমার বুকের ব্যথা হয় এবং আমার হৃদয় মনে হয় যেমন এটি প্রতি ঘন্টা মিলিয়ন মাইল মারছে। আমি একটি বাজে মরিচা রঙের কফ কাশি করছি।"
106,Pneumonia,"I've been feeling really weak and cold lately, and this cough won't go away. It hurts in my chest when I cough, and my heart is pounding. The mucus I'm bringing up is a rusty brown color.","मैं हाल ही में कमजोर और ठंडा महसूस कर रहा हूं, और यह खांसी दूर नहीं होगी। खांसी होने पर यह मेरी छाती में दर्द होता है, और मेरा दिल तेज़ हो रहा है। मैं जिस बलगम को ऊपर ला रहा हूं, वह एक भूरा भूरा रंग है।",আমি ইদানীং সত্যিই দুর্বল এবং ঠান্ডা বোধ করছি এবং এই কাশি চলে যাবে না। আমি যখন কাশি করি তখন এটি আমার বুকে ব্যথা করে এবং আমার হৃদয় ধাক্কা খায়। আমি যে শ্লেষ্মা নিয়ে আসছি তা হ'ল একটি মরিচা বাদামী রঙ।
107,Pneumonia,"I've been having chills and feeling really worn out, and this cough won't go away. My chest hurts when I cough, and my heart is racing. The mucus I'm bringing up is a gross brownish color.","मैं ठंड लग रहा है और वास्तव में खराब हो रहा है, और यह खांसी दूर नहीं जाएगी। जब मैं खांसी करता हूं तो मेरी छाती में दर्द होता है, और मेरा दिल दौड़ रहा है। मैं जिस बलगम को ऊपर ला रहा हूं वह एक शानदार भूरा रंग है।","আমি শীতল হয়েছি এবং সত্যিই ক্লান্ত বোধ করছি, এবং এই কাশি চলে যাবে না। আমি যখন কাশি করি তখন আমার বুক ব্যাথা করে, এবং আমার হৃদয় দৌড়াদৌড়ি করছে। আমি যে শ্লেষ্মা নিয়ে আসছি তা হ'ল একটি মোট বাদামী রঙ।"
108,Pneumonia,"I've been experiencing chills, feel really exhausted, and my cough just won't go away. When I cough, my chest aches and my heart is pounding. It's a disgusting brownish hue, the mucous I'm coming up.","मैं ठंड लग रहा है, वास्तव में थका हुआ महसूस कर रहा हूं, और मेरी खांसी बस दूर नहीं जाएगी। जब मैं खांसी, मेरी छाती में दर्द होता है और मेरा दिल तेज़ होता है। यह एक घृणित भूरा रंग है, श्लेष्म मैं आ रहा हूं।","আমি শীতল হয়ে উঠছি, সত্যিই ক্লান্ত বোধ করছি এবং আমার কাশি কেবল দূরে যাবে না। আমি যখন কাশি করি তখন আমার বুকের ব্যথা হয় এবং আমার হৃদয় ধাক্কা খায়। এটি একটি ঘৃণ্য বাদামী রঙের রঙ, আমি যে শ্লেষ্মা আসছি।"
109,Pneumonia,"I have a really high fever, and I'm having trouble breathing. I'm sweating a lot and feeling really cold and tired. My heart is beating really fast, and I have some brownish sputum","मुझे वास्तव में तेज बुखार है, और मुझे सांस लेने में परेशानी हो रही है। मुझे बहुत पसीना आ रहा है और वास्तव में ठंडा और थका हुआ महसूस कर रहा है। मेरा दिल वास्तव में तेजी से धड़क रहा है, और मेरे पास कुछ भूरे रंग की थूक है","আমার সত্যিই উচ্চ জ্বর রয়েছে, এবং শ্বাস নিতে আমার সমস্যা হচ্ছে। আমি প্রচুর ঘামছি এবং সত্যিই ঠান্ডা এবং ক্লান্ত বোধ করছি। আমার হৃদয় সত্যিই দ্রুত মারছে, এবং আমার কিছু বাদামী স্পুটাম রয়েছে"
110,Pneumonia,"I'm having problems breathing and have a very high fever. I'm perspiring a lot and experiencing extreme fatigue and chilly. My heart is racing, and I'm coughing up some brownish mucus.","मुझे सांस लेने में समस्या हो रही है और बहुत अधिक बुखार है। मैं बहुत कुछ कर रहा हूं और अत्यधिक थकान और मिर्च का अनुभव कर रहा हूं। मेरा दिल दौड़ रहा है, और मैं कुछ भूरे रंग के बलगम को खाँक रहा हूं।","আমার শ্বাস নিতে সমস্যা হচ্ছে এবং খুব উচ্চ জ্বর রয়েছে। আমি প্রচুর ঘামছি এবং চরম ক্লান্তি এবং মরিচ অনুভব করছি। আমার হৃদয় দৌড়ছে, এবং আমি কিছু বাদামী শ্লেষ্মা কাশি করছি।"
111,Pneumonia,"My temperature is very high, and I'm having a hard time breathing. I'm sweating profusely, and I'm shaking with chills. I'm really tired, and my heart is beating really fast. I also have some brownish phlegm coming up","मेरा तापमान बहुत अधिक है, और मुझे सांस लेने में कठिन समय आ रहा है। मुझे पसीना आ रहा है, और मैं ठंड लगने के साथ हिल रहा हूं। मैं वास्तव में थक गया हूं, और मेरा दिल वास्तव में तेजी से धड़क रहा है। मैं भी कुछ भूरे रंग के कफ आ रहा है","আমার তাপমাত্রা খুব বেশি, এবং আমি শ্বাস নিতে খুব কঠিন সময় কাটাচ্ছি। আমি প্রচুর ঘামছি, এবং আমি শীতল হয়ে কাঁপছি। আমি সত্যিই ক্লান্ত, এবং আমার হৃদয় সত্যিই দ্রুত মারছে। আমার কিছু বাদামী কফও আসছে"
112,Pneumonia,"I'm having trouble breathing, and my fever is really high. I'm drenched in sweat and shivering from the chill. My heart is thumping rapidly, and I'm quite exhausted. Additionally, I'm about to have some brownish phlegm.","मुझे सांस लेने में परेशानी हो रही है, और मेरा बुखार वास्तव में अधिक है। मैं पसीने से सूंघ रहा हूं और चिल से कांप रहा हूं। मेरा दिल तेजी से थक रहा है, और मैं काफी थक गया हूं। इसके अतिरिक्त, मैं कुछ भूरे रंग का कफ है।","আমার শ্বাস নিতে সমস্যা হচ্ছে, এবং আমার জ্বর সত্যিই বেশি। আমি ঘামে ভিজে যাচ্ছি এবং শীতল থেকে কাঁপছি। আমার হৃদয় দ্রুত ছিটকে যাচ্ছে, এবং আমি বেশ ক্লান্ত। অতিরিক্তভাবে, আমি কিছু বাদামী কফ খেতে চলেছি।"
113,Pneumonia,"My fever is really high, and I'm having trouble catching my breath. I'm sweating a lot, feeling cold and tired, and my heart is beating really fast. I also have some brownish phlegm coming up.","मेरा बुखार वास्तव में अधिक है, और मुझे अपनी सांस पकड़ने में परेशानी हो रही है। मुझे बहुत पसीना आ रहा है, ठंडा और थका हुआ महसूस कर रहा है, और मेरा दिल वास्तव में तेजी से धड़क रहा है। मेरे पास कुछ भूरे रंग के कफ भी आ रहे हैं।","আমার জ্বর সত্যিই বেশি, এবং আমার শ্বাস নিতে আমার সমস্যা হচ্ছে। আমি প্রচুর ঘামছি, ঠান্ডা এবং ক্লান্ত বোধ করছি এবং আমার হৃদয় সত্যিই দ্রুত মারছে। আমার কিছু বাদামী কফও আসছে।"
114,Pneumonia,"I have a really high fever, and I have problems breathing. My heart is racing quite quickly, I'm perspiring a lot, and I feel chilly and exhausted. I'm also about to cough out some brownish phlegm.","मुझे वास्तव में तेज बुखार है, और मुझे सांस लेने में समस्या है। मेरा दिल बहुत जल्दी दौड़ रहा है, मैं बहुत कुछ कर रहा हूं, और मुझे मिर्च और थका हुआ महसूस होता है। मैं भी कुछ भूरे रंग के कफ को खांसी करने वाला हूं।","আমার সত্যিই উচ্চ জ্বর রয়েছে এবং আমার শ্বাস নিতে সমস্যা হয়েছে। আমার হৃদয় বেশ দ্রুত দৌড়ছে, আমি প্রচুর ঘামছি, এবং আমি মরিচ এবং ক্লান্ত বোধ করছি। আমিও কিছু বাদামী কফ কাশি করতে চলেছি।"
115,Pneumonia,"I've been feeling really sick with a high fever, shortness of breath, sweating, chills, and extreme fatigue. My heart rate is rapid, and I've been coughing up a lot of brownish sputum.","मैं वास्तव में एक तेज बुखार, सांस की तकलीफ, पसीना, ठंड लगने और अत्यधिक थकान के साथ बीमार महसूस कर रहा हूं। मेरी हृदय गति तेजी से है, और मैं बहुत सारे भूरे रंग के थूक को खाँक रहा हूं।","আমি উচ্চ জ্বর, শ্বাসকষ্ট, ঘাম, ঠাণ্ডা এবং চরম ক্লান্তি নিয়ে সত্যিই অসুস্থ বোধ করছি। আমার হার্টের হার দ্রুত, এবং আমি প্রচুর বাদামী রঙের স্পুটাম কাশি করছি।"
116,Pneumonia,"With a high temperature, shortness of breath, sweating, chills, and intense exhaustion, I've been feeling quite poorly. I've been coughing up a lot of brownish phlegm and my pulse rate is racing.","एक उच्च तापमान, सांस की तकलीफ, पसीना, ठंड लगना और तीव्र थकावट के साथ, मैं काफी खराब महसूस कर रहा हूं। मैं बहुत सारे भूरे रंग के कफ को खांसी कर रहा हूं और मेरी नाड़ी की दर दौड़ रही है।","একটি উচ্চ তাপমাত্রা, শ্বাসকষ্ট, ঘাম, ঠাণ্ডা এবং তীব্র ক্লান্তি সহ, আমি বেশ খারাপভাবে অনুভব করছি। আমি প্রচুর বাদামী কফ কাশি করছি এবং আমার নাড়ির হার রেসিং করছে।"
117,Pneumonia,I'm having a really hard time catching my breath and I'm sweating a lot. I feel really sick and have a lot of mucus in my throat. My chest hurts and my heart is racing. The mucus I'm coughing up is dark and looks like rust.,मैं अपनी सांस को पकड़ने में वास्तव में कठिन समय आ रहा हूं और मुझे बहुत पसीना आ रहा है। मैं वास्तव में बीमार महसूस करता हूं और मेरे गले में बहुत म्यूकस है। मेरी छाती में दर्द होता है और मेरा दिल दौड़ रहा है। जिस बलगम को मैं खांसी कर रहा हूं वह अंधेरा है और जंग की तरह दिखता है।,আমি আমার দম ধরতে সত্যিই খুব কষ্ট করছি এবং আমি অনেক ঘামছি। আমি সত্যিই অসুস্থ বোধ করি এবং আমার গলায় প্রচুর শ্লেষ্মা আছে। আমার বুক ব্যাথা করে এবং আমার হৃদয় দৌড়ছে। আমি যে শ্লেষ্মা কাশি করছি তা অন্ধকার এবং মরিচা মত দেখাচ্ছে।
118,Pneumonia,"I'm sweating profusely and finding it difficult to catch my breath. I feel quite ill, and my throat is very mucous. My heart is pounding, and my chest aches. I'm coughing up thick mucous that resembles rust.","मुझे गहरा पसीना आ रहा है और अपनी सांस को पकड़ना मुश्किल है। मैं काफी बीमार महसूस करता हूं, और मेरा गला बहुत श्लेष्म है। मेरा दिल तेज़ हो रहा है, और मेरी छाती में दर्द होता है। मैं मोटी श्लेष्म को खांसी कर रहा हूं जो जंग जैसा दिखता है।","আমি প্রচুরভাবে ঘামছি এবং আমার দম ধরতে অসুবিধা বোধ করছি। আমি বেশ অসুস্থ বোধ করি, এবং আমার গলা খুব শ্লেষ্মা। আমার হৃদয় ধাক্কা খায়, এবং আমার বুকের ব্যথা হয়। আমি মোটা মিউকাস কাশি যা মরিচা অনুরূপ।"
119,Pneumonia,"I'm having a lot of trouble breathing and am really uneasy. I'm feeling unwell and am perspiring a lot. My chest hurts and I have a lot of mucus in my throat. My heart is racing, and the hue of the mucus I'm coughing up is off.","मुझे सांस लेने में बहुत परेशानी हो रही है और मैं वास्तव में असहज हूं। मैं अस्वस्थ महसूस कर रहा हूं और बहुत कुछ कर रहा हूं। मेरी छाती में दर्द होता है और मेरे गले में बहुत म्यूकस होता है। मेरा दिल दौड़ रहा है, और बलगम की मैं खांसी कर रहा हूं।","আমার শ্বাস নিতে অনেক সমস্যা হচ্ছে এবং আমি সত্যিই অস্বস্তিকর। আমি অসুস্থ বোধ করছি এবং অনেকটা ঘিরে আছি। আমার বুক ব্যাথা করে এবং আমার গলায় প্রচুর শ্লেষ্মা রয়েছে। আমার হৃদয় দৌড়ছে, এবং আমি যে শ্লেষ্মা কাশি করছি তার রঙ বন্ধ রয়েছে।"
120,Pneumonia,I can't seem to get enough air and I'm sweating a lot. I don't feel well and there's a lot of phlegm in my throat. My chest hurts and my heart is racing. The mucus I'm coughing up is reddish in color.,"मुझे पर्याप्त हवा नहीं मिल सकती है और मुझे बहुत पसीना आ रहा है। मैं अच्छी तरह से महसूस नहीं करता और मेरे गले में बहुत कफ है। मेरी छाती में दर्द होता है और मेरा दिल दौड़ रहा है। जिस बलगम को मैं खांसी कर रहा हूं, वह रंग में लाल है।",আমি পর্যাপ্ত বায়ু পেয়েছি বলে মনে হচ্ছে না এবং আমি প্রচুর ঘামছি। আমি ভাল বোধ করি না এবং আমার গলায় প্রচুর কফ রয়েছে। আমার বুক ব্যাথা করে এবং আমার হৃদয় দৌড়ছে। আমি যে শ্লেষ্মাটি কাশি করছি তা হ'ল লালচে রঙিন।
121,Pneumonia,"I'm sweating profusely and can't seem to get enough air. My throat is filled with a lot of mucus, and I don't feel good. My heart is pounding, and my chest aches. I'm coughing up reddish-colored mucous.","मुझे पसीना आ रहा है और पर्याप्त हवा नहीं मिल सकती है। मेरा गला बहुत सारे बलगम से भर गया है, और मुझे अच्छा नहीं लगता। मेरा दिल तेज़ हो रहा है, और मेरी छाती में दर्द होता है। मैं लाल रंग के श्लेष्म को खांसी कर रहा हूँ।","আমি প্রচুরভাবে ঘামছি এবং পর্যাপ্ত বায়ু পেতে পারে বলে মনে হচ্ছে না। আমার গলা প্রচুর শ্লেষ্মা দিয়ে পূর্ণ, এবং আমি ভাল বোধ করি না। আমার হৃদয় ধাক্কা খায়, এবং আমার বুকের ব্যথা হয়। আমি লালচে বর্ণের মিউকাস কাশি করছি।"
122,Pneumonia,I can't seem to catch my breath and I'm sweating a lot. I feel really sick and have a lot of phlegm in my throat. My chest hurts and my heart is racing. The mucus I'm coughing up is yellowish.,मैं अपनी सांस पकड़ नहीं सकता और मुझे बहुत पसीना आ रहा है। मैं वास्तव में बीमार महसूस करता हूं और मेरे गले में बहुत कफ है। मेरी छाती में दर्द होता है और मेरा दिल दौड़ रहा है। जिस बलगम को मैं खांसी कर रहा हूं वह पीला है।,আমি আমার দম ধরতে পারি না এবং আমি প্রচুর ঘামছি। আমি সত্যিই অসুস্থ বোধ করি এবং আমার গলায় প্রচুর কফ রয়েছে। আমার বুক ব্যাথা করে এবং আমার হৃদয় দৌড়ছে। আমি যে শ্লেষ্মা কাশি করছি তা হলুদ বর্ণের।
123,Pneumonia,"I'm dripping with perspiration and can't seem to catch my breath. My throat is filled with a lot of phlegm, and I feel awful. My heart is pounding, and my chest aches. I'm coughing up brownish mucous.","मैं पसीने के साथ टपकता हूं और अपनी सांस पकड़ नहीं सकता। मेरा गला बहुत कफ से भरा हुआ है, और मैं भयानक महसूस करता हूं। मेरा दिल तेज़ हो रहा है, और मेरी छाती में दर्द होता है। मैं भूरे रंग के श्लेष्म को खांसी कर रहा हूँ।","আমি ঘামে ফোঁটা ফোঁটা করছি এবং আমার শ্বাসকে ধরতে পারে না বলে মনে হচ্ছে। আমার গলা প্রচুর কগিতে ভরা, এবং আমি ভয়ঙ্কর বোধ করি। আমার হৃদয় ধাক্কা খায়, এবং আমার বুকের ব্যথা হয়। আমি বাদামী শ্লেষ্মা কাশি করছি।"
124,Pneumonia,I'm having a hard time breathing and I feel really uncomfortable. I'm sweating a lot and there's a lot of phlegm in my throat. My chest hurts and my heart is beating fast. The mucus I'm coughing up is brownish.,मैं एक कठिन समय सांस ले रहा हूं और मैं वास्तव में असहज महसूस करता हूं। मुझे बहुत पसीना आ रहा है और मेरे गले में बहुत कफ है। मेरी छाती में दर्द होता है और मेरा दिल तेजी से धड़क रहा है। जिस बलगम को मैं खांसी कर रहा हूं वह भूरा है।,আমার শ্বাস নিতে খুব কষ্ট হচ্ছে এবং আমি সত্যিই অস্বস্তি বোধ করছি। আমি প্রচুর ঘামছি এবং আমার গলায় প্রচুর কফ রয়েছে। আমার বুক ব্যাথা করে এবং আমার হৃদয় দ্রুত মারছে। আমি যে শ্লেষ্মা কাশি করছি তা বাদামী।
125,Pneumonia,"I'm having trouble breathing and am quite uneasy. My throat is filled with a lot of phlegm, and I'm perspiring a lot. My heart is racing, and my chest aches. I'm coughing up reddish mucous.","मुझे सांस लेने में परेशानी हो रही है और मैं काफी असहज हूं। मेरा गला बहुत कफ से भर गया है, और मैं बहुत कुछ कर रहा हूं। मेरा दिल दौड़ रहा है, और मेरी छाती में दर्द होता है। मैं लाल श्लेष्म को खांसी कर रहा हूँ।","আমার শ্বাস নিতে সমস্যা হচ্ছে এবং আমি বেশ অস্বস্তি বোধ করছি। আমার গলা প্রচুর কফিতে ভরা, এবং আমি অনেকটা ঘিরে আছি। আমার হৃদয় দৌড়ছে, এবং আমার বুকের ব্যথা হয়। আমি লালচে শ্লেষ্মা কাশি করছি।"
126,Pneumonia,I can't seem to catch my breath and I'm sweating a lot. I feel really sick and have a lot of phlegm in my throat. My chest hurts and my heart is racing. The mucus I'm coughing up is brownish and stringy.,मैं अपनी सांस पकड़ नहीं सकता और मुझे बहुत पसीना आ रहा है। मैं वास्तव में बीमार महसूस करता हूं और मेरे गले में बहुत कफ है। मेरी छाती में दर्द होता है और मेरा दिल दौड़ रहा है। जिस बलगम को मैं खांसी कर रहा हूं वह भूरा और कठोर है।,আমি আমার দম ধরতে পারি না এবং আমি প্রচুর ঘামছি। আমি সত্যিই অসুস্থ বোধ করি এবং আমার গলায় প্রচুর কফ রয়েছে। আমার বুক ব্যাথা করে এবং আমার হৃদয় দৌড়ছে। আমি যে শ্লেষ্মাটি কাশি করছি তা বাদামী এবং স্ট্রাইনি।
127,Pneumonia,"I'm dripping with perspiration and can't seem to catch my breath. My throat is filled with a lot of phlegm, and I feel awful. My heart is pounding, and my chest aches. I'm coughing up a stringy, brownish mucous.","मैं पसीने के साथ टपकता हूं और अपनी सांस पकड़ नहीं सकता। मेरा गला बहुत कफ से भरा हुआ है, और मैं भयानक महसूस करता हूं। मेरा दिल तेज़ हो रहा है, और मेरी छाती में दर्द होता है। मैं एक कठोर, भूरे रंग के श्लेष्म को खांसी कर रहा हूँ।","আমি ঘামে ফোঁটা ফোঁটা করছি এবং আমার শ্বাসকে ধরতে পারে না বলে মনে হচ্ছে। আমার গলা প্রচুর কগিতে ভরা, এবং আমি ভয়ঙ্কর বোধ করি। আমার হৃদয় ধাক্কা খায়, এবং আমার বুকের ব্যথা হয়। আমি একটি কাশি, বাদামী শ্লেষ্মা কাশি করছি।"
128,Pneumonia,"I'm drenched with sweat and struggling to breathe. I don't feel well and have a lot of mucous in my throat. My chest aches, and my heart is racing. I'm coughing up mucus that is crimson in colour.","मैं पसीने से सांस ले रहा हूं और सांस लेने के लिए संघर्ष कर रहा हूं। मैं अच्छी तरह से महसूस नहीं करता हूं और मेरे गले में बहुत श्लेष्म है। मेरी छाती में दर्द होता है, और मेरा दिल दौड़ रहा है। मैं बलगम को खांसी कर रहा हूं जो रंग में क्रिमसन है।","আমি ঘামে ভিজে আছি এবং শ্বাস নিতে লড়াই করছি। আমি ভাল বোধ করি না এবং আমার গলায় প্রচুর শ্লেষ্মা আছে। আমার বুক ব্যথা করে, এবং আমার হৃদয় দৌড়ছে। আমি শ্লেষ্মা কাশি যা রঙিন রঙে।"
129,Pneumonia,"I've been feeling very lousy, with a high temperature, shortness of breath, sweating, chills, and extreme weariness. My heart is beating, and I've been coughing up a lot of brownish phlegm.","मैं बहुत घटिया महसूस कर रहा हूं, उच्च तापमान, सांस की तकलीफ, पसीना, ठंड लगना और अत्यधिक थकावट के साथ। मेरा दिल धड़क रहा है, और मैं बहुत सारे भूरे रंग के कफ को खांसी कर रहा हूं।","আমি একটি উচ্চ তাপমাত্রা, শ্বাসকষ্ট, ঘাম, ঠাণ্ডা এবং চরম ক্লান্তি সহ খুব লম্পট বোধ করছি। আমার হৃদয় মারছে, এবং আমি প্রচুর বাদামী কফ কাশি করছি।"
130,Pneumonia,"I have a really high fever, and I have problems breathing. My heart is racing quite quickly, I'm perspiring a lot, and I feel chilly and exhausted. I'm also about to cough out some brownish phlegm.","मुझे वास्तव में तेज बुखार है, और मुझे सांस लेने में समस्या है। मेरा दिल बहुत जल्दी दौड़ रहा है, मैं बहुत कुछ कर रहा हूं, और मुझे मिर्च और थका हुआ महसूस होता है। मैं भी कुछ भूरे रंग के कफ को खांसी करने वाला हूं।","আমার সত্যিই উচ্চ জ্বর রয়েছে এবং আমার শ্বাস নিতে সমস্যা হয়েছে। আমার হৃদয় বেশ দ্রুত দৌড়ছে, আমি প্রচুর ঘামছি, এবং আমি মরিচ এবং ক্লান্ত বোধ করছি। আমিও কিছু বাদামী কফ কাশি করতে চলেছি।"
131,Pneumonia,"My fever is really high, and I'm having difficulty breathing. I'm drenched in sweat and shivering with chills. I'm quite fatigued, and my heart is racing. I'm also expecting some brownish phlegm.","मेरा बुखार वास्तव में अधिक है, और मुझे सांस लेने में कठिनाई हो रही है। मैं पसीने में सराबोर हूं और ठंड लगने से कांप रहा हूं। मैं काफी थका हुआ हूँ, और मेरा दिल दौड़ रहा है। मैं भी कुछ भूरे रंग की कफ की उम्मीद कर रहा हूं।","আমার জ্বর সত্যিই বেশি, এবং আমার শ্বাস নিতে অসুবিধা হচ্ছে। আমি ঘামে ভিজে যাচ্ছি এবং শীতল হয়ে কাঁপছি। আমি বেশ ক্লান্ত হয়ে পড়েছি, এবং আমার হৃদয় দৌড়ছে। আমিও কিছু বাদামী কফের প্রত্যাশা করছি।"
132,Pneumonia,"I've been getting chills, feeling tired, and I can't seem to shake this cough. My chest aches and my heart feels like it's racing at a million miles per hour when I cough. I'm coughing out a foul rusty phlegm.","मैं ठंड लग रहा है, थका हुआ महसूस कर रहा हूं, और मैं इस खांसी को हिला नहीं सकता। मेरी छाती में दर्द होता है और मेरा दिल ऐसा लगता है कि जब मैं खांसी करता हूं तो यह एक मिलियन मील प्रति घंटे की दूरी पर दौड़ रहा है। मैं एक बेईमानी से खांसी कर रहा हूँ।","আমি শীতল হয়ে যাচ্ছি, ক্লান্ত বোধ করছি এবং আমি এই কাশি কাঁপতে পারি না বলে মনে হচ্ছে। আমার বুকের ব্যথা হয় এবং আমার হৃদয় মনে হয় যে আমি যখন কাশির প্রতি ঘন্টা এক মিলিয়ন মাইল দূরে দৌড়াদৌড়ি করছি। আমি একটি বাজে মরিচা কফ কাশি করছি।"
133,Pneumonia,I'm having a hard time breathing and I feel really uncomfortable. I'm sweating a lot and there's a lot of phlegm in my throat. My chest hurts and my heart is beating fast. The mucus I'm coughing up is brownish.,मैं एक कठिन समय सांस ले रहा हूं और मैं वास्तव में असहज महसूस करता हूं। मुझे बहुत पसीना आ रहा है और मेरे गले में बहुत कफ है। मेरी छाती में दर्द होता है और मेरा दिल तेजी से धड़क रहा है। जिस बलगम को मैं खांसी कर रहा हूं वह भूरा है।,আমার শ্বাস নিতে খুব কষ্ট হচ্ছে এবং আমি সত্যিই অস্বস্তি বোধ করছি। আমি প্রচুর ঘামছি এবং আমার গলায় প্রচুর কফ রয়েছে। আমার বুক ব্যাথা করে এবং আমার হৃদয় দ্রুত মারছে। আমি যে শ্লেষ্মা কাশি করছি তা বাদামী।
134,Pneumonia,"I'm having trouble breathing and am really uncomfortable. I'm sweating profusely and have a lot of mucus in my throat. My chest aches, and my heart is racing. I'm coughing up dark mucous.","मुझे सांस लेने में परेशानी हो रही है और मैं वास्तव में असहज हूं। मुझे पसीना आ रहा है और मेरे गले में बहुत सारे बलगम हैं। मेरी छाती में दर्द होता है, और मेरा दिल दौड़ रहा है। मैं अंधेरे श्लेष्म को खांसी कर रहा हूँ।","আমার শ্বাস নিতে সমস্যা হচ্ছে এবং আমি সত্যিই অস্বস্তি বোধ করছি। আমি প্রচুর ঘামছি এবং আমার গলায় প্রচুর শ্লেষ্মা আছে। আমার বুক ব্যথা করে, এবং আমার হৃদয় দৌড়ছে। আমি অন্ধকার মিউকাস কাশি করছি।"
135,Pneumonia,"I've got a high fever and can't seem to catch my breath. I've been sweating profusely and generally feeling ill and weak. I've also had some quite thick and black phlegm. My chest aches, and my heart has been racing rapidly.","मुझे तेज बुखार मिला है और वह अपनी सांस पकड़ नहीं सकता। मुझे पसीना आ रहा है और आम तौर पर बीमार और कमजोर महसूस कर रहा है। मैं भी कुछ काफी मोटी और काली कफ है। मेरी छाती में दर्द होता है, और मेरा दिल तेजी से दौड़ रहा है।","আমি একটি উচ্চ জ্বর পেয়েছি এবং আমার দম ধরতে পারে না বলে মনে হচ্ছে। আমি প্রচুর ঘামছি এবং সাধারণত অসুস্থ ও দুর্বল বোধ করছি। আমারও বেশ কিছু ঘন এবং কালো কফ ছিল। আমার বুক ব্যথা করে, এবং আমার হৃদয় দ্রুত দৌড়াদৌড়ি করছে।"
136,Pneumonia,"Lately I've been experiencing chills, fatigue, a cough, a high fever, and difficulty breathing. I've been sweating a lot and just feeling really sick and weak. I've also had some phlegm that's been really thick and dark.","हाल ही में मैं ठंड लग रहा है, थकान, एक खांसी, एक तेज बुखार, और सांस लेने में कठिनाई का अनुभव कर रहा हूं। मुझे बहुत पसीना आ रहा है और बस वास्तव में बीमार और कमजोर महसूस कर रहा है। मेरे पास कुछ कफ भी है जो वास्तव में मोटी और अंधेरा है।","ইদানীং আমি শীতল, ক্লান্তি, একটি কাশি, একটি উচ্চ জ্বর এবং শ্বাস নিতে অসুবিধা অনুভব করছি। আমি প্রচুর ঘামছি এবং কেবল অসুস্থ এবং দুর্বল বোধ করছি। আমার কিছু কফও ছিল যা সত্যিই ঘন এবং অন্ধকার ছিল।"
137,Pneumonia,"I've recently been suffering with chills, lethargy, a cough, a high temperature, and difficulties breathing. I've been sweating profusely and generally feeling ill and weak. I've also had some quite thick and black phlegm.","मैं हाल ही में ठंड लग रही है, सुस्ती, एक खांसी, एक उच्च तापमान, और सांस लेने में कठिनाइयों से पीड़ित है। मुझे पसीना आ रहा है और आम तौर पर बीमार और कमजोर महसूस कर रहा है। मैं भी कुछ काफी मोटी और काली कफ है।","আমি সম্প্রতি শীতল, অলসতা, একটি কাশি, একটি উচ্চ তাপমাত্রা এবং শ্বাস নিতে অসুবিধায় ভুগছি। আমি প্রচুর ঘামছি এবং সাধারণত অসুস্থ ও দুর্বল বোধ করছি। আমারও বেশ কিছু ঘন এবং কালো কফ ছিল।"
138,Pneumonia,"Lately I've been experiencing chills, fatigue, a cough, a high fever, and difficulty breathing. I've been sweating a lot and just feeling really sick and weak. I've also had some phlegm that's been really thick and dark.","हाल ही में मैं ठंड लग रहा है, थकान, एक खांसी, एक तेज बुखार, और सांस लेने में कठिनाई का अनुभव कर रहा हूं। मुझे बहुत पसीना आ रहा है और बस वास्तव में बीमार और कमजोर महसूस कर रहा है। मेरे पास कुछ कफ भी है जो वास्तव में मोटी और अंधेरा है।","ইদানীং আমি শীতল, ক্লান্তি, একটি কাশি, একটি উচ্চ জ্বর এবং শ্বাস নিতে অসুবিধা অনুভব করছি। আমি প্রচুর ঘামছি এবং কেবল অসুস্থ এবং দুর্বল বোধ করছি। আমার কিছু কফও ছিল যা সত্যিই ঘন এবং অন্ধকার ছিল।"
139,Pneumonia,"I've recently been suffering with chills, lethargy, a cough, a high temperature, and difficulties breathing. I've been sweating profusely and generally feeling ill and weak. I've also had some quite thick and red phlegm.","मैं हाल ही में ठंड लग रही है, सुस्ती, एक खांसी, एक उच्च तापमान, और सांस लेने में कठिनाइयों से पीड़ित है। मुझे पसीना आ रहा है और आम तौर पर बीमार और कमजोर महसूस कर रहा है। मैं भी कुछ काफी मोटी और लाल कफ है।","আমি সম্প্রতি শীতল, অলসতা, একটি কাশি, একটি উচ্চ তাপমাত্রা এবং শ্বাস নিতে অসুবিধায় ভুগছি। আমি প্রচুর ঘামছি এবং সাধারণত অসুস্থ ও দুর্বল বোধ করছি। আমারও বেশ কিছু ঘন এবং লাল কফ ছিল।"
140,Pneumonia,"I've had chills, lethargy, a cough, a high temperature, and difficulties breathing lately. I've been sweating profusely and generally feeling ill and weak. I've also had some quite thick and black phlegm.","मेरे पास ठंड लगना है, सुस्ती, एक खांसी, एक उच्च तापमान, और हाल ही में सांस लेने में कठिनाई है। मुझे पसीना आ रहा है और आम तौर पर बीमार और कमजोर महसूस कर रहा है। मैं भी कुछ काफी मोटी और काली कफ है।","আমার শীতল, অলসতা, একটি কাশি, একটি উচ্চ তাপমাত্রা এবং ইদানীং শ্বাস নিতে অসুবিধা হয়েছিল। আমি প্রচুর ঘামছি এবং সাধারণত অসুস্থ ও দুর্বল বোধ করছি। আমারও বেশ কিছু ঘন এবং কালো কফ ছিল।"
141,Pneumonia,"I've been having a lot of respiratory issues lately along with chills, exhaustion, a cough, and a high temperature. I've been sweating profusely and generally feeling ill and weak. My chest aches, and my heart has been racing rapidly.","मैं ठंड लगने, थकावट, एक खांसी और एक उच्च तापमान के साथ हाल ही में बहुत सारे श्वसन मुद्दों पर रहा हूं। मुझे पसीना आ रहा है और आम तौर पर बीमार और कमजोर महसूस कर रहा है। मेरी छाती में दर्द होता है, और मेरा दिल तेजी से दौड़ रहा है।","আমি শীতল, ক্লান্তি, কাশি এবং একটি উচ্চ তাপমাত্রার সাথে ইদানীং প্রচুর শ্বাস প্রশ্বাসের সমস্যা নিয়ে আসছি। আমি প্রচুর ঘামছি এবং সাধারণত অসুস্থ ও দুর্বল বোধ করছি। আমার বুক ব্যথা করে, এবং আমার হৃদয় দ্রুত দৌড়াদৌড়ি করছে।"
142,Pneumonia,"I've been suffering with chills, tiredness, and a cough recently. I've been sweating tremendously and feeling overall unwell and weak. I've also had some thick, black phlegm. My chest aches, and my heart has been racing.","मैं हाल ही में ठंड लगने, थकान और खांसी से पीड़ित रहा हूं। मैं जबरदस्त पसीना बहा रहा हूं और समग्र रूप से अस्वस्थ और कमजोर महसूस कर रहा हूं। मैं भी कुछ मोटी, काली कफ है। मेरी छाती में दर्द होता है, और मेरा दिल दौड़ रहा है।","আমি সম্প্রতি শীতল, ক্লান্তি এবং কাশি নিয়ে ভুগছি। আমি প্রচুর ঘামছি এবং সামগ্রিক অসুস্থ এবং দুর্বল বোধ করছি। আমার কিছু ঘন, কালো কফও ছিল। আমার বুক ব্যথা করে, এবং আমার হৃদয় দৌড়াদৌড়ি করছে।"
143,Pneumonia,"I'm running a temperature and can't seem to catch my breath. I've been sweating tremendously and feeling overall unwell and weak. I've also had some thick, black phlegm. My heart has been beating frantically, and my chest hurts.","मैं एक तापमान चला रहा हूं और अपनी सांस पकड़ नहीं सकता। मैं जबरदस्त पसीना बहा रहा हूं और समग्र रूप से अस्वस्थ और कमजोर महसूस कर रहा हूं। मैं भी कुछ मोटी, काली कफ है। मेरा दिल भयावह रूप से धड़क रहा है, और मेरी छाती में दर्द होता है।","আমি একটি তাপমাত্রা চালাচ্ছি এবং আমার শ্বাসকে ধরতে পারে না বলে মনে হচ্ছে। আমি প্রচুর ঘামছি এবং সামগ্রিক অসুস্থ এবং দুর্বল বোধ করছি। আমার কিছু ঘন, কালো কফও ছিল। আমার হৃদয় ভ্রান্তভাবে মারছে, এবং আমার বুক ব্যাথা করছে।"
144,Pneumonia,"I'm drenched with sweat and can't seem to catch my breath. My throat is clogged with mucus, and I'm miserable. My heart is racing, and my chest aches. I'm coughing up a brownish stringy mucus.","मैं पसीने से सराबोर हूँ और अपनी सांस पकड़ नहीं सकता। मेरा गला बलगम से भरा हुआ है, और मैं दुखी हूं। मेरा दिल दौड़ रहा है, और मेरी छाती में दर्द होता है। मैं एक भूरे रंग के कड़े बलगम को खांसी कर रहा हूँ।","আমি ঘামে ভিজে গেছি এবং আমার শ্বাসকে ধরতে পারে না বলে মনে হচ্ছে। আমার গলা শ্লেষ্মা দিয়ে আটকে আছে, এবং আমি কৃপণ। আমার হৃদয় দৌড়ছে, এবং আমার বুকের ব্যথা হয়। আমি একটি বাদামী রঙের স্ট্রিং মিউকাস কাশি করছি।"
145,Pneumonia,"I'm saturated with sweat and struggling to breathe. My throat is blocked with mucous, and I'm uncomfortable. My heart is racing, and my chest aches. I'm coughing up a darkish stringy mucous.","मैं पसीने से संतृप्त हूं और सांस लेने के लिए संघर्ष कर रहा हूं। मेरा गला श्लेष्म के साथ अवरुद्ध है, और मैं असहज हूं। मेरा दिल दौड़ रहा है, और मेरी छाती में दर्द होता है। मैं एक अंधेरे कड़े श्लेष्म को खांसी कर रहा हूँ।","আমি ঘামে স্যাচুরেটেড এবং শ্বাস নিতে লড়াই করছি। আমার গলা শ্লেষ্মা দিয়ে অবরুদ্ধ, এবং আমি অস্বস্তিকর। আমার হৃদয় দৌড়ছে, এবং আমার বুকের ব্যথা হয়। আমি একটি গা dark ় স্ট্রিং মিউকাস কাশি করছি।"
146,Pneumonia,"I'm having a lot of problems breathing. I'm not feeling good, and I'm sweating a lot. I have a lot of mucous in my throat and my chest hurts. My breathing is laboured, and the phlegm I'm coughing up has an odd tint.","मुझे सांस लेने में बहुत समस्याएं हो रही हैं। मुझे अच्छा नहीं लग रहा है, और मुझे बहुत पसीना आ रहा है। मेरे गले में बहुत श्लेष्म है और मेरी छाती में दर्द होता है। मेरी सांस ले रही है, और कफ मैं खांसी कर रहा हूं, एक अजीब टिंट है।","আমার শ্বাস নিতে অনেক সমস্যা হচ্ছে। আমি ভাল বোধ করছি না, এবং আমি অনেক ঘামছি। আমার গলায় প্রচুর শ্লেষ্মা আছে এবং আমার বুক ব্যথা করে। আমার শ্বাস -প্রশ্বাসের পরিশ্রম করা হয়েছে, এবং আমি কাশির কাশির একটি বিজোড় রঙ রয়েছে।"
147,Pneumonia,"I have a lot of difficulty breathing. I don't feel well, and I'm perspiring a lot. My chest hurts, and I have a lot of mucus in my throat. I'm having trouble breathing, and the phlegm I'm coughing up has a strange hue.","मुझे सांस लेने में बहुत कठिनाई होती है। मुझे अच्छा नहीं लगता, और मैं बहुत कुछ कर रहा हूं। मेरी छाती में दर्द होता है, और मेरे गले में बहुत सारे बलगम होते हैं। मुझे सांस लेने में परेशानी हो रही है, और कफ मैं खांसी कर रहा हूं, एक अजीब रंग है।","আমার শ্বাস নিতে অনেক অসুবিধা আছে। আমি ভাল বোধ করি না, এবং আমি অনেকটা ঘিরে আছি। আমার বুক ব্যাথা করে, এবং আমার গলায় প্রচুর শ্লেষ্মা রয়েছে। আমার শ্বাস নিতে সমস্যা হচ্ছে, এবং আমি কাশির কাশির একটি অদ্ভুত রঙ রয়েছে।"
148,Pneumonia,"I've been coughing a lot and feeling incredibly chilly and exhausted. I have a pretty high fever, and it's difficult for me to breathe. I've been perspiring a lot and generally feeling weak and ill. I've had some quite thick and black phlegm.","मैं बहुत खांसी कर रहा हूं और अविश्वसनीय रूप से मिर्च और थका हुआ महसूस कर रहा हूं। मुझे बहुत तेज बुखार है, और मेरे लिए सांस लेना मुश्किल है। मैं बहुत कुछ पसीना कर रहा हूं और आम तौर पर कमजोर और बीमार महसूस कर रहा हूं। मेरे पास कुछ काफी मोटी और काली कफ है।","আমি অনেক কাশি করছি এবং অবিশ্বাস্যভাবে মরিচ এবং ক্লান্ত বোধ করছি। আমার বেশ উচ্চ জ্বর রয়েছে, এবং শ্বাস নেওয়া আমার পক্ষে কঠিন। আমি প্রচুর ঘামছি এবং সাধারণত দুর্বল এবং অসুস্থ বোধ করছি। আমার কিছু বেশ ঘন এবং কালো কফ ছিল।"
149,Pneumonia,"I've recently had chills, exhaustion, a cough, a high temperature, and breathing issues. I've been perspiring a lot and generally feeling weak and ill. I've had some quite thick and black phlegm. My heart has been racing quite quickly.","मेरे पास हाल ही में ठंड लगना है, थकावट, एक खांसी, एक उच्च तापमान और श्वास के मुद्दे हैं। मैं बहुत कुछ पसीना कर रहा हूं और आम तौर पर कमजोर और बीमार महसूस कर रहा हूं। मेरे पास कुछ काफी मोटी और काली कफ है। मेरा दिल बहुत जल्दी दौड़ रहा है।","আমার সম্প্রতি শীতল, ক্লান্তি, একটি কাশি, একটি উচ্চ তাপমাত্রা এবং শ্বাস প্রশ্বাসের সমস্যা রয়েছে। আমি প্রচুর ঘামছি এবং সাধারণত দুর্বল এবং অসুস্থ বোধ করছি। আমার কিছু বেশ ঘন এবং কালো কফ ছিল। আমার হৃদয় খুব দ্রুত দৌড়াদৌড়ি করছে।"
150,Dimorphic Hemorrhoids,"Constipation, discomfort with bowel motions, and anus pain have all recently been bothering me. My anus has been quite inflamed, and my stool has been extremely bloody.","कब्ज, आंत्र गतियों के साथ असुविधा, और गुदा दर्द सभी हाल ही में मुझे परेशान कर रहे हैं। मेरा गुदा काफी सूजन है, और मेरा मल बेहद खूनी है।","কোষ্ঠকাঠিন্য, অন্ত্রের গতিগুলির সাথে অস্বস্তি এবং মলদ্বার ব্যথা সম্প্রতি আমাকে বিরক্ত করছে। আমার মলদ্বারটি বেশ ফুলে গেছে, এবং আমার মল অত্যন্ত রক্তাক্ত হয়েছে।"
151,Dimorphic Hemorrhoids,"Lately I've been experiencing constipation, pain during bowel movements, and pain in my anus. My stool has also been really bloody and my anus has been really irritated.","हाल ही में मैं कब्ज का अनुभव कर रहा हूं, आंत्र आंदोलनों के दौरान दर्द, और मेरे गुदा में दर्द। मेरा स्टूल भी वास्तव में खूनी रहा है और मेरा गुदा वास्तव में चिढ़ गया है।","ইদানীং আমি কোষ্ঠকাঠিন্য, অন্ত্রের চলাচলের সময় ব্যথা এবং আমার মলদ্বারে ব্যথা অনুভব করছি। আমার মলও সত্যিই রক্তাক্ত হয়েছে এবং আমার মলদ্বার সত্যিই বিরক্ত হয়েছে।"
152,Dimorphic Hemorrhoids,"Recently, I've been having a lot of difficulty using the restroom. My bowel movements have been extremely uncomfortable and difficult for me to have.  My anus has been quite inflamed, and my stool has been extremely bloody.","हाल ही में, मुझे टॉयलेट का उपयोग करने में बहुत कठिनाई हो रही है। मेरे आंत्र आंदोलन मेरे लिए बेहद असहज और मुश्किल रहे हैं।  मेरा गुदा काफी सूजन है, और मेरा मल बेहद खूनी है।","সম্প্রতি, আমি রেস্টরুমটি ব্যবহার করে অনেক অসুবিধা করছি। আমার অন্ত্রের গতিবিধি আমার পক্ষে অত্যন্ত অস্বস্তিকর এবং কঠিন ছিল।  আমার মলদ্বারটি বেশ ফুলে গেছে, এবং আমার মল অত্যন্ত রক্তাক্ত হয়েছে।"
153,Dimorphic Hemorrhoids,"I've been having a lot of trouble going to the bathroom lately. It's really painful when I do, and there's been some blood in my stool. I've also been having some pain and irritation around my anus.","मुझे हाल ही में बाथरूम में जाने में बहुत परेशानी हो रही है। जब मैं करता हूं तो यह वास्तव में दर्दनाक होता है, और मेरे मल में कुछ खून होता है। मुझे भी अपने गुदा के आसपास कुछ दर्द और जलन हो रही है।",ইদানীং বাথরুমে যেতে আমার অনেক সমস্যা হচ্ছে। আমি যখন করি তখন এটি সত্যিই বেদনাদায়ক এবং আমার মলটিতে কিছু রক্ত ​​রয়েছে। আমি আমার মলদ্বারের চারপাশে কিছুটা ব্যথা এবং জ্বালাও করছি।
154,Dimorphic Hemorrhoids,"Recently, I've been having a lot of difficulty using the restroom. When I do, it hurts a lot, and I've noticed some blood in my stool. Around my anus, I've also been experiencing some discomfort and itching.","हाल ही में, मुझे टॉयलेट का उपयोग करने में बहुत कठिनाई हो रही है। जब मैं करता हूं, तो यह बहुत दर्द होता है, और मैंने अपने मल में कुछ खून देखा है। मेरे गुदा के आसपास, मैं भी कुछ असुविधा और खुजली का अनुभव कर रहा हूं।","সম্প্রতি, আমি রেস্টরুমটি ব্যবহার করে অনেক অসুবিধা করছি। আমি যখন করি তখন এটি প্রচুর ব্যথা করে এবং আমি আমার মলটিতে কিছু রক্ত ​​লক্ষ্য করেছি। আমার মলদ্বারের চারপাশে, আমি কিছুটা অস্বস্তি এবং চুলকানিও অনুভব করছি।"
155,Dimorphic Hemorrhoids,"Lately I've been really constipated, and it's been really painful when I do go to the bathroom. I've also noticed some blood in my stool, and my anus has been really irritated.","हाल ही में मैं वास्तव में कब्ज किया गया है, और यह वास्तव में दर्दनाक है जब मैं बाथरूम में जाता हूं। मैंने अपने मल में कुछ खून भी देखा है, और मेरा गुदा वास्तव में चिढ़ गया है।",ইদানীং আমি সত্যিই কোষ্ঠকাঠিন্য হয়ে পড়েছি এবং আমি যখন বাথরুমে যাই তখন এটি সত্যিই বেদনাদায়ক হয়ে পড়েছে। আমি আমার মলটিতে কিছু রক্তও লক্ষ্য করেছি এবং আমার মলদ্বারটি সত্যিই বিরক্ত হয়েছে।
156,Dimorphic Hemorrhoids,"I've been suffering from severe constipation lately, and whenever I do go to the restroom, it hurts a lot. Aside from that, my anus has been really itchy, and I've observed some blood in my stool.","मैं हाल ही में गंभीर कब्ज से पीड़ित हूं, और जब भी मैं टॉयलेट में जाता हूं, तो यह बहुत दर्द होता है। इसके अलावा, मेरा गुदा वास्तव में खुजली हो चुका है, और मैंने अपने मल में कुछ खून देखा है।","আমি ইদানীং গুরুতর কোষ্ঠকাঠিন্যে ভুগছি, এবং যখনই আমি রেস্টরুমে যাই, এটি অনেকটা ব্যথা করে। এ ছাড়াও, আমার মলদ্বারটি সত্যিই চুলকানি হয়ে গেছে এবং আমি আমার মলটিতে কিছু রক্ত ​​লক্ষ্য করেছি।"
157,Dimorphic Hemorrhoids,"I've been having a lot of trouble going to the bathroom lately, and it's been really painful. I've also noticed that my stool has been bloody and my anus has been really irritated.","मुझे हाल ही में बाथरूम में जाने में बहुत परेशानी हो रही है, और यह वास्तव में दर्दनाक है। मैंने यह भी देखा है कि मेरा मल खूनी हो गया है और मेरा गुदा वास्तव में चिढ़ गया है।",ইদানীং বাথরুমে যেতে আমার অনেক সমস্যা হচ্ছে এবং এটি সত্যিই বেদনাদায়ক হয়েছে। আমি আরও লক্ষ্য করেছি যে আমার মল রক্তাক্ত হয়েছে এবং আমার মলদ্বার সত্যিই বিরক্ত হয়েছে।
158,Dimorphic Hemorrhoids,"Recently, I've been having a lot of discomfort and difficulty using the restroom. Additionally, I've noticed that my anus has been quite sore and that my stool has been bloody.","हाल ही में, मुझे टॉयलेट का उपयोग करने में बहुत असुविधा और कठिनाई हो रही है। इसके अतिरिक्त, मैंने देखा है कि मेरा गुदा काफी गले में है और मेरा मल खूनी हो गया है।","সম্প্রতি, আমি রেস্টরুমটি ব্যবহার করতে অনেক অস্বস্তি এবং অসুবিধা করছি। অতিরিক্তভাবে, আমি লক্ষ্য করেছি যে আমার মলদ্বারটি বেশ ঘা হয়ে গেছে এবং আমার মল রক্তাক্ত হয়েছে।"
159,Dimorphic Hemorrhoids,"I've been terribly constipated lately, and when I do go to the bathroom, it hurts a lot. Aside from that, my anus has been really itchy, and I've observed some blood in my stool.","मुझे हाल ही में बहुत सजा दी गई है, और जब मैं बाथरूम में जाता हूं, तो यह बहुत दर्द होता है। इसके अलावा, मेरा गुदा वास्तव में खुजली हो चुका है, और मैंने अपने मल में कुछ खून देखा है।","আমি ইদানীং ভয়াবহভাবে কোষ্ঠকাঠিন্য হয়ে পড়েছি এবং যখন আমি বাথরুমে যাই, তখন এটি প্রচুর ব্যথা করে। এ ছাড়াও, আমার মলদ্বারটি সত্যিই চুলকানি হয়ে গেছে এবং আমি আমার মলটিতে কিছু রক্ত ​​লক্ষ্য করেছি।"
160,Dimorphic Hemorrhoids,"I've been quite constipated lately, and going to the restroom has been excruciatingly uncomfortable. I've also observed blood in my stool, and my anus has been aggravated.","मुझे हाल ही में काफी कब्ज किया गया है, और टॉयलेट में जाना बहुत ही असहज हो गया है। मैंने अपने स्टूल में खून भी देखा है, और मेरा गुदा बढ़ गया है।","আমি ইদানীং বেশ কোষ্ঠকাঠিন্য হয়েছি, এবং রেস্টরুমে গিয়ে উদ্বেগজনকভাবে অস্বস্তিকর হয়েছে। আমি আমার স্টুলে রক্তও পর্যবেক্ষণ করেছি এবং আমার মলদ্বার আরও বেড়েছে।"
161,Dimorphic Hemorrhoids,I've been having a lot of trouble going to the bathroom lately. It's been really painful and I've been experiencing pain in my anus. My stool has also been bloody and my anus has been really irritated.,मुझे हाल ही में बाथरूम में जाने में बहुत परेशानी हो रही है। यह वास्तव में दर्दनाक है और मैं अपने गुदा में दर्द का अनुभव कर रहा हूं। मेरा मल भी खूनी हो गया है और मेरा गुदा वास्तव में चिढ़ गया है।,ইদানীং বাথরুমে যেতে আমার অনেক সমস্যা হচ্ছে। এটি সত্যিই বেদনাদায়ক হয়েছে এবং আমি আমার মলদ্বারে ব্যথা অনুভব করছি। আমার মলও রক্তাক্ত হয়েছে এবং আমার মলদ্বার সত্যিই বিরক্ত হয়েছে।
162,Dimorphic Hemorrhoids,"I've been having a lot of problems using the restroom recently. It's been excruciatingly uncomfortable, and I've been feeling agony in my anus. My stool has been bloody as well, and my anus has been really inflamed.","मुझे हाल ही में टॉयलेट का उपयोग करके बहुत सारी समस्याएं हो रही हैं। यह कष्टदायी रूप से असहज है, और मैं अपने गुदा में पीड़ा महसूस कर रहा हूं। मेरा मल भी खूनी हो गया है, और मेरा गुदा वास्तव में सूजन है।","আমি সম্প্রতি রেস্টরুমটি ব্যবহার করে অনেক সমস্যা করছি। এটি উদ্বেগজনকভাবে অস্বস্তিকর হয়েছে, এবং আমি আমার মলদ্বারে যন্ত্রণা বোধ করছি। আমার মলটিও রক্তাক্ত হয়েছে, এবং আমার মলদ্বার সত্যিই ফুলে গেছে।"
163,Dimorphic Hemorrhoids,"I've been having trouble going to the restroom recently. When I try to go, it's really uncomfortable, and my anus hurts a lot. I've also had some blood in my stool, and my anus has been really uncomfortable.","मुझे हाल ही में टॉयलेट जाने में परेशानी हो रही है। जब मैं जाने की कोशिश करता हूं, तो यह वास्तव में असहज होता है, और मेरा गुदा बहुत दर्द होता है। मेरे मल में भी कुछ खून है, और मेरा गुदा वास्तव में असहज रहा है।",আমার সম্প্রতি রেস্টরুমে যেতে সমস্যা হচ্ছে। আমি যখন যাওয়ার চেষ্টা করি তখন এটি সত্যিই অস্বস্তিকর এবং আমার মলদ্বারটি প্রচুর ব্যথা করে। আমার মলটিতেও আমার কিছু রক্ত ​​ছিল এবং আমার মলদ্বারটি সত্যিই অস্বস্তিকর হয়েছে।
164,Dimorphic Hemorrhoids,I've been having a really hard time going to the bathroom lately. It's really painful when I try to go and my anus hurts a lot. There's also been some blood in my stool and my anus has been really itchy.,मुझे हाल ही में बाथरूम में जाने में बहुत कठिन समय हो रहा है। यह वास्तव में दर्दनाक है जब मैं जाने की कोशिश करता हूं और मेरा गुदा बहुत दर्द होता है। मेरे स्टूल में कुछ खून भी रहा है और मेरा गुदा वास्तव में खुजली कर रहा है।,আমি ইদানীং বাথরুমে যেতে খুব কষ্ট করছি। আমি যখন যাওয়ার চেষ্টা করি তখন এটি সত্যিই বেদনাদায়ক এবং আমার মলদ্বারটি প্রচুর ব্যথা করে। আমার মলটিতে কিছু রক্তও হয়েছে এবং আমার মলদ্বারটি সত্যিই চুলকানি হয়েছে।
165,Dimorphic Hemorrhoids,"I've been experiencing problems using the restroom recently. It's quite difficult for me to go, and it hurts when I do. I've also been experiencing buttock soreness and bloody stools. My anus has also been quite itching and sensitive.","मैं हाल ही में टॉयलेट का उपयोग करके समस्याओं का अनुभव कर रहा हूं। मेरे लिए जाना काफी मुश्किल है, और जब मैं करता हूं तो यह दर्द होता है। मैं भी नितंब की व्यथा और खूनी मल का अनुभव कर रहा हूं। मेरा गुदा भी काफी खुजली और संवेदनशील रहा है।","আমি সম্প্রতি রেস্টরুমটি ব্যবহার করে সমস্যার মুখোমুখি হয়েছি। আমার পক্ষে যাওয়া বেশ কঠিন, এবং আমি যখন এটি করি তখন ব্যথা হয়। আমি নিতম্বের ব্যথা এবং রক্তাক্ত মলও অনুভব করছি। আমার মলদ্বারও বেশ চুলকানি এবং সংবেদনশীল হয়েছে।"
166,Dimorphic Hemorrhoids,"Recently, I've been having problems using the restroom. Going is incredibly difficult, and doing so hurts. In addition, I've been experiencing some butt soreness, and my stools have been bloody. My anus has also been quite itching and aggravated.","हाल ही में, मुझे टॉयलेट का उपयोग करने में समस्या हो रही है। जाना अविश्वसनीय रूप से मुश्किल है, और ऐसा करना दर्द होता है। इसके अलावा, मैं कुछ नितंब का अनुभव कर रहा हूं, और मेरे मल खूनी हो गए हैं। मेरा गुदा भी काफी खुजली और उत्तेजित रहा है।","সম্প্রতি, রেস্টরুমটি ব্যবহার করে আমার সমস্যা হচ্ছে। যাওয়া অবিশ্বাস্যভাবে কঠিন, এবং এটি করা ব্যথা করে। এছাড়াও, আমি কিছু বাট ব্যথা অনুভব করছি এবং আমার মল রক্তাক্ত হয়েছে। আমার মলদ্বারও বেশ চুলকানি এবং ক্রমবর্ধমান হয়েছে।"
167,Dimorphic Hemorrhoids,"I've been constipated and it's really hard to go to the bathroom. When I do go, it hurts and my stool has been bloody. I've also been having some pain in my butt and my anus has been really itchy and irritated.","मुझे कब्ज किया गया है और बाथरूम में जाना वास्तव में कठिन है। जब मैं जाता हूं, तो यह दर्द होता है और मेरा मल खूनी हो गया है। मुझे भी अपने बट में कुछ दर्द हो रहा है और मेरा गुदा वास्तव में खुजली और चिढ़ रहा है।","আমি কোষ্ঠকাঠিন্য হয়েছি এবং বাথরুমে যাওয়া সত্যিই কঠিন। আমি যখন যাই, তখন এটি ব্যাথা করে এবং আমার মল রক্তাক্ত হয়েছে। আমি আমার পাছায় কিছুটা ব্যথা করছি এবং আমার মলদ্বার সত্যিই চুলকানি এবং বিরক্ত হয়েছে।"
168,Dimorphic Hemorrhoids,"Since I've been constipated, using the restroom has been quite challenging. When I do go, it aches and I've had blood in my stool. My anus has been quite itchy and irritating, and I've also been experiencing some discomfort in my butt.","चूंकि मुझे कब्ज किया गया है, इसलिए टॉयलेट का उपयोग करना काफी चुनौतीपूर्ण रहा है। जब मैं जाता हूं, तो यह दर्द होता है और मेरे मल में खून है। मेरा गुदा काफी खुजली और चिड़चिड़ा रहा है, और मैं भी अपने बट में कुछ असुविधा का अनुभव कर रहा हूं।","যেহেতু আমি কোষ্ঠকাঠিন্য হয়েছি, রেস্টরুমটি ব্যবহার করা বেশ চ্যালেঞ্জিং ছিল। আমি যখন যাই, তখন এটি ব্যথা করে এবং আমার স্টুলে রক্ত ​​ছিল। আমার মলদ্বার বেশ চুলকানি এবং বিরক্তিকর হয়েছে এবং আমি আমার পাছায় কিছুটা অস্বস্তিও অনুভব করছি।"
169,Dimorphic Hemorrhoids,"I've been constipated and it's really hard to go to the bathroom. When I do go, it hurts and my stool has been bloody. I've also been having some pain in my butt and my anus has been really itchy and irritated.","मुझे कब्ज किया गया है और बाथरूम में जाना वास्तव में कठिन है। जब मैं जाता हूं, तो यह दर्द होता है और मेरा मल खूनी हो गया है। मुझे भी अपने बट में कुछ दर्द हो रहा है और मेरा गुदा वास्तव में खुजली और चिढ़ रहा है।","আমি কোষ্ঠকাঠিন্য হয়েছি এবং বাথরুমে যাওয়া সত্যিই কঠিন। আমি যখন যাই, তখন এটি ব্যাথা করে এবং আমার মল রক্তাক্ত হয়েছে। আমি আমার পাছায় কিছুটা ব্যথা করছি এবং আমার মলদ্বার সত্যিই চুলকানি এবং বিরক্ত হয়েছে।"
170,Dimorphic Hemorrhoids,"Since I've been constipated, using the restroom has been quite challenging. When I do go, it aches and I've had blood in my stool. My anus has been quite itchy and irritating, and I've also been experiencing some discomfort in my butt.","चूंकि मुझे कब्ज किया गया है, इसलिए टॉयलेट का उपयोग करना काफी चुनौतीपूर्ण रहा है। जब मैं जाता हूं, तो यह दर्द होता है और मेरे मल में खून है। मेरा गुदा काफी खुजली और चिड़चिड़ा रहा है, और मैं भी अपने बट में कुछ असुविधा का अनुभव कर रहा हूं।","যেহেতু আমি কোষ্ঠকাঠিন্য হয়েছি, রেস্টরুমটি ব্যবহার করা বেশ চ্যালেঞ্জিং ছিল। আমি যখন যাই, তখন এটি ব্যথা করে এবং আমার স্টুলে রক্ত ​​ছিল। আমার মলদ্বার বেশ চুলকানি এবং বিরক্তিকর হয়েছে এবং আমি আমার পাছায় কিছুটা অস্বস্তিও অনুভব করছি।"
171,Dimorphic Hemorrhoids,"I've been constipated and it's really hard to go to the bathroom. When I do go, it hurts and my stool has been bloody. I've also been having some pain in my butt and my anus has been really itchy and irritated.","मुझे कब्ज किया गया है और बाथरूम में जाना वास्तव में कठिन है। जब मैं जाता हूं, तो यह दर्द होता है और मेरा मल खूनी हो गया है। मुझे भी अपने बट में कुछ दर्द हो रहा है और मेरा गुदा वास्तव में खुजली और चिढ़ रहा है।","আমি কোষ্ঠকাঠিন্য হয়েছি এবং বাথরুমে যাওয়া সত্যিই কঠিন। আমি যখন যাই, তখন এটি ব্যাথা করে এবং আমার মল রক্তাক্ত হয়েছে। আমি আমার পাছায় কিছুটা ব্যথা করছি এবং আমার মলদ্বার সত্যিই চুলকানি এবং বিরক্ত হয়েছে।"
172,Dimorphic Hemorrhoids,"Constipation has made it quite difficult for me to use the restroom. My stool has been bloody when I do go, and it hurts. In addition, my anus has been quite itchy and inflamed, and I've been experiencing some butt soreness.","कब्ज ने मेरे लिए टॉयलेट का उपयोग करना काफी मुश्किल बना दिया है। जब मैं जाता हूं तो मेरा मल खूनी हो गया है, और यह दर्द होता है। इसके अलावा, मेरा गुदा काफी खुजली और सूजन रहा है, और मैं कुछ नितंब का अनुभव कर रहा हूं।","কোষ্ঠকাঠিন্য আমার পক্ষে রেস্টরুমটি ব্যবহার করা বেশ কঠিন করে তুলেছে। আমি যখন যাই তখন আমার মল রক্তাক্ত হয়ে যায় এবং এটি ব্যথা করে। এছাড়াও, আমার মলদ্বারটি বেশ চুলকানি এবং স্ফীত হয়েছে এবং আমি কিছু বাট ব্যথা অনুভব করছি।"
173,Dimorphic Hemorrhoids,"It's incredibly difficult for me to use the restroom, and when I do, it hurts a lot. My stools have been bloody, and my butt has been hurting. My anus has also been quite itching and aggravated.","मेरे लिए टॉयलेट का उपयोग करना अविश्वसनीय रूप से मुश्किल है, और जब मैं करता हूं, तो यह बहुत दर्द होता है। मेरे मल खूनी हो गए हैं, और मेरा बट दर्द कर रहा है। मेरा गुदा भी काफी खुजली और उत्तेजित रहा है।","রেস্টরুমটি ব্যবহার করা আমার পক্ষে অবিশ্বাস্যভাবে কঠিন এবং আমি যখন করি তখন এটি প্রচুর ব্যথা করে। আমার মলগুলি রক্তাক্ত হয়েছে, এবং আমার বাট ব্যথা করছে। আমার মলদ্বারও বেশ চুলকানি এবং ক্রমবর্ধমান হয়েছে।"
174,Dimorphic Hemorrhoids,I'm having a lot of trouble going to the bathroom and it's really painful when I do. My stool has been bloody and I've had some pain in my butt. My anus has been really itchy and irritated too.,मुझे बाथरूम में जाने में बहुत परेशानी हो रही है और जब मैं ऐसा करता हूं तो यह वास्तव में दर्दनाक होता है। मेरा मल खूनी हो गया है और मुझे अपने बट में कुछ दर्द हुआ है। मेरा गुदा वास्तव में खुजली वाली और चिढ़ गई है।,বাথরুমে যেতে আমার অনেক সমস্যা হচ্ছে এবং আমি যখন করি তখন এটি সত্যিই বেদনাদায়ক। আমার মল রক্তাক্ত হয়েছে এবং আমার পাছায় কিছুটা ব্যথা হয়েছে। আমার মলদ্বার সত্যিই চুলকানি এবং বিরক্তও হয়েছে।
175,Dimorphic Hemorrhoids,I've been having trouble going to the bathroom. It's been really hard to go and it hurts when I do. My anus is really sore and it's been bleeding when I go. It's really painful and I'm really uncomfortable.,मुझे बाथरूम जाने में परेशानी हो रही है। यह जाना वास्तव में मुश्किल है और जब मैं करता हूं तो यह दर्द होता है। मेरा गुदा वास्तव में गले में है और जब मैं जाता हूं तो यह खून बह रहा है। यह वास्तव में दर्दनाक है और मैं वास्तव में असहज हूं।,বাথরুমে যেতে আমার সমস্যা হচ্ছে। এটি করা সত্যিই কঠিন ছিল এবং আমি যখন এটি করি তখন ব্যথা হয়। আমার মলদ্বার সত্যিই ব্যথা এবং আমি যখন যাই তখন রক্তক্ষরণ হয়ে যায়। এটি সত্যিই বেদনাদায়ক এবং আমি সত্যিই অস্বস্তিকর।
176,Dimorphic Hemorrhoids,"I've been finding it challenging to use the restroom. Going has been quite difficult, and it aches when I do. When I go, my anus bleeds and is really uncomfortable. I'm in a lot of discomfort and it hurts extremely bad.","मुझे टॉयलेट का उपयोग करना चुनौतीपूर्ण लग रहा है। जाना काफी मुश्किल हो गया है, और जब मैं करता हूं तो यह दर्द होता है। जब मैं जाता हूं, तो मेरा गुदा खून बहता है और वास्तव में असहज होता है। मैं बहुत असुविधा में हूं और यह बहुत बुरा है।","আমি রেস্টরুমটি ব্যবহার করা চ্যালেঞ্জিং খুঁজে পেয়েছি। যাওয়া বেশ কঠিন হয়ে পড়েছিল, এবং আমি যখন করি তখন এটি ব্যথা করে। আমি যখন যাই, আমার মলদ্বার রক্তপাত হয় এবং সত্যিই অস্বস্তিকর। আমি অনেক অস্বস্তিতে আছি এবং এটি অত্যন্ত খারাপ ব্যথা করে।"
177,Dimorphic Hemorrhoids,"I've been having difficulty using the restroom. It's been difficult to go, and it aches when I do. My anus is quite painful, and it has been bleeding whenever I go. It's excruciatingly painful, and I'm quite uneasy.","मुझे टॉयलेट का उपयोग करने में कठिनाई हो रही है। यह जाना मुश्किल है, और जब मैं करता हूं तो यह दर्द होता है। मेरा गुदा काफी दर्दनाक है, और जब भी मैं जाता हूं तो यह खून बह रहा है। यह कष्टदायी रूप से दर्दनाक है, और मैं काफी असहज हूं।","আমার রেস্টরুমটি ব্যবহার করতে অসুবিধা হচ্ছে। এটি যেতে অসুবিধা হয়েছে, এবং আমি যখন করি তখন এটি ব্যথা করে। আমার মলদ্বারটি বেশ বেদনাদায়ক, এবং আমি যখনই যাই তখন রক্তপাত হচ্ছে। এটি উদ্বেগজনকভাবে বেদনাদায়ক, এবং আমি বেশ অস্বস্তিকর।"
178,Dimorphic Hemorrhoids,Lately I've been experiencing constipation and pain during bowel movements. My anus is really sore and it's been bleeding when I go. It's really painful and I'm really uncomfortable.,हाल ही में मैं आंत्र आंदोलनों के दौरान कब्ज और दर्द का अनुभव कर रहा हूं। मेरा गुदा वास्तव में गले में है और जब मैं जाता हूं तो यह खून बह रहा है। यह वास्तव में दर्दनाक है और मैं वास्तव में असहज हूं।,ইদানীং আমি অন্ত্রের চলাচলের সময় কোষ্ঠকাঠিন্য এবং ব্যথা অনুভব করছি। আমার মলদ্বার সত্যিই ব্যথা এবং আমি যখন যাই তখন রক্তক্ষরণ হয়ে যায়। এটি সত্যিই বেদনাদায়ক এবং আমি সত্যিই অস্বস্তিকর।
179,Dimorphic Hemorrhoids,"I've recently been suffering from constipation and digestive discomfort. My anus is quite painful, and it has been bleeding whenever I go. It's excruciatingly painful, and I'm quite uneasy.","मैं हाल ही में कब्ज और पाचन असुविधा से पीड़ित हूं। मेरा गुदा काफी दर्दनाक है, और जब भी मैं जाता हूं तो यह खून बह रहा है। यह कष्टदायी रूप से दर्दनाक है, और मैं काफी असहज हूं।","আমি সম্প্রতি কোষ্ঠকাঠিন্য এবং হজম অস্বস্তিতে ভুগছি। আমার মলদ্বারটি বেশ বেদনাদায়ক, এবং আমি যখনই যাই তখন রক্তপাত হচ্ছে। এটি উদ্বেগজনকভাবে বেদনাদায়ক, এবং আমি বেশ অস্বস্তিকর।"
180,Dimorphic Hemorrhoids,"Constipation and soreness with bowel motions have been bothering me lately. When I go, my anus bleeds and is really uncomfortable. I'm in a lot of discomfort and it hurts extremely bad.","आंत्र गतियों के साथ कब्ज और व्यथा मुझे हाल ही में परेशान कर रही है। जब मैं जाता हूं, तो मेरा गुदा खून बहता है और वास्तव में असहज होता है। मैं बहुत असुविधा में हूं और यह बहुत बुरा है।","অন্ত্রের গতিগুলির সাথে কোষ্ঠকাঠিন্য এবং ব্যথা আমাকে ইদানীং বিরক্ত করছে। আমি যখন যাই, আমার মলদ্বার রক্তপাত হয় এবং সত্যিই অস্বস্তিকর। আমি অনেক অস্বস্তিতে আছি এবং এটি অত্যন্ত খারাপ ব্যথা করে।"
181,Dimorphic Hemorrhoids,I've been having a lot of trouble with my bowel movements lately. It's hard to go and it hurts when I do. My anus is really sore and it's been bleeding when I go. It's really painful and I'm really uncomfortable.,मुझे अपने आंत्र आंदोलनों से हाल ही में बहुत परेशानी हो रही है। यह जाना मुश्किल है और जब मैं करता हूं तो यह दर्द होता है। मेरा गुदा वास्तव में गले में है और जब मैं जाता हूं तो यह खून बह रहा है। यह वास्तव में दर्दनाक है और मैं वास्तव में असहज हूं।,ইদানীং আমার অন্ত্রের চলাচলে আমি অনেক সমস্যা করছি। এটি যাওয়া শক্ত এবং আমি যখন করি তখন ব্যথা হয়। আমার মলদ্বার সত্যিই ব্যথা এবং আমি যখন যাই তখন রক্তক্ষরণ হয়ে যায়। এটি সত্যিই বেদনাদায়ক এবং আমি সত্যিই অস্বস্তিকর।
182,Dimorphic Hemorrhoids,"My bowel motions have been really difficult for me recently. Going is difficult, and it aches when I do. When I go, my anus bleeds and is really uncomfortable. I'm in a lot of discomfort and it hurts extremely bad.","मेरे आंत्र गत्सियों ने हाल ही में मेरे लिए वास्तव में मुश्किल किया है। जाना मुश्किल है, और जब मैं करता हूं तो यह दर्द होता है। जब मैं जाता हूं, तो मेरा गुदा खून बहता है और वास्तव में असहज होता है। मैं बहुत असुविधा में हूं और यह बहुत बुरा है।","আমার অন্ত্রের গতিগুলি সম্প্রতি আমার পক্ষে সত্যিই কঠিন ছিল। যাওয়া কঠিন, এবং আমি যখন করি তখন এটি ব্যথা করে। আমি যখন যাই, আমার মলদ্বার রক্তপাত হয় এবং সত্যিই অস্বস্তিকর। আমি অনেক অস্বস্তিতে আছি এবং এটি অত্যন্ত খারাপ ব্যথা করে।"
183,Dimorphic Hemorrhoids,"I've been experiencing a lot of bowel movement issues recently. It's difficult to go, and it hurts when I do. My anus is quite painful, and it has been bleeding whenever I go. It's excruciatingly painful, and I'm quite uneasy.","मैं हाल ही में बहुत सारे आंत्र आंदोलन के मुद्दों का अनुभव कर रहा हूं। यह जाना मुश्किल है, और जब मैं करता हूं तो यह दर्द होता है। मेरा गुदा काफी दर्दनाक है, और जब भी मैं जाता हूं तो यह खून बह रहा है। यह कष्टदायी रूप से दर्दनाक है, और मैं काफी असहज हूं।","আমি সম্প্রতি অন্ত্রের চলাচলের অনেক সমস্যা অনুভব করছি। এটি যাওয়া কঠিন, এবং আমি যখন এটি করি তখন ব্যথা হয়। আমার মলদ্বারটি বেশ বেদনাদায়ক, এবং আমি যখনই যাই তখন রক্তপাত হচ্ছে। এটি উদ্বেগজনকভাবে বেদনাদায়ক, এবং আমি বেশ অস্বস্তিকর।"
184,Dimorphic Hemorrhoids,I'm having a lot of trouble with my bowel movements lately. It's hard to go and it hurts when I do. My anus is really sore and it's been bleeding when I go. It's really painful and I'm really uncomfortable.,मुझे अपने आंत्र आंदोलनों से हाल ही में बहुत परेशानी हो रही है। यह जाना मुश्किल है और जब मैं करता हूं तो यह दर्द होता है। मेरा गुदा वास्तव में गले में है और जब मैं जाता हूं तो यह खून बह रहा है। यह वास्तव में दर्दनाक है और मैं वास्तव में असहज हूं।,ইদানীং আমার অন্ত্রের গতিবিধি নিয়ে আমার অনেক সমস্যা হচ্ছে। এটি যাওয়া শক্ত এবং আমি যখন করি তখন ব্যথা হয়। আমার মলদ্বার সত্যিই ব্যথা এবং আমি যখন যাই তখন রক্তক্ষরণ হয়ে যায়। এটি সত্যিই বেদনাদায়ক এবং আমি সত্যিই অস্বস্তিকর।
185,Dimorphic Hemorrhoids,"I've been experiencing a lot of problems with my bowel motions recently. It's difficult to go, and it hurts when I do. My anus is quite painful, and it has been bleeding whenever I go. It's excruciatingly painful, and I'm quite uneasy.","मैं हाल ही में अपने आंत्र गतियों के साथ बहुत सारी समस्याओं का सामना कर रहा हूं। यह जाना मुश्किल है, और जब मैं करता हूं तो यह दर्द होता है। मेरा गुदा काफी दर्दनाक है, और जब भी मैं जाता हूं तो यह खून बह रहा है। यह कष्टदायी रूप से दर्दनाक है, और मैं काफी असहज हूं।","আমি সম্প্রতি আমার অন্ত্রের গতি নিয়ে প্রচুর সমস্যা অনুভব করছি। এটি যাওয়া কঠিন, এবং আমি যখন এটি করি তখন ব্যথা হয়। আমার মলদ্বারটি বেশ বেদনাদায়ক, এবং আমি যখনই যাই তখন রক্তপাত হচ্ছে। এটি উদ্বেগজনকভাবে বেদনাদায়ক, এবং আমি বেশ অস্বস্তিকর।"
186,Dimorphic Hemorrhoids,"My bowel motions are giving me a lot of problems right now. Going is difficult, and going hurts when I do it. When I go, my anus bleeds and is really uncomfortable. I'm in a lot of discomfort and it hurts extremely bad.","मेरे आंत्र गतियों ने मुझे अभी बहुत सारी समस्याएं दे रहे हैं। जाना मुश्किल है, और जब मैं ऐसा करता हूं तो दर्द होता है। जब मैं जाता हूं, तो मेरा गुदा खून बहता है और वास्तव में असहज होता है। मैं बहुत असुविधा में हूं और यह बहुत बुरा है।","আমার অন্ত্রের গতিগুলি এখনই আমাকে অনেক সমস্যা দিচ্ছে। যাওয়া কঠিন, এবং আমি যখন এটি করি তখন ব্যথা হয়। আমি যখন যাই, আমার মলদ্বার রক্তপাত হয় এবং সত্যিই অস্বস্তিকর। আমি অনেক অস্বস্তিতে আছি এবং এটি অত্যন্ত খারাপ ব্যথা করে।"
187,Dimorphic Hemorrhoids,Lately I've been experiencing constipation and pain during bowel movements. My anus is really sore and it's been bleeding when I go. It's really painful and I'm really uncomfortable.,हाल ही में मैं आंत्र आंदोलनों के दौरान कब्ज और दर्द का अनुभव कर रहा हूं। मेरा गुदा वास्तव में गले में है और जब मैं जाता हूं तो यह खून बह रहा है। यह वास्तव में दर्दनाक है और मैं वास्तव में असहज हूं।,ইদানীং আমি অন্ত্রের চলাচলের সময় কোষ্ঠকাঠিন্য এবং ব্যথা অনুভব করছি। আমার মলদ্বার সত্যিই ব্যথা এবং আমি যখন যাই তখন রক্তক্ষরণ হয়ে যায়। এটি সত্যিই বেদনাদায়ক এবং আমি সত্যিই অস্বস্তিকর।
188,Dimorphic Hemorrhoids,"I've been having constipation and bowel motions that hurt recently. When I go, my anus bleeds and is really uncomfortable. I'm in a lot of discomfort and it hurts extremely bad.","मैं कब्ज और आंत्र गति कर रहा हूं जो हाल ही में चोट लगी है। जब मैं जाता हूं, तो मेरा गुदा खून बहता है और वास्तव में असहज होता है। मैं बहुत असुविधा में हूं और यह बहुत बुरा है।","আমি কোষ্ঠকাঠিন্য এবং অন্ত্রের গতি পেয়েছি যা সম্প্রতি আঘাত করেছে। আমি যখন যাই, আমার মলদ্বার রক্তপাত হয় এবং সত্যিই অস্বস্তিকর। আমি অনেক অস্বস্তিতে আছি এবং এটি অত্যন্ত খারাপ ব্যথা করে।"
189,Dimorphic Hemorrhoids,"I've recently been suffering from constipation and digestive discomfort. My anus is quite painful, and it has been bleeding whenever I go. It's excruciatingly painful, and I'm quite uneasy.","मैं हाल ही में कब्ज और पाचन असुविधा से पीड़ित हूं। मेरा गुदा काफी दर्दनाक है, और जब भी मैं जाता हूं तो यह खून बह रहा है। यह कष्टदायी रूप से दर्दनाक है, और मैं काफी असहज हूं।","আমি সম্প্রতি কোষ্ঠকাঠিন্য এবং হজম অস্বস্তিতে ভুগছি। আমার মলদ্বারটি বেশ বেদনাদায়ক, এবং আমি যখনই যাই তখন রক্তপাত হচ্ছে। এটি উদ্বেগজনকভাবে বেদনাদায়ক, এবং আমি বেশ অস্বস্তিকর।"
190,Dimorphic Hemorrhoids,"I've been experiencing a lot of bowel movement issues recently. It's difficult to go, and it hurts when I do. My anus is quite painful, and it has been bleeding whenever I go. It's excruciatingly painful, and I'm quite uneasy.","मैं हाल ही में बहुत सारे आंत्र आंदोलन के मुद्दों का अनुभव कर रहा हूं। यह जाना मुश्किल है, और जब मैं करता हूं तो यह दर्द होता है। मेरा गुदा काफी दर्दनाक है, और जब भी मैं जाता हूं तो यह खून बह रहा है। यह कष्टदायी रूप से दर्दनाक है, और मैं काफी असहज हूं।","আমি সম্প্রতি অন্ত্রের চলাচলের অনেক সমস্যা অনুভব করছি। এটি যাওয়া কঠিন, এবং আমি যখন এটি করি তখন ব্যথা হয়। আমার মলদ্বারটি বেশ বেদনাদায়ক, এবং আমি যখনই যাই তখন রক্তপাত হচ্ছে। এটি উদ্বেগজনকভাবে বেদনাদায়ক, এবং আমি বেশ অস্বস্তিকর।"
191,Dimorphic Hemorrhoids,I'm having a lot of trouble with my bowel movements lately. It's hard to go and it hurts when I do. My anus is really sore and it's been bleeding when I go. It's really painful and I'm really uncomfortable.,मुझे अपने आंत्र आंदोलनों से हाल ही में बहुत परेशानी हो रही है। यह जाना मुश्किल है और जब मैं करता हूं तो यह दर्द होता है। मेरा गुदा वास्तव में गले में है और जब मैं जाता हूं तो यह खून बह रहा है। यह वास्तव में दर्दनाक है और मैं वास्तव में असहज हूं।,ইদানীং আমার অন্ত্রের গতিবিধি নিয়ে আমার অনেক সমস্যা হচ্ছে। এটি যাওয়া শক্ত এবং আমি যখন করি তখন ব্যথা হয়। আমার মলদ্বার সত্যিই ব্যথা এবং আমি যখন যাই তখন রক্তক্ষরণ হয়ে যায়। এটি সত্যিই বেদনাদায়ক এবং আমি সত্যিই অস্বস্তিকর।
192,Dimorphic Hemorrhoids,"My bowel motions have been really difficult for me recently. Going is difficult, and it aches when I do. When I go, my anus bleeds and is really uncomfortable. I'm in a lot of discomfort and it hurts extremely bad.","मेरे आंत्र गत्सियों ने हाल ही में मेरे लिए वास्तव में मुश्किल किया है। जाना मुश्किल है, और जब मैं करता हूं तो यह दर्द होता है। जब मैं जाता हूं, तो मेरा गुदा खून बहता है और वास्तव में असहज होता है। मैं बहुत असुविधा में हूं और यह बहुत बुरा है।","আমার অন্ত্রের গতিগুলি সম্প্রতি আমার পক্ষে সত্যিই কঠিন ছিল। যাওয়া কঠিন, এবং আমি যখন করি তখন এটি ব্যথা করে। আমি যখন যাই, আমার মলদ্বার রক্তপাত হয় এবং সত্যিই অস্বস্তিকর। আমি অনেক অস্বস্তিতে আছি এবং এটি অত্যন্ত খারাপ ব্যথা করে।"
193,Dimorphic Hemorrhoids,"I've been experiencing a lot of problems with my bowel motions recently. It's difficult to go, and it hurts when I do. My anus is quite painful, and it has been bleeding whenever I go. It's excruciatingly painful, and I'm quite uneasy.","मैं हाल ही में अपने आंत्र गतियों के साथ बहुत सारी समस्याओं का सामना कर रहा हूं। यह जाना मुश्किल है, और जब मैं करता हूं तो यह दर्द होता है। मेरा गुदा काफी दर्दनाक है, और जब भी मैं जाता हूं तो यह खून बह रहा है। यह कष्टदायी रूप से दर्दनाक है, और मैं काफी असहज हूं।","আমি সম্প্রতি আমার অন্ত্রের গতি নিয়ে প্রচুর সমস্যা অনুভব করছি। এটি যাওয়া কঠিন, এবং আমি যখন এটি করি তখন ব্যথা হয়। আমার মলদ্বারটি বেশ বেদনাদায়ক, এবং আমি যখনই যাই তখন রক্তপাত হচ্ছে। এটি উদ্বেগজনকভাবে বেদনাদায়ক, এবং আমি বেশ অস্বস্তিকর।"
194,Dimorphic Hemorrhoids,"I've been experiencing a lot of bowel movement issues recently. It's difficult to go, and it hurts when I do. My anus is quite painful, and it has been bleeding whenever I go. It's really painful and I'm really uncomfortable.","मैं हाल ही में बहुत सारे आंत्र आंदोलन के मुद्दों का अनुभव कर रहा हूं। यह जाना मुश्किल है, और जब मैं करता हूं तो यह दर्द होता है। मेरा गुदा काफी दर्दनाक है, और जब भी मैं जाता हूं तो यह खून बह रहा है। यह वास्तव में दर्दनाक है और मैं वास्तव में असहज हूं।","আমি সম্প্রতি অন্ত্রের চলাচলের অনেক সমস্যা অনুভব করছি। এটি যাওয়া কঠিন, এবং আমি যখন এটি করি তখন ব্যথা হয়। আমার মলদ্বারটি বেশ বেদনাদায়ক, এবং আমি যখনই যাই তখন রক্তপাত হচ্ছে। এটি সত্যিই বেদনাদায়ক এবং আমি সত্যিই অস্বস্তিকর।"
195,Dimorphic Hemorrhoids,"I've been getting a lot of bowel issues recently. It's difficult for me to go, and it hurts when I do. My anus is quite painful, and it has been bleeding whenever I go. It's excruciatingly painful, and I'm quite uneasy.","मुझे हाल ही में बहुत सारे आंत्र मुद्दे मिल रहे हैं। मेरे लिए जाना मुश्किल है, और जब मैं करता हूं तो यह दर्द होता है। मेरा गुदा काफी दर्दनाक है, और जब भी मैं जाता हूं तो यह खून बह रहा है। यह कष्टदायी रूप से दर्दनाक है, और मैं काफी असहज हूं।","আমি সম্প্রতি প্রচুর অন্ত্রের সমস্যা পাচ্ছি। আমার পক্ষে যাওয়া কঠিন, এবং আমি যখন করি তখন ব্যথা হয়। আমার মলদ্বারটি বেশ বেদনাদায়ক, এবং আমি যখনই যাই তখন রক্তপাত হচ্ছে। এটি উদ্বেগজনকভাবে বেদনাদায়ক, এবং আমি বেশ অস্বস্তিকর।"
196,Dimorphic Hemorrhoids,I've been having a really hard time going to the bathroom lately. It's really painful and I'm only able to go every few days. There's also a lot of pain in my anus and around that area. My stool has been really bloody and my anus feels really irritated.,मुझे हाल ही में बाथरूम में जाने में बहुत कठिन समय हो रहा है। यह वास्तव में दर्दनाक है और मैं केवल हर कुछ दिनों में जाने में सक्षम हूं। मेरे गुदा और उस क्षेत्र में बहुत दर्द है। मेरा स्टूल वास्तव में खूनी हो गया है और मेरा गुदा वास्तव में चिड़चिड़ा लगता है।,আমি ইদানীং বাথরুমে যেতে খুব কষ্ট করছি। এটি সত্যিই বেদনাদায়ক এবং আমি কেবল প্রতি কয়েক দিন যেতে সক্ষম। আমার মলদ্বারে এবং সেই অঞ্চলটির আশেপাশে প্রচুর ব্যথা রয়েছে। আমার মল সত্যিই রক্তাক্ত হয়েছে এবং আমার মলদ্বার সত্যিই বিরক্ত বোধ করে।
197,Dimorphic Hemorrhoids,"I've been finding it incredibly difficult recently to use the restroom. I can only go sporadically because it hurts so much. My anus and the surrounding region are also quite painful. My anus feels really aggravated, and my stool has been extremely bloody.","मैं हाल ही में टॉयलेट का उपयोग करना अविश्वसनीय रूप से मुश्किल पा रहा हूं। मैं केवल छिटपुट रूप से जा सकता हूं क्योंकि यह बहुत दर्द होता है। मेरा गुदा और आसपास के क्षेत्र भी काफी दर्दनाक हैं। मेरा गुदा वास्तव में बढ़ गया है, और मेरा मल बेहद खूनी है।",আমি সম্প্রতি রেস্টরুমটি ব্যবহার করা অবিশ্বাস্যভাবে কঠিন খুঁজে পেয়েছি। আমি কেবল বিক্ষিপ্তভাবে যেতে পারি কারণ এটি এত ব্যথা করে। আমার মলদ্বার এবং আশেপাশের অঞ্চলটিও বেশ বেদনাদায়ক। আমার মলদ্বারটি সত্যিই আরও বেড়ে যায় বলে মনে হয় এবং আমার মল অত্যন্ত রক্তাক্ত হয়েছে।
198,Dimorphic Hemorrhoids,I'm having a lot of trouble with constipation and pain while trying to go to the bathroom. It hurts a lot in my anus and the area around it. My stool has been bloody and my anus is really irritated.,मुझे बाथरूम जाने की कोशिश करते हुए कब्ज और दर्द से बहुत परेशानी हो रही है। यह मेरे गुदा और उसके आसपास के क्षेत्र में बहुत दर्द होता है। मेरा मल खूनी हो गया है और मेरा गुदा वास्तव में चिढ़ है।,বাথরুমে যাওয়ার চেষ্টা করার সময় কোষ্ঠকাঠিন্য এবং ব্যথা নিয়ে আমার অনেক সমস্যা হচ্ছে। এটি আমার মলদ্বারে এবং এর চারপাশের অঞ্চলে অনেক ব্যথা করে। আমার মল রক্তাক্ত হয়েছে এবং আমার মলদ্বার সত্যিই বিরক্ত।
199,Dimorphic Hemorrhoids,"Constipation and bowel movement discomfort have been very common for me lately. The region surrounding my anus and I both ache a lot. My anus is really itchy, and my stool has been bloody.","कब्ज और आंत्र आंदोलन की असुविधा मेरे लिए हाल ही में बहुत आम रही है। मेरे गुदा और मैं दोनों के आसपास का क्षेत्र बहुत दर्द करता है। मेरा गुदा वास्तव में खुजली है, और मेरा मल खूनी हो गया है।","কোষ্ঠকাঠিন্য এবং অন্ত্রের চলাচল অস্বস্তি আমার জন্য ইদানীং খুব সাধারণ ছিল। অঞ্চলটি আমার মলদ্বারকে ঘিরে এবং আমি দুজনেই প্রচুর ব্যথা করি। আমার মলদ্বার সত্যিই চুলকানি, এবং আমার মল রক্তাক্ত।"
200,Arthritis,"My muscles have been feeling really weak, and my neck has been extremely tight. I've been experiencing a lot of stiffness when I walk about and my joints have been swollen. Walking has also been really uncomfortable.","मेरी मांसपेशियां वास्तव में कमजोर महसूस कर रही हैं, और मेरी गर्दन बेहद तंग है। जब मैं चलता हूं तो मैं बहुत कठोरता का अनुभव कर रहा हूं और मेरे जोड़ों में सूजन हो गई है। चलना भी वास्तव में असहज रहा है।",আমার পেশীগুলি সত্যিই দুর্বল বোধ করছে এবং আমার ঘাড়টি অত্যন্ত শক্ত হয়ে গেছে। আমি যখন হাঁটছি এবং আমার জয়েন্টগুলি ফুলে গেছে তখন আমি প্রচুর কঠোরতার মুখোমুখি হয়েছি। হাঁটাও সত্যিই অস্বস্তিকর হয়েছে।
201,Arthritis,I've been feeling really weak in my muscles and my neck has been really stiff. My joints have been swelling up and I've been having a lot of stiffness when I move around. It's also been really painful to walk.,मैं अपनी मांसपेशियों में वास्तव में कमजोर महसूस कर रहा हूं और मेरी गर्दन वास्तव में कठोर हो गई है। मेरे जोड़ों में सूजन हो रही है और जब मैं घूमता हूं तो मुझे बहुत कठोरता हो रही है। यह वास्तव में चलना भी दर्दनाक है।,আমি আমার পেশীগুলিতে সত্যিই দুর্বল বোধ করছি এবং আমার ঘাড় সত্যিই কঠোর হয়েছে। আমার জয়েন্টগুলি ফুলে উঠছে এবং আমি যখন ঘোরাফেরা করি তখন আমার অনেক কঠোরতা হচ্ছে। এটি হাঁটতে সত্যিই বেদনাদায়কও হয়েছে।
202,Arthritis,"My muscles have been quite weak, and my neck has been really stiff. My joints have swollen and I've been experiencing a lot of stiffness when I move around. Walking has also been excruciatingly uncomfortable.","मेरी मांसपेशियां काफी कमजोर रही हैं, और मेरी गर्दन वास्तव में कठोर रही है। मेरे जोड़ों में सूज गया है और जब मैं घूमता हूं तो मैं बहुत कठोरता का अनुभव कर रहा हूं। चलना भी कष्टदायी रूप से असहज रहा है।",আমার পেশীগুলি বেশ দুর্বল হয়ে পড়েছে এবং আমার ঘাড় সত্যিই কড়া হয়েছে। আমার জয়েন্টগুলি ফুলে গেছে এবং আমি যখন ঘোরাফেরা করি তখন আমি প্রচুর কঠোরতার মুখোমুখি হয়েছি। হাঁটাও উদ্বেগজনকভাবে অস্বস্তিকর হয়েছে।
203,Arthritis,I've been feeling really weak in my muscles and my neck has been really stiff. My joints have been swelling up and it's been hard to move around. Walking has been really painful.,मैं अपनी मांसपेशियों में वास्तव में कमजोर महसूस कर रहा हूं और मेरी गर्दन वास्तव में कठोर हो गई है। मेरे जोड़ों में सूजन हो रही है और चारों ओर घूमना मुश्किल है। चलना वास्तव में दर्दनाक रहा है।,আমি আমার পেশীগুলিতে সত্যিই দুর্বল বোধ করছি এবং আমার ঘাড় সত্যিই কঠোর হয়েছে। আমার জয়েন্টগুলি ফুলে উঠছে এবং এটি ঘুরে বেড়ানো কঠিন ছিল। হাঁটা সত্যিই বেদনাদায়ক হয়েছে।
204,Arthritis,"My muscles have been really weak, and my neck has been extremely stiff. My joints have swollen, making it difficult to move about. Walking has been excruciatingly uncomfortable.","मेरी मांसपेशियां वास्तव में कमजोर रही हैं, और मेरी गर्दन बेहद कठोर रही है। मेरे जोड़ों ने सूज गया है, जिससे इसके बारे में आगे बढ़ना मुश्किल हो गया है। चलना कष्टप्रद रूप से असहज रहा है।","আমার পেশীগুলি সত্যিই দুর্বল হয়ে পড়েছে এবং আমার ঘাড়টি অত্যন্ত কড়া হয়েছে। আমার জয়েন্টগুলি ফুলে গেছে, এটি ঘুরে বেড়াতে অসুবিধা হয়েছে। হাঁটাচলা উদ্বেগজনকভাবে অস্বস্তিকর হয়েছে।"
205,Arthritis,"I've been experiencing severe muscular weakness, and my neck has been really stiff. It has been difficult to move about since my joints have swollen. It has been really uncomfortable to walk.","मैं गंभीर मांसपेशियों की कमजोरी का अनुभव कर रहा हूं, और मेरी गर्दन वास्तव में कठोर है। मेरे जोड़ों के सूजने के बाद से इसके बारे में आगे बढ़ना मुश्किल हो गया है। यह वास्तव में चलना असहज रहा है।",আমি মারাত্মক পেশীবহুল দুর্বলতা অনুভব করছি এবং আমার ঘাড় সত্যিই কঠোর হয়েছে। আমার জয়েন্টগুলি ফুলে গেছে বলে সে সম্পর্কে চলাচল করা কঠিন ছিল। এটি হাঁটাচলা করতে সত্যিই অস্বস্তি হয়েছে।
206,Arthritis,"My muscles have been feeling really weak, and my neck has been extremely tight. My joints have swollen, making it difficult for me to move. It has hurt a lot to walk.","मेरी मांसपेशियां वास्तव में कमजोर महसूस कर रही हैं, और मेरी गर्दन बेहद तंग है। मेरे जोड़ों ने सूज गया है, जिससे मेरे लिए चलना मुश्किल हो गया है। इसने चलने के लिए बहुत चोट पहुंचाई है।","আমার পেশীগুলি সত্যিই দুর্বল বোধ করছে এবং আমার ঘাড়টি অত্যন্ত শক্ত হয়ে গেছে। আমার জয়েন্টগুলি ফুলে গেছে, আমার পক্ষে চলাফেরা করা কঠিন হয়ে পড়েছে। এটি হাঁটতে অনেক আঘাত করেছে।"
207,Arthritis,"My neck has been so tense, and I've been feeling like my muscles are incredibly weak. I have trouble moving since my joints have enlarged. To walk has been quite painful.","मेरी गर्दन इतनी तनावपूर्ण रही है, और मुझे ऐसा लग रहा है कि मेरी मांसपेशियां अविश्वसनीय रूप से कमजोर हैं। मुझे आगे बढ़ने में परेशानी होती है क्योंकि मेरे जोड़ों में वृद्धि हुई है। चलना काफी दर्दनाक रहा है।","আমার ঘাড় এত উত্তেজনাপূর্ণ হয়ে উঠেছে, এবং আমি অনুভব করছি যে আমার পেশীগুলি অবিশ্বাস্যভাবে দুর্বল। আমার জয়েন্টগুলি প্রসারিত হওয়ার পরে আমার চলতে সমস্যা হয়। হাঁটাচলা বেশ বেদনাদায়ক হয়েছে।"
208,Arthritis,"My neck has been really stiff, and I've had terrible muscle weakness. Due to the swelling in my joints, it has been challenging to move about. Walking has been quite unpleasant.","मेरी गर्दन वास्तव में कठोर रही है, और मुझे मांसपेशियों की कमजोरी भयानक है। मेरे जोड़ों में सूजन के कारण, इसके बारे में आगे बढ़ना चुनौतीपूर्ण रहा है। चलना काफी अप्रिय रहा है।","আমার ঘাড় সত্যিই কড়া হয়েছে, এবং আমার পেশীগুলির ভয়াবহ দুর্বলতা ছিল। আমার জয়েন্টগুলিতে ফোলাভাবের কারণে, এটি চলাচল করা চ্যালেঞ্জিং ছিল। হাঁটা বেশ অপ্রীতিকর হয়েছে।"
209,Arthritis,I've been feeling really weak in my muscles lately and my neck has been really stiff. My joints have been swelling up and it's hard for me to move around without feeling stiff. Walking has been really painful too.,मैं हाल ही में अपनी मांसपेशियों में वास्तव में कमजोर महसूस कर रहा हूं और मेरी गर्दन वास्तव में कठोर हो गई है। मेरे जोड़ों में सूजन हो रही है और मेरे लिए कठोर महसूस किए बिना घूमना मुश्किल है। चलना वास्तव में दर्दनाक भी है।,আমি ইদানীং আমার পেশীগুলিতে সত্যিই দুর্বল বোধ করছি এবং আমার ঘাড় সত্যিই কড়া হয়েছে। আমার জয়েন্টগুলি ফুলে উঠছে এবং আমার পক্ষে কঠোর বোধ না করে ঘুরে বেড়ানো কঠিন। হাঁটা সত্যিই বেদনাদায়কও হয়েছে।
210,Arthritis,"Recently, my muscles have felt quite weak, and my neck has been really tight. I have swollen joints and find it difficult to move about without becoming stiff. It has also been really uncomfortable to walk.","हाल ही में, मेरी मांसपेशियों को काफी कमजोर महसूस हुआ है, और मेरी गर्दन वास्तव में तंग हो गई है। मेरे पास जोड़ों को सूज गया है और कठोर होने के बिना आगे बढ़ना मुश्किल है। यह वास्तव में चलना भी असहज रहा है।","সম্প্রতি, আমার পেশীগুলি বেশ দুর্বল বোধ করেছে এবং আমার ঘাড়টি সত্যিই শক্ত হয়ে গেছে। আমি ফোলা জয়েন্টগুলি পেয়েছি এবং কড়া না হয়ে চলতে অসুবিধা বোধ করি। এটি হাঁটতে সত্যিই অস্বস্তিকরও হয়েছে।"
211,Arthritis,"I've been experiencing muscular weakness and stiffness in my neck recently. My joints have swollen, making it difficult for me to walk about without becoming stiff. Walking has also been excruciatingly uncomfortable.","मैं हाल ही में अपनी गर्दन में मांसपेशियों की कमजोरी और कठोरता का अनुभव कर रहा हूं। मेरे जोड़ों ने सूज गया है, जिससे मेरे लिए कठोर हो गए बिना चलना मुश्किल हो गया है। चलना भी कष्टदायी रूप से असहज रहा है।","আমি সম্প্রতি আমার ঘাড়ে পেশীবহুল দুর্বলতা এবং কঠোরতা অনুভব করছি। আমার জয়েন্টগুলি ফুলে গেছে, আমার পক্ষে কঠোর না হয়ে হাঁটতে অসুবিধা হয়েছে। হাঁটাও উদ্বেগজনকভাবে অস্বস্তিকর হয়েছে।"
212,Arthritis,"Recently, I've been suffering neck muscle weakness and stiffness. My joints have enlarged and it is difficult for me to walk without feeling stiff. Walking has also been excruciatingly uncomfortable.","हाल ही में, मैं गर्दन की मांसपेशियों की कमजोरी और कठोरता से पीड़ित हूं। मेरे जोड़ों ने बड़ा हो गया है और मेरे लिए कठोर महसूस किए बिना चलना मुश्किल है। चलना भी कष्टदायी रूप से असहज रहा है।","সম্প্রতি, আমি ঘাড়ের পেশী দুর্বলতা এবং কঠোরতায় ভুগছি। আমার জয়েন্টগুলি প্রসারিত হয়েছে এবং আমার পক্ষে কঠোর বোধ না করে হাঁটাচলা করা কঠিন। হাঁটাও উদ্বেগজনকভাবে অস্বস্তিকর হয়েছে।"
213,Arthritis,"Lately, my neck has been tight and my muscles have been weakened. I have swelling joints that make it difficult for me to move about without getting stiff. It has also been agonisingly painful to walk.","हाल ही में, मेरी गर्दन तंग हो गई है और मेरी मांसपेशियों को कमजोर कर दिया गया है। मेरे पास सूजन वाले जोड़ हैं जो मेरे लिए कठोर होने के बिना आगे बढ़ना मुश्किल बनाते हैं। यह भी चलने के लिए दर्दनाक रूप से दर्दनाक रहा है।","ইদানীং, আমার ঘাড় শক্ত হয়ে গেছে এবং আমার পেশীগুলি দুর্বল হয়ে গেছে। আমার ফোলা জয়েন্টগুলি রয়েছে যা আমার পক্ষে কঠোর না হয়ে চলাচল করা কঠিন করে তোলে। হাঁটতে হাঁটতেও বেদনাদায়কও হয়েছে।"
214,Arthritis,I've been feeling really weak in my muscles and my neck has been really stiff. My joints have been swelling up and it's hard for me to move around without feeling stiff. Walking has been really painful too.,मैं अपनी मांसपेशियों में वास्तव में कमजोर महसूस कर रहा हूं और मेरी गर्दन वास्तव में कठोर हो गई है। मेरे जोड़ों में सूजन हो रही है और मेरे लिए कठोर महसूस किए बिना घूमना मुश्किल है। चलना वास्तव में दर्दनाक भी है।,আমি আমার পেশীগুলিতে সত্যিই দুর্বল বোধ করছি এবং আমার ঘাড় সত্যিই কঠোর হয়েছে। আমার জয়েন্টগুলি ফুলে উঠছে এবং আমার পক্ষে কঠোর বোধ না করে ঘুরে বেড়ানো কঠিন। হাঁটা সত্যিই বেদনাদায়কও হয়েছে।
215,Arthritis,"My muscles have been feeling really weak, and my neck has been extremely tight. I have swollen joints and find it difficult to move about without becoming stiff. It has also been really uncomfortable to walk.","मेरी मांसपेशियां वास्तव में कमजोर महसूस कर रही हैं, और मेरी गर्दन बेहद तंग है। मेरे पास जोड़ों को सूज गया है और कठोर होने के बिना आगे बढ़ना मुश्किल है। यह वास्तव में चलना भी असहज रहा है।",আমার পেশীগুলি সত্যিই দুর্বল বোধ করছে এবং আমার ঘাড়টি অত্যন্ত শক্ত হয়ে গেছে। আমি ফোলা জয়েন্টগুলি পেয়েছি এবং কড়া না হয়ে চলতে অসুবিধা বোধ করি। এটি হাঁটতে সত্যিই অস্বস্তিকরও হয়েছে।
216,Arthritis,"My muscles have been quite weak, and my neck has been really stiff. My joints have swollen, making it difficult for me to walk about without becoming stiff. Walking has also been excruciatingly uncomfortable.","मेरी मांसपेशियां काफी कमजोर रही हैं, और मेरी गर्दन वास्तव में कठोर रही है। मेरे जोड़ों ने सूज गया है, जिससे मेरे लिए कठोर हो गए बिना चलना मुश्किल हो गया है। चलना भी कष्टदायी रूप से असहज रहा है।","আমার পেশীগুলি বেশ দুর্বল হয়ে পড়েছে এবং আমার ঘাড় সত্যিই কড়া হয়েছে। আমার জয়েন্টগুলি ফুলে গেছে, আমার পক্ষে কঠোর না হয়ে হাঁটতে অসুবিধা হয়েছে। হাঁটাও উদ্বেগজনকভাবে অস্বস্তিকর হয়েছে।"
217,Arthritis,"My muscles have been really weak, and my neck has been extremely stiff. My joints have swollen, making it difficult for me to walk about without feeling stiff. Walking has also been really uncomfortable.","मेरी मांसपेशियां वास्तव में कमजोर रही हैं, और मेरी गर्दन बेहद कठोर रही है। मेरे जोड़ों ने सूज गया है, जिससे मेरे लिए कठोर महसूस किए बिना चलना मुश्किल हो गया है। चलना भी वास्तव में असहज रहा है।","আমার পেশীগুলি সত্যিই দুর্বল হয়ে পড়েছে এবং আমার ঘাড়টি অত্যন্ত কড়া হয়েছে। আমার জয়েন্টগুলি ফুলে গেছে, আমার পক্ষে কঠোর বোধ না করেই হাঁটতে অসুবিধা হয়েছে। হাঁটাও সত্যিই অস্বস্তিকর হয়েছে।"
218,Arthritis,"My muscles have been quite weak, and my neck has been really stiff. My joints have swollen, making it difficult for me to move without becoming stiff. Walking has been quite uncomfortable as well.","मेरी मांसपेशियां काफी कमजोर रही हैं, और मेरी गर्दन वास्तव में कठोर रही है। मेरे जोड़ों ने सूज गया है, जिससे मेरे लिए कठोर हो गए बिना आगे बढ़ना मुश्किल हो गया। पैदल चलना काफी असहज रहा है।","আমার পেশীগুলি বেশ দুর্বল হয়ে পড়েছে এবং আমার ঘাড় সত্যিই কড়া হয়েছে। আমার জয়েন্টগুলি ফুলে গেছে, আমার পক্ষে কঠোর না হয়ে চলাচল করা কঠিন করে তোলে। হাঁটাও বেশ অস্বস্তিকর হয়েছে।"
219,Arthritis,"My neck has been really tight, and my muscles have been rather weak. I have swelling joints that make it hard for me to move without getting stiff. Additionally, walking has been quite unpleasant.","मेरी गर्दन वास्तव में तंग हो गई है, और मेरी मांसपेशियां कमजोर रही हैं। मेरे पास सूजन वाले जोड़ हैं जो मेरे लिए कठोर हो गए बिना आगे बढ़ना मुश्किल बनाते हैं। इसके अतिरिक्त, चलना काफी अप्रिय रहा है।","আমার ঘাড় সত্যিই শক্ত হয়ে গেছে, এবং আমার পেশীগুলি বরং দুর্বল হয়ে পড়েছে। আমার ফোলা জয়েন্টগুলি রয়েছে যা আমার পক্ষে কঠোর না হয়ে চলাফেরা করা কঠিন করে তোলে। অতিরিক্তভাবে, হাঁটাচলা বেশ অপ্রীতিকর হয়েছে।"
220,Arthritis,I've been feeling really weak in my muscles and my neck has been really stiff. My joints have been swelling up and it's hard for me to move around without feeling stiff. Walking has been really painful too.,मैं अपनी मांसपेशियों में वास्तव में कमजोर महसूस कर रहा हूं और मेरी गर्दन वास्तव में कठोर हो गई है। मेरे जोड़ों में सूजन हो रही है और मेरे लिए कठोर महसूस किए बिना घूमना मुश्किल है। चलना वास्तव में दर्दनाक भी है।,আমি আমার পেশীগুলিতে সত্যিই দুর্বল বোধ করছি এবং আমার ঘাড় সত্যিই কঠোর হয়েছে। আমার জয়েন্টগুলি ফুলে উঠছে এবং আমার পক্ষে কঠোর বোধ না করে ঘুরে বেড়ানো কঠিন। হাঁটা সত্যিই বেদনাদায়কও হয়েছে।
221,Arthritis,"My muscles have been feeling really weak, and my neck has been extremely tight. I have swollen joints and find it difficult to move about without becoming stiff. It has also been really uncomfortable to walk.","मेरी मांसपेशियां वास्तव में कमजोर महसूस कर रही हैं, और मेरी गर्दन बेहद तंग है। मेरे पास जोड़ों को सूज गया है और कठोर होने के बिना आगे बढ़ना मुश्किल है। यह वास्तव में चलना भी असहज रहा है।",আমার পেশীগুলি সত্যিই দুর্বল বোধ করছে এবং আমার ঘাড়টি অত্যন্ত শক্ত হয়ে গেছে। আমি ফোলা জয়েন্টগুলি পেয়েছি এবং কড়া না হয়ে চলতে অসুবিধা বোধ করি। এটি হাঁটতে সত্যিই অস্বস্তিকরও হয়েছে।
222,Arthritis,My neck has been extremely tight and my muscles have been feeling extremely weak. It is difficult for me to move around without becoming stiff due to my swollen joints. Walking has also been extremely uncomfortable.,मेरी गर्दन बेहद तंग रही है और मेरी मांसपेशियां बेहद कमजोर लग रही हैं। मेरे सूजे हुए जोड़ों के कारण कठोर होकर मेरे लिए घूमना मुश्किल है। चलना भी बेहद असहज रहा है।,আমার ঘাড়টি অত্যন্ত শক্ত হয়ে গেছে এবং আমার পেশীগুলি অত্যন্ত দুর্বল বোধ করছে। আমার ফোলা জয়েন্টগুলির কারণে কড়া না হয়ে ঘুরে বেড়ানো আমার পক্ষে কঠিন। হাঁটাও অত্যন্ত অস্বস্তিকর হয়েছে।
223,Arthritis,"My neck has been extremely stiff and my muscles have been extremely weak. As a result of swelling in my joints, I find it difficult to move around without feeling stiff. Additionally, walking has been extremely uneasy.","मेरी गर्दन बेहद कठोर रही है और मेरी मांसपेशियां बेहद कमजोर रही हैं। मेरे जोड़ों में सूजन के परिणामस्वरूप, मुझे कठोर महसूस किए बिना घूमना मुश्किल लगता है। इसके अतिरिक्त, चलना बेहद असहज रहा है।","আমার ঘাড়টি অত্যন্ত কঠোর হয়েছে এবং আমার পেশীগুলি অত্যন্ত দুর্বল হয়ে পড়েছে। আমার জয়েন্টগুলিতে ফোলাভাবের ফলস্বরূপ, আমি দৃ feel ় বোধ না করে ঘুরে বেড়ানো কঠিন মনে করি। অতিরিক্তভাবে, হাঁটাচলা অত্যন্ত অস্বস্তিকর হয়েছে।"
224,Arthritis,"I've been experiencing stiffness and weakness in my neck muscles recently. Since my joints have grown, it's hard for me to walk without getting stiff. Additionally, walking has been extremely uncomfortable.","मैं हाल ही में अपनी गर्दन की मांसपेशियों में कठोरता और कमजोरी का अनुभव कर रहा हूं। चूंकि मेरे जोड़ बड़े हो गए हैं, इसलिए मेरे लिए कठोर हो गए बिना चलना मुश्किल है। इसके अतिरिक्त, चलना बेहद असहज रहा है।","আমি সম্প্রতি আমার ঘাড়ের পেশীগুলিতে কঠোরতা এবং দুর্বলতা অনুভব করছি। যেহেতু আমার জয়েন্টগুলি বেড়েছে, তাই আমার পক্ষে কঠোর না হয়ে হাঁটাচলা করা আমার পক্ষে কঠিন। অতিরিক্তভাবে, হাঁটাচলা অত্যন্ত অস্বস্তিকর হয়েছে।"
225,Arthritis,"My neck has been extremely tight and my muscles have been feeling extremely weak. My joints have been swollen and I've been walking around with a lot of stiffness. Additionally, walking has been extremely uneasy.","मेरी गर्दन बेहद तंग रही है और मेरी मांसपेशियां बेहद कमजोर लग रही हैं। मेरे जोड़ों में सूज गया है और मैं बहुत कठोरता के साथ घूम रहा हूं। इसके अतिरिक्त, चलना बेहद असहज रहा है।","আমার ঘাড়টি অত্যন্ত শক্ত হয়ে গেছে এবং আমার পেশীগুলি অত্যন্ত দুর্বল বোধ করছে। আমার জয়েন্টগুলি ফুলে গেছে এবং আমি প্রচুর কঠোরতা নিয়ে ঘুরে বেড়াচ্ছি। অতিরিক্তভাবে, হাঁটাচলা অত্যন্ত অস্বস্তিকর হয়েছে।"
226,Arthritis,"I've been experiencing stiffness and weakness in my neck muscles recently. Since my joints have grown, it's hard for me to walk without getting stiff. Additionally, walking has been extremely uncomfortable.","मैं हाल ही में अपनी गर्दन की मांसपेशियों में कठोरता और कमजोरी का अनुभव कर रहा हूं। चूंकि मेरे जोड़ बड़े हो गए हैं, इसलिए मेरे लिए कठोर हो गए बिना चलना मुश्किल है। इसके अतिरिक्त, चलना बेहद असहज रहा है।","আমি সম্প্রতি আমার ঘাড়ের পেশীগুলিতে কঠোরতা এবং দুর্বলতা অনুভব করছি। যেহেতু আমার জয়েন্টগুলি বেড়েছে, তাই আমার পক্ষে কঠোর না হয়ে হাঁটাচলা করা আমার পক্ষে কঠিন। অতিরিক্তভাবে, হাঁটাচলা অত্যন্ত অস্বস্তিকর হয়েছে।"
227,Arthritis,I've been feeling really weak in my muscles and my neck has been really stiff. My joints have been swelling up and it's hard for me to move around without feeling stiff. Walking has been really painful too.,मैं अपनी मांसपेशियों में वास्तव में कमजोर महसूस कर रहा हूं और मेरी गर्दन वास्तव में कठोर हो गई है। मेरे जोड़ों में सूजन हो रही है और मेरे लिए कठोर महसूस किए बिना घूमना मुश्किल है। चलना वास्तव में दर्दनाक भी है।,আমি আমার পেশীগুলিতে সত্যিই দুর্বল বোধ করছি এবং আমার ঘাড় সত্যিই কঠোর হয়েছে। আমার জয়েন্টগুলি ফুলে উঠছে এবং আমার পক্ষে কঠোর বোধ না করে ঘুরে বেড়ানো কঠিন। হাঁটা সত্যিই বেদনাদায়কও হয়েছে।
228,Arthritis,"My muscles have been quite weak, and my neck has been really stiff. My joints have swollen, making it difficult for me to walk about without feeling stiff. Walking has also been really uncomfortable.","मेरी मांसपेशियां काफी कमजोर रही हैं, और मेरी गर्दन वास्तव में कठोर रही है। मेरे जोड़ों ने सूज गया है, जिससे मेरे लिए कठोर महसूस किए बिना चलना मुश्किल हो गया है। चलना भी वास्तव में असहज रहा है।","আমার পেশীগুলি বেশ দুর্বল হয়ে পড়েছে এবং আমার ঘাড় সত্যিই কড়া হয়েছে। আমার জয়েন্টগুলি ফুলে গেছে, আমার পক্ষে কঠোর বোধ না করেই হাঁটতে অসুবিধা হয়েছে। হাঁটাও সত্যিই অস্বস্তিকর হয়েছে।"
229,Arthritis,"I've been experiencing severe muscular weakness, and my neck has been really stiff. I have swollen joints and find it difficult to move about without becoming stiff. It has also been really uncomfortable to walk.","मैं गंभीर मांसपेशियों की कमजोरी का अनुभव कर रहा हूं, और मेरी गर्दन वास्तव में कठोर है। मेरे पास जोड़ों को सूज गया है और कठोर होने के बिना आगे बढ़ना मुश्किल है। यह वास्तव में चलना भी असहज रहा है।",আমি মারাত্মক পেশীবহুল দুর্বলতা অনুভব করছি এবং আমার ঘাড় সত্যিই কঠোর হয়েছে। আমি ফোলা জয়েন্টগুলি পেয়েছি এবং কড়া না হয়ে চলতে অসুবিধা বোধ করি। এটি হাঁটতে সত্যিই অস্বস্তিকরও হয়েছে।
230,Arthritis,I've been feeling really weak in my muscles lately and my neck has been really stiff. My joints have been swollen and it's hard for me to move around. It's also been painful to walk.,मैं हाल ही में अपनी मांसपेशियों में वास्तव में कमजोर महसूस कर रहा हूं और मेरी गर्दन वास्तव में कठोर हो गई है। मेरे जोड़ों को सूज गया है और मेरे लिए घूमना मुश्किल है। यह चलना भी दर्दनाक है।,আমি ইদানীং আমার পেশীগুলিতে সত্যিই দুর্বল বোধ করছি এবং আমার ঘাড় সত্যিই কড়া হয়েছে। আমার জয়েন্টগুলি ফুলে গেছে এবং আমার পক্ষে ঘুরে বেড়ানো কঠিন। হাঁটতেও বেদনাদায়কও হয়েছে।
231,Arthritis,I've been feeling truly frail in my muscles recently and my neck has been truly solid. Swollen joints make it difficult for me to move around. Walking has also been difficult.,मैं हाल ही में अपनी मांसपेशियों में वास्तव में कमजोर महसूस कर रहा हूं और मेरी गर्दन वास्तव में ठोस है। सूजे हुए जोड़ों से मेरे लिए घूमना मुश्किल हो जाता है। चलना भी मुश्किल हो गया है।,আমি সম্প্রতি আমার পেশীগুলিতে সত্যই দুর্বল বোধ করছি এবং আমার ঘাড়টি সত্যই শক্ত। ফোলা জয়েন্টগুলি আমার পক্ষে ঘুরে বেড়ানো কঠিন করে তোলে। হাঁটাও কঠিন ছিল।
232,Arthritis,"Recently, my muscles have felt quite weak, and my neck has been really tight. I have swollen joints, making it difficult for me to move. Walking has also been painful.","हाल ही में, मेरी मांसपेशियों को काफी कमजोर महसूस हुआ है, और मेरी गर्दन वास्तव में तंग हो गई है। मेरे पास जोड़ों को सूज गया है, जिससे मेरे लिए चलना मुश्किल हो गया है। चलना भी दर्दनाक रहा है।","সম্প্রতি, আমার পেশীগুলি বেশ দুর্বল বোধ করেছে এবং আমার ঘাড়টি সত্যিই শক্ত হয়ে গেছে। আমার ফোলা জয়েন্টগুলি রয়েছে, আমার পক্ষে চলাচল করা কঠিন হয়ে পড়েছে। হাঁটাও বেদনাদায়ক হয়েছে।"
233,Arthritis,"I've been experiencing muscular weakness and stiffness in my neck recently. My joints have enlarged, making it difficult for me to move. Walking has also been difficult.","मैं हाल ही में अपनी गर्दन में मांसपेशियों की कमजोरी और कठोरता का अनुभव कर रहा हूं। मेरे जोड़ों ने बढ़ाया है, जिससे मेरे लिए चलना मुश्किल हो गया है। चलना भी मुश्किल हो गया है।","আমি সম্প্রতি আমার ঘাড়ে পেশীবহুল দুর্বলতা এবং কঠোরতা অনুভব করছি। আমার জয়েন্টগুলি প্রসারিত হয়েছে, আমার পক্ষে চলাচল করা কঠিন করে তোলে। হাঁটাও কঠিন ছিল।"
234,Arthritis,I've been feeling truly frail in my muscles recently and my neck has been truly solid. It has been difficult for me to move around because my joints have been swelling. Walking has also been extremely painful.,मैं हाल ही में अपनी मांसपेशियों में वास्तव में कमजोर महसूस कर रहा हूं और मेरी गर्दन वास्तव में ठोस है। मेरे लिए घूमना मुश्किल हो गया है क्योंकि मेरे जोड़ों में सूजन है। चलना भी बेहद दर्दनाक रहा है।,আমি সম্প্রতি আমার পেশীগুলিতে সত্যই দুর্বল বোধ করছি এবং আমার ঘাড়টি সত্যই শক্ত। আমার জয়েন্টগুলি ফোলা হয়ে গেছে বলে আমার পক্ষে ঘুরে বেড়ানো কঠিন ছিল। হাঁটাও অত্যন্ত বেদনাদায়ক হয়েছে।
235,Arthritis,"My muscles have been feeling feeble recently, but my neck has been rock solid. My joints have become swollen, making it difficult for me to move about. Walking has been quite uncomfortable as well.","मेरी मांसपेशियां हाल ही में कमजोर महसूस कर रही हैं, लेकिन मेरी गर्दन ठोस है। मेरे जोड़ों में सूजन हो गया है, जिससे मेरे लिए आगे बढ़ना मुश्किल हो गया है। पैदल चलना काफी असहज रहा है।","আমার পেশীগুলি সম্প্রতি দুর্বল বোধ করছে, তবে আমার ঘাড়টি শক্ত হয়ে গেছে। আমার জয়েন্টগুলি ফুলে গেছে, আমার পক্ষে চলাফেরা করা কঠিন হয়ে পড়েছে। হাঁটাও বেশ অস্বস্তিকর হয়েছে।"
236,Arthritis,"My muscles have been feeling rather weak lately, but my neck has been really strong. My joints have swollen, making it challenging for me to move about. It has also been excruciatingly difficult to walk.","मेरी मांसपेशियां हाल ही में कमजोर महसूस कर रही हैं, लेकिन मेरी गर्दन वास्तव में मजबूत रही है। मेरे जोड़ों ने सूज गया है, जिससे मेरे बारे में आगे बढ़ना चुनौतीपूर्ण हो गया। यह भी चलना मुश्किल है।","আমার পেশীগুলি ইদানীং দুর্বল বোধ করছে, তবে আমার ঘাড় সত্যিই শক্তিশালী হয়েছে। আমার জয়েন্টগুলি ফুলে গেছে, এটি আমার পক্ষে চলাফেরা করা চ্যালেঞ্জিং করে। হাঁটাচলা করাও উদ্বেগজনকভাবে কঠিন ছিল।"
237,Arthritis,My neck has been extremely tight and my muscles have felt quite weak recently. It is difficult for me to move around without becoming stiff due to my swollen joints. Walking has also been extremely uncomfortable.,मेरी गर्दन बेहद तंग हो गई है और मेरी मांसपेशियों को हाल ही में काफी कमजोर महसूस हुआ है। मेरे सूजे हुए जोड़ों के कारण कठोर होकर मेरे लिए घूमना मुश्किल है। चलना भी बेहद असहज रहा है।,আমার ঘাড়টি অত্যন্ত শক্ত হয়ে গেছে এবং আমার পেশীগুলি সম্প্রতি বেশ দুর্বল বোধ করেছে। আমার ফোলা জয়েন্টগুলির কারণে কড়া না হয়ে ঘুরে বেড়ানো আমার পক্ষে কঠিন। হাঁটাও অত্যন্ত অস্বস্তিকর হয়েছে।
238,Arthritis,"I've been experiencing stiffness and weakness in my neck muscles recently. Since my joints have grownup, it's heavy on behalf of Pine Tree State to run whereas not getting stiff. additionally, walking has been terribly uncomfortable.","मैं हाल ही में अपनी गर्दन की मांसपेशियों में कठोरता और कमजोरी का अनुभव कर रहा हूं। चूंकि मेरे जोड़ों में बड़े हो गए हैं, इसलिए यह पाइन ट्री स्टेट की ओर से भारी है, जबकि दौड़ने के लिए कठोर नहीं होना चाहिए। इसके अतिरिक्त, चलना बहुत असहज रहा है।","আমি সম্প্রতি আমার ঘাড়ের পেশীগুলিতে কঠোরতা এবং দুর্বলতা অনুভব করছি। যেহেতু আমার জয়েন্টগুলি বড় হয়েছে, তাই পাইন গাছের রাজ্যের পক্ষে এটি চালানো ভারী, যখন শক্ত না হয়। অতিরিক্তভাবে, হাঁটা ভয়াবহভাবে অস্বস্তিকর হয়েছে।"
239,Arthritis,"I've been experiencing muscular weakness and stiffness in my neck recently. My joints have swollen, creating it troublesome on behalf of me to run regarding while not changing into stiff. Walking has additionally been agonizingly uncomfortable.","मैं हाल ही में अपनी गर्दन में मांसपेशियों की कमजोरी और कठोरता का अनुभव कर रहा हूं। मेरे जोड़ों ने सूज गया है, जिससे यह मेरी ओर से परेशानी पैदा हो गया है, जबकि कड़े में नहीं बदलने के बारे में दौड़ने के लिए। चलना अतिरिक्त रूप से असहजता से असहज रहा है।","আমি সম্প্রতি আমার ঘাড়ে পেশীবহুল দুর্বলতা এবং কঠোরতা অনুভব করছি। আমার জয়েন্টগুলি ফুলে গেছে, কঠোরভাবে পরিবর্তন না করার সময় আমার পক্ষে এটি চালানোর জন্য এটি ঝামেলা তৈরি করে। হাঁটাও অতিরিক্তভাবে অস্বস্তিকর হয়ে উঠেছে।"
240,Arthritis,"My muscles are quite weak, and my neck has been very stiff. My joints have swollen, creating it troublesome on behalf of me to steer concerning while not feeling stiff. Walking has conjointly been very uncomfortable.","मेरी मांसपेशियां काफी कमजोर हैं, और मेरी गर्दन बहुत कठोर है। मेरे जोड़ों ने सूज गया है, जिससे यह मेरी ओर से परेशानी पैदा हो गया है, जबकि कठोर महसूस नहीं करते हुए। चलना बहुत असहज रहा है।","আমার পেশীগুলি বেশ দুর্বল, এবং আমার ঘাড় খুব কড়া হয়েছে। আমার জয়েন্টগুলি ফুলে গেছে, কঠোর বোধ না করার সময় আমার পক্ষে এটি চালিয়ে যাওয়ার জন্য এটি ঝামেলা তৈরি করে। হাঁটা একযোগে খুব অস্বস্তিকর হয়েছে।"
241,Arthritis,"My muscles area unit quite weak, and my neck has been terribly stiff. My joints have swollen, making it hard on behalf of Maine to steer regarding whereas not feeling stiff. Walking has put together been terribly uncomfortable.","मेरी मांसपेशियों का क्षेत्र इकाई काफी कमजोर है, और मेरी गर्दन बहुत कठोर है। मेरे जोड़ों ने सूज गया है, जिससे मेन की ओर से यह कठिन हो गया है, जबकि कड़े नहीं महसूस कर रहा है। पैदल चलना एक साथ बहुत असहज रहा है।","আমার পেশী অঞ্চল ইউনিটটি বেশ দুর্বল, এবং আমার ঘাড়টি মারাত্মকভাবে কঠোর হয়েছে। আমার জয়েন্টগুলি ফুলে গেছে, মেইনের পক্ষে এটি কঠোর বোধ করা নয় যখন সে সম্পর্কে কঠোর বোধ করে। একসাথে হাঁটাচলা করা ভয়াবহ অস্বস্তিকর হয়েছে।"
242,Arthritis,"I've been experiencing stiffness and weakness in my neck muscles recently. Since my joints have grownup, it's onerous on behalf of me to run while not obtaining stiff. in addition, walking has been extraordinarily uncomfortable.","मैं हाल ही में अपनी गर्दन की मांसपेशियों में कठोरता और कमजोरी का अनुभव कर रहा हूं। चूंकि मेरे जोड़ों का बड़ा हो गया है, इसलिए यह मेरी ओर से दौड़ने के लिए दौड़ रहा है, जबकि कठोर नहीं है। इसके अलावा, चलना असाधारण रूप से असहज रहा है।","আমি সম্প্রতি আমার ঘাড়ের পেশীগুলিতে কঠোরতা এবং দুর্বলতা অনুভব করছি। যেহেতু আমার জয়েন্টগুলি প্রাপ্তি হয়েছে, তাই কঠোর না হয়ে আমার পক্ষে দৌড়াতে কঠোর। এছাড়াও, হাঁটা অসাধারণ অস্বস্তিকর হয়েছে।"
243,Arthritis,My neck has been very tight and my muscles have felt quite weak recently. it's tough on behalf of me to maneuver around while not changing into stiff thanks to my swollen joints. Walking has additionally been very uncomfortable.,"मेरी गर्दन बहुत तंग हो गई है और मेरी मांसपेशियों को हाल ही में काफी कमजोर महसूस हुआ है। यह मेरी ओर से सख्त है, जबकि मेरे सूजे हुए जोड़ों के लिए कठोर धन्यवाद में नहीं बदल रहा है। चलना इसके अतिरिक्त बहुत असहज रहा है।",আমার ঘাড় খুব শক্ত হয়েছে এবং আমার পেশীগুলি সম্প্রতি বেশ দুর্বল বোধ করেছে। আমার ফোলা জয়েন্টগুলির জন্য কঠোরভাবে পরিবর্তন না করার সময় আমার পক্ষে চারপাশে চালাকি করা শক্ত। হাঁটা অতিরিক্তভাবে খুব অস্বস্তিকর হয়েছে।
244,Arthritis,"Recently, when I try to walk about, I have stiffness, a stiff neck, swollen joints, and muscular weakness. Walking has also been really uncomfortable.","हाल ही में, जब मैं चलने की कोशिश करता हूं, तो मेरे पास कठोरता, एक कठोर गर्दन, सूजन वाले जोड़ों और मांसपेशियों की कमजोरी होती है। चलना भी वास्तव में असहज रहा है।","সম্প্রতি, যখন আমি হাঁটার চেষ্টা করি তখন আমার কঠোরতা, একটি শক্ত ঘাড়, ফোলা জয়েন্টগুলি এবং পেশীবহুল দুর্বলতা রয়েছে। হাঁটাও সত্যিই অস্বস্তিকর হয়েছে।"
245,Arthritis,"Lately i have been experiencing muscle weakness, a stiff neck, swelling joints, and stiffness after I attempt to move around. it is also been very painful to steer.","हाल ही में मैं मांसपेशियों की कमजोरी, एक कठोर गर्दन, सूजन जोड़ों, और कठोरता का अनुभव कर रहा हूं, जब मैं घूमने का प्रयास करता हूं। यह स्टीयर के लिए भी बहुत दर्दनाक है।","ইদানীং আমি পেশী দুর্বলতা, একটি শক্ত ঘাড়, ফোলা জয়েন্টগুলি এবং আমি ঘুরে বেড়ানোর চেষ্টা করার পরে কঠোরতা অনুভব করছি। এটি চালানো খুব বেদনাদায়কও হয়েছে।"
246,Arthritis,"Recently, the muscles in my neck have become tight and weak. It's difficult for me to run now since my joints are older without getting tight. The act of walking has also been quite unpleasant.","हाल ही में, मेरी गर्दन में मांसपेशियां तंग और कमजोर हो गई हैं। मेरे लिए अब दौड़ना मुश्किल है क्योंकि मेरे जोड़ों को तंग किए बिना बड़े हैं। चलने का कार्य भी काफी अप्रिय रहा है।","সম্প্রতি, আমার ঘাড়ে পেশীগুলি শক্ত এবং দুর্বল হয়ে পড়েছে। আমার জয়েন্টগুলি টাইট না পেয়ে বয়স্ক হওয়ায় এখন চালানো আমার পক্ষে কঠিন। হাঁটার কাজটিও বেশ অপ্রীতিকর ছিল।"
247,Arthritis,"I've been experiencing stiffness and weakness in my neck muscles recently. Since my joints have grownup, it's heavy on behalf of American state to run whereas not getting stiff. additionally, walking has been very uncomfortable.","मैं हाल ही में अपनी गर्दन की मांसपेशियों में कठोरता और कमजोरी का अनुभव कर रहा हूं। चूंकि मेरे जोड़ों का बड़ा हो गया है, इसलिए यह अमेरिकी राज्य की ओर से भारी है, जबकि दौड़ने के लिए कठोर नहीं होना। इसके अतिरिक्त, चलना बहुत असहज रहा है।","আমি সম্প্রতি আমার ঘাড়ের পেশীগুলিতে কঠোরতা এবং দুর্বলতা অনুভব করছি। যেহেতু আমার জয়েন্টগুলি বড় হয়েছে, তাই আমেরিকান রাজ্যের পক্ষে এটি চালানো ভারী, যখন কঠোর না হয়। অতিরিক্তভাবে, হাঁটা খুব অস্বস্তিকর হয়েছে।"
248,Arthritis,"Recently, the muscles in my neck have become tight and weak. Since my joints have matured, it is difficult for the American government for me to run without becoming stiff. Walking has also been quite unpleasant.","हाल ही में, मेरी गर्दन में मांसपेशियां तंग और कमजोर हो गई हैं। चूंकि मेरे जोड़ों के परिपक्व हो गए हैं, इसलिए अमेरिकी सरकार के लिए मेरे लिए कठोर होकर दौड़ना मुश्किल है। चलना भी काफी अप्रिय रहा है।","সম্প্রতি, আমার ঘাড়ে পেশীগুলি শক্ত এবং দুর্বল হয়ে পড়েছে। যেহেতু আমার জয়েন্টগুলি পরিপক্ক হয়েছে, তাই আমেরিকান সরকারের পক্ষে আমার পক্ষে কঠোর না হয়ে দৌড়াতে অসুবিধা। হাঁটাও বেশ অপ্রীতিকর ছিল।"
249,Arthritis,"Lately, I've been having stiffness and weakness in my neck muscles. Since my joints have matured, it is difficult for the American state to operate without becoming stiff. Furthermore, walking has been quite painful.","हाल ही में, मुझे अपनी गर्दन की मांसपेशियों में कठोरता और कमजोरी हो रही है। चूंकि मेरे जोड़ों के परिपक्व हो गए हैं, इसलिए अमेरिकी राज्य के लिए कठोर होने के बिना काम करना मुश्किल है। इसके अलावा, चलना काफी दर्दनाक रहा है।","ইদানীং, আমি আমার ঘাড়ের পেশীগুলিতে কঠোরতা এবং দুর্বলতা পেয়েছি। যেহেতু আমার জয়েন্টগুলি পরিপক্ক হয়েছে, তাই আমেরিকান রাষ্ট্রের পক্ষে কঠোর না হয়ে কাজ করা কঠিন। তদুপরি, হাঁটাচলা বেশ বেদনাদায়ক হয়েছে।"
250,Acne,I've been having a really bad rash on my skin lately. It's full of pus-filled pimples and blackheads. My skin has also been scurring a lot.,मैं हाल ही में अपनी त्वचा पर एक बहुत बुरा चकत्ते कर रहा हूं। यह मवाद से भरे पिंपल्स और ब्लैकहेड्स से भरा है। मेरी त्वचा भी बहुत डरा रही है।,আমি ইদানীং আমার ত্বকে সত্যিই খারাপ ফুসকুড়ি করছি। এটি পুস-ভরা পিম্পলস এবং ব্ল্যাকহেডসে পূর্ণ। আমার ত্বকও প্রচুর পরিমাণে ছড়িয়ে পড়েছে।
251,Acne,I've just developed a severe rash on my skin. It's clogged with pus-filled pimples and blackheads. My skin has also been quite sensitive.,मैंने अभी -अभी अपनी त्वचा पर एक गंभीर दाने विकसित किया है। यह मवाद से भरे पिंपल्स और ब्लैकहेड्स से भरा हुआ है। मेरी त्वचा भी काफी संवेदनशील रही है।,আমি সবেমাত্র আমার ত্বকে একটি গুরুতর ফুসকুড়ি বিকাশ করেছি। এটি পুস-ভরা পিম্পলস এবং ব্ল্যাকহেডস দিয়ে আটকে আছে। আমার ত্বকও বেশ সংবেদনশীল হয়েছে।
252,Acne,"My skin has been breaking out in a terrible rash lately. Blackheads and pus-filled pimples abound on it. Additionally, my skin has been scurring a lot.","मेरी त्वचा हाल ही में एक भयानक दाने में टूट रही है। ब्लैकहेड्स और मवाद से भरे पिंपल्स उस पर लाजिमी हैं। इसके अतिरिक्त, मेरी त्वचा बहुत डरा रही है।","আমার ত্বক ইদানীং একটি ভয়াবহ ফুসকুড়ি ভেঙে চলেছে। ব্ল্যাকহেডস এবং পুস-ভরা পিম্পলগুলি এতে প্রচুর পরিমাণে রয়েছে। অতিরিক্তভাবে, আমার ত্বক প্রচুর পরিমাণে ছড়িয়ে পড়েছে।"
253,Acne,"I've recently been experiencing a severe skin rash. Blackheads and pimples packed with pus are everywhere. Additionally, my skin has been scurring a lot.","मैं हाल ही में एक गंभीर त्वचा दाने का अनुभव कर रहा हूं। मवाद के साथ पैक किए गए ब्लैकहेड्स और पिंपल्स हर जगह हैं। इसके अतिरिक्त, मेरी त्वचा बहुत डरा रही है।","আমি সম্প্রতি ত্বকের তীব্র ফুসকুড়ি অনুভব করছি। ব্ল্যাকহেডস এবং পিম্পলগুলি পুসে প্যাক করা সর্বত্র রয়েছে। অতিরিক্তভাবে, আমার ত্বক প্রচুর পরিমাণে ছড়িয়ে পড়েছে।"
254,Acne,I've been having a very unhealthy rash on my skin latterly. It's filled with pus-filled pimples and blackheads. My skin has additionally been scurring heaps.,मैं अपनी त्वचा पर बाद में बहुत अस्वास्थ्यकर चकत्ते कर रहा हूं। यह मवाद से भरे पिंपल्स और ब्लैकहेड्स से भरा है। मेरी त्वचा अतिरिक्त रूप से ढेर कर रही है।,আমি আমার ত্বকে খুব অস্বাস্থ্যকর ফুসকুড়ি পরে আছি। এটি পুস-ভরা পিম্পলস এবং ব্ল্যাকহেডস দিয়ে পূর্ণ। আমার ত্বক অতিরিক্তভাবে স্তন্যপান করা হয়েছে।
255,Acne,My skin has just acquired a nasty rash. It's full of pus-filled pimples and blackheads. My skin has been really sensitive as well.,मेरी त्वचा ने सिर्फ एक बुरा दाने हासिल किया है। यह मवाद से भरे पिंपल्स और ब्लैकहेड्स से भरा है। मेरी त्वचा वास्तव में संवेदनशील रही है।,আমার ত্বক সবেমাত্র একটি বাজে ফুসকুড়ি অর্জন করেছে। এটি পুস-ভরা পিম্পলস এবং ব্ল্যাকহেডসে পূর্ণ। আমার ত্বকও সত্যিই সংবেদনশীল হয়েছে।
256,Acne,"A nasty rash has just appeared on my skin. Blackheads and pimples packed with pus are everywhere. Additionally, my skin has been extremely sensitive.","मेरी त्वचा पर एक बुरा दाने दिखाई दिया है। मवाद के साथ पैक किए गए ब्लैकहेड्स और पिंपल्स हर जगह हैं। इसके अतिरिक्त, मेरी त्वचा बेहद संवेदनशील रही है।","আমার ত্বকে সবেমাত্র একটি বাজে ফুসকুড়ি হাজির হয়েছে। ব্ল্যাকহেডস এবং পিম্পলগুলি পুসে প্যাক করা সর্বত্র রয়েছে। অতিরিক্তভাবে, আমার ত্বক অত্যন্ত সংবেদনশীল হয়েছে।"
257,Acne,"I recently experienced a severe skin rash. Blackheads and pimples filled with pus are clogging it. Additionally, my skin has been quite irritated.","मैंने हाल ही में एक गंभीर त्वचा दाने का अनुभव किया। मवाद से भरे ब्लैकहेड्स और पिंपल्स इसे बंद कर रहे हैं। इसके अतिरिक्त, मेरी त्वचा काफी चिढ़ गई है।","আমি সম্প্রতি একটি তীব্র ত্বকের ফুসকুড়ি অনুভব করেছি। ব্ল্যাকহেডস এবং পিম্পলগুলি পুসে ভরাট এটি আটকে রয়েছে। অতিরিক্তভাবে, আমার ত্বক বেশ বিরক্ত হয়েছে।"
258,Acne,My skin has recently been severely rashy. Blackheads and pus-filled pimples have blocked it. My skin has been quite delicate as well.,मेरी त्वचा हाल ही में गंभीर रूप से दासी रही है। ब्लैकहेड्स और मवाद से भरे पिंपल्स ने इसे अवरुद्ध कर दिया है। मेरी त्वचा काफी नाजुक रही है।,আমার ত্বক সম্প্রতি মারাত্মকভাবে র‌্যাশ হয়ে গেছে। ব্ল্যাকহেডস এবং পুস-ভরা পিম্পলগুলি এটি অবরুদ্ধ করেছে। আমার ত্বকও বেশ সূক্ষ্ম হয়েছে।
259,Acne,Lately I've been experiencing a skin rash with a lot of pus-filled pimples and blackheads. My skin has also been scurring a lot.,हाल ही में मैं बहुत सारे मवाद से भरे पिंपल्स और ब्लैकहेड्स के साथ एक स्किन दाने का अनुभव कर रहा हूं। मेरी त्वचा भी बहुत डरा रही है।,ইদানীং আমি প্রচুর পুস-ভরা পিম্পলস এবং ব্ল্যাকহেডসের সাথে ত্বকের ফুসকুড়ি অনুভব করছি। আমার ত্বকও প্রচুর পরিমাণে ছড়িয়ে পড়েছে।
260,Acne,"A skin rash with several pus-filled pimples and blackheads has been bothering me lately. Additionally, my skin has been scurring a lot.","कई मवाद से भरे पिंपल्स और ब्लैकहेड्स के साथ एक स्किन दाने मुझे हाल ही में परेशान कर रहा है। इसके अतिरिक्त, मेरी त्वचा बहुत डरा रही है।","বেশ কয়েকটি পুস-ভরা পিম্পল এবং ব্ল্যাকহেডস সহ একটি ত্বকের ফুসকুড়ি আমাকে ইদানীং বিরক্ত করছে। অতিরিক্তভাবে, আমার ত্বক প্রচুর পরিমাণে ছড়িয়ে পড়েছে।"
261,Acne,My skin has now developed a revolting rash. There are pus-filled pimples and blackheads everywhere. My skin has also been really sensitive.,मेरी त्वचा ने अब एक विद्रोही दाने विकसित किया है। हर जगह मवाद से भरे पिंपल्स और ब्लैकहेड्स हैं। मेरी त्वचा भी वास्तव में संवेदनशील रही है।,আমার ত্বক এখন একটি বিদ্রোহী ফুসকুড়ি বিকাশ করেছে। সর্বত্র পুস-ভরা পিম্পলস এবং ব্ল্যাকহেডস রয়েছে। আমার ত্বকও সত্যিই সংবেদনশীল হয়েছে।
262,Acne,"My skin has developed a horrible rash. There are blackheads and pus-filled pimples everywhere. Furthermore, my skin has been exceedingly sensitive.","मेरी त्वचा ने एक भयानक दाने विकसित किया है। हर जगह ब्लैकहेड्स और मवाद से भरे पिंपल्स हैं। इसके अलावा, मेरी त्वचा अत्यधिक संवेदनशील रही है।","আমার ত্বক একটি ভয়ঙ্কর ফুসকুড়ি বিকাশ করেছে। ব্ল্যাকহেডস এবং পুস-ভরা পিম্পলগুলি সর্বত্র রয়েছে। তদুপরি, আমার ত্বক অত্যন্ত সংবেদনশীল হয়েছে।"
263,Acne,"A nasty rash has just appeared on my skin. Blackheads and pimples packed with pus are everywhere. Additionally, my skin has been extremely sensitive.","मेरी त्वचा पर एक बुरा दाने दिखाई दिया है। मवाद के साथ पैक किए गए ब्लैकहेड्स और पिंपल्स हर जगह हैं। इसके अतिरिक्त, मेरी त्वचा बेहद संवेदनशील रही है।","আমার ত্বকে সবেমাত্র একটি বাজে ফুসকুড়ি হাজির হয়েছে। ব্ল্যাকহেডস এবং পিম্পলগুলি পুসে প্যাক করা সর্বত্র রয়েছে। অতিরিক্তভাবে, আমার ত্বক অত্যন্ত সংবেদনশীল হয়েছে।"
264,Acne,My skin has simply nonheritable a nasty rash. It's packed with pus-filled pimples and blackheads. My skin has been very sensitive moreover.,मेरी त्वचा में बस एक बुरा दाने है। यह मवाद से भरे पिंपल्स और ब्लैकहेड्स के साथ पैक किया गया है। मेरी त्वचा बहुत संवेदनशील रही है।,আমার ত্বকে কেবল অ -ন্যূনতম ফুসকুড়ি রয়েছে। এটি পুস-ভরা পিম্পলস এবং ব্ল্যাকহেডস দিয়ে ভরা। আমার ত্বক আরও সংবেদনশীল হয়েছে।
265,Acne,"My skin has developed a terrible rash that is not inherited. It has a lot of blackheads and pus-filled pimples. Furthermore, my skin has been exceedingly sensitive.","मेरी त्वचा ने एक भयानक दाने विकसित किया है जो विरासत में नहीं मिला है। इसमें बहुत सारे ब्लैकहेड्स और मवाद से भरे पिंपल्स हैं। इसके अलावा, मेरी त्वचा अत्यधिक संवेदनशील रही है।","আমার ত্বক একটি ভয়াবহ ফুসকুড়ি তৈরি করেছে যা উত্তরাধিকার সূত্রে প্রাপ্ত নয়। এটিতে প্রচুর ব্ল্যাকহেডস এবং পুস-ভরা পিম্পল রয়েছে। তদুপরি, আমার ত্বক অত্যন্ত সংবেদনশীল হয়েছে।"
266,Acne,"Recently, I've been experiencing a lot of acne breakouts with pimples that contain pus. I've also been struggling with blackheads.","हाल ही में, मैं मवाद के साथ बहुत सारे मुँहासे ब्रेकआउट का अनुभव कर रहा हूं। मैं भी ब्लैकहेड्स के साथ संघर्ष कर रहा हूं।","সম্প্রতি, আমি পিম রয়েছে এমন পিম্পলগুলির সাথে প্রচুর ব্রণ ব্রেকআউট অনুভব করছি। আমিও ব্ল্যাকহেডসের সাথে লড়াই করে যাচ্ছি।"
267,Acne,I woke up this morning and found that I have a really nasty rash all over my skin. There are a ton of blackheads and pimples that are filled with pus. My skin has also been really scurrying.,मैं आज सुबह उठा और पाया कि मेरी त्वचा पर वास्तव में एक बुरा चकित है। एक टन ब्लैकहेड्स और पिंपल्स हैं जो मवाद से भरे होते हैं। मेरी त्वचा भी वास्तव में घबरा रही है।,আমি আজ সকালে ঘুম থেকে উঠে দেখতে পেলাম যে আমার সমস্ত ত্বক জুড়ে আমার সত্যিই কদর্য ফুসকুড়ি রয়েছে। এখানে একটি টন ব্ল্যাকহেডস এবং পিম্পল রয়েছে যা পুসে ভরা। আমার ত্বকও সত্যিই বিরক্তিকর হয়েছে।
268,Acne,I've been noticing a really nasty rash on my skin lately. It's covered in blackheads and pimples that are packed with pus. My skin has also been really scurrying.,मैं हाल ही में अपनी त्वचा पर एक बहुत बुरा दाने देख रहा हूं। यह ब्लैकहेड्स और पिंपल्स में कवर किया गया है जो मवाद के साथ पैक किए गए हैं। मेरी त्वचा भी वास्तव में घबरा रही है।,আমি ইদানীং আমার ত্বকে সত্যিই কদর্য ফুসকুড়ি লক্ষ্য করছি। এটি ব্ল্যাকহেডস এবং পিম্পলগুলিতে আচ্ছাদিত যা পুসের সাথে প্যাকযুক্ত। আমার ত্বকও সত্যিই বিরক্তিকর হয়েছে।
269,Acne,I just developed a really nasty rash on my skin. There are tons of blackheads and pimples that are filled with pus. My skin has also been really scurrying.,मैंने बस अपनी त्वचा पर एक बहुत बुरा दाने विकसित किया। ऐसे टन ब्लैकहेड्स और पिंपल्स हैं जो मवाद से भरे होते हैं। मेरी त्वचा भी वास्तव में घबरा रही है।,আমি সবেমাত্র আমার ত্বকে সত্যিই কদর্য ফুসকুড়ি তৈরি করেছি। এখানে প্রচুর পরিমাণে ব্ল্যাকহেড এবং পিম্পল রয়েছে যা পুসে ভরা। আমার ত্বকও সত্যিই বিরক্তিকর হয়েছে।
270,Acne,I've been dealing with a really nasty rash on my skin lately. It's covered in blackheads and pimples that are packed with pus. My skin has also been really scurrying.,मैं हाल ही में अपनी त्वचा पर एक बहुत बुरा दाने के साथ काम कर रहा हूं। यह ब्लैकहेड्स और पिंपल्स में कवर किया गया है जो मवाद के साथ पैक किए गए हैं। मेरी त्वचा भी वास्तव में घबरा रही है।,আমি ইদানীং আমার ত্বকে সত্যিই কদর্য ফুসকুড়ি নিয়ে কাজ করছি। এটি ব্ল্যাকহেডস এবং পিম্পলগুলিতে আচ্ছাদিত যা পুসের সাথে প্যাকযুক্ত। আমার ত্বকও সত্যিই বিরক্তিকর হয়েছে।
271,Acne,I woke up this morning to find a really nasty rash on my skin. There are a ton of blackheads and pimples that are filled with pus. My skin has also been really scurrying.,मैं आज सुबह जाग गया कि मैं अपनी त्वचा पर एक बहुत बुरा दाने खोजे। एक टन ब्लैकहेड्स और पिंपल्स हैं जो मवाद से भरे होते हैं। मेरी त्वचा भी वास्तव में घबरा रही है।,আমি আমার ত্বকে সত্যিই কদর্য ফুসকুড়ি খুঁজে পেতে আজ সকালে ঘুম থেকে উঠেছি। এখানে একটি টন ব্ল্যাকহেডস এবং পিম্পল রয়েছে যা পুসে ভরা। আমার ত্বকও সত্যিই বিরক্তিকর হয়েছে।
272,Acne,I've been struggling with a really nasty rash on my skin lately. It's covered in blackheads and pimples that are packed with pus. My skin has also been really scurrying.,मैं हाल ही में अपनी त्वचा पर एक बहुत बुरा दाने के साथ संघर्ष कर रहा हूं। यह ब्लैकहेड्स और पिंपल्स में कवर किया गया है जो मवाद के साथ पैक किए गए हैं। मेरी त्वचा भी वास्तव में घबरा रही है।,আমি ইদানীং আমার ত্বকে সত্যিই কদর্য ফুসকুড়ি নিয়ে লড়াই করে যাচ্ছি। এটি ব্ল্যাকহেডস এবং পিম্পলগুলিতে আচ্ছাদিত যা পুসের সাথে প্যাকযুক্ত। আমার ত্বকও সত্যিই বিরক্তিকর হয়েছে।
273,Acne,I just developed a really nasty rash on my skin. There are tons of blackheads and pimples that are filled with pus. My skin has also been really scurrying.,मैंने बस अपनी त्वचा पर एक बहुत बुरा दाने विकसित किया। ऐसे टन ब्लैकहेड्स और पिंपल्स हैं जो मवाद से भरे होते हैं। मेरी त्वचा भी वास्तव में घबरा रही है।,আমি সবেমাত্র আমার ত্বকে সত্যিই কদর্য ফুসকুড়ি তৈরি করেছি। এখানে প্রচুর পরিমাণে ব্ল্যাকহেড এবং পিম্পল রয়েছে যা পুসে ভরা। আমার ত্বকও সত্যিই বিরক্তিকর হয়েছে।
274,Acne,I've been dealing with a really nasty rash on my skin lately. It's covered in blackheads and pimples that are packed with pus. My skin has also been really scurrying.,मैं हाल ही में अपनी त्वचा पर एक बहुत बुरा दाने के साथ काम कर रहा हूं। यह ब्लैकहेड्स और पिंपल्स में कवर किया गया है जो मवाद के साथ पैक किए गए हैं। मेरी त्वचा भी वास्तव में घबरा रही है।,আমি ইদানীং আমার ত্বকে সত্যিই কদর্য ফুসকুড়ি নিয়ে কাজ করছি। এটি ব্ল্যাকহেডস এবং পিম্পলগুলিতে আচ্ছাদিত যা পুসের সাথে প্যাকযুক্ত। আমার ত্বকও সত্যিই বিরক্তিকর হয়েছে।
275,Acne,I've recently developed a terrible rash on my skin. It's riddled with blackheads and pus-filled pimples. My skin has also been scurrying everywhere.,मैंने हाल ही में अपनी त्वचा पर एक भयानक दाने विकसित किया है। यह ब्लैकहेड्स और मवाद से भरे पिंपल्स से भरा हुआ है। मेरी त्वचा भी हर जगह खुरचती रही है।,আমি সম্প্রতি আমার ত্বকে একটি ভয়াবহ ফুসকুড়ি বিকাশ করেছি। এটি ব্ল্যাকহেডস এবং পুস-ভরা পিম্পলগুলির সাথে ছাঁটাই হয়েছে। আমার ত্বকও সর্বত্র ঝাঁকুনি দিচ্ছে।
276,Acne,I recently had a horrible rash on my skin. There are several blackheads and pus-filled pimples. My skin has also been moving around a lot.,मैं हाल ही में अपनी त्वचा पर एक भयानक दाने था। कई ब्लैकहेड्स और मवाद से भरे पिंपल्स हैं। मेरी त्वचा भी बहुत घूम रही है।,আমি সম্প্রতি আমার ত্বকে একটি ভয়াবহ ফুসকুড়ি ছিল। বেশ কয়েকটি ব্ল্যাকহেডস এবং পুস-ভরা পিম্পল রয়েছে। আমার ত্বকও অনেকটা ঘুরে বেড়াচ্ছে।
277,Acne,"This morning when I woke up, I discovered that I have an extremely bad rash all over my body. There are several pus-filled pimples and blackheads all around. My skin has also been moving around a lot.","आज सुबह जब मैं उठा, तो मुझे पता चला कि मेरे पूरे शरीर में एक बहुत बुरा दाने है। चारों ओर कई मवाद से भरे पिंपल्स और ब्लैकहेड्स हैं। मेरी त्वचा भी बहुत घूम रही है।","আজ সকালে যখন আমি জেগে উঠলাম, আমি আবিষ্কার করেছি যে আমার সারা শরীর জুড়ে আমার খুব খারাপ ফুসকুড়ি রয়েছে। চারপাশে বেশ কয়েকটি পুস-ভরা পিম্পল এবং ব্ল্যাকহেড রয়েছে। আমার ত্বকও অনেকটা ঘুরে বেড়াচ্ছে।"
278,Acne,I awoke this morning to see that I had a horrible rash all over my skin. There are several blackheads and pimples loaded with pus. My skin has also been scurrying about.,मैं आज सुबह यह देखने के लिए जाग गया कि मेरी त्वचा पर एक भयानक दाने थे। मवाद से लोड किए गए कई ब्लैकहेड्स और पिंपल्स हैं। मेरी त्वचा भी घबरा रही है।,আমি আজ সকালে ঘুম থেকে উঠে দেখতে পেয়েছি যে আমার সমস্ত ত্বক জুড়ে আমার একটি ভয়াবহ ফুসকুড়ি রয়েছে। বেশ কয়েকটি ব্ল্যাকহেডস এবং পিম্পলগুলি পুসের সাথে লোড রয়েছে। আমার ত্বকটিও বকাঝকা হয়েছে।
279,Acne,I've just developed a skin rash with several pus-filled pimples and blackheads. My skin has also been quite sensitive.,मैंने सिर्फ कई मवाद से भरे पिंपल्स और ब्लैकहेड्स के साथ एक स्किन दाने विकसित किया है। मेरी त्वचा भी काफी संवेदनशील रही है।,আমি সবেমাত্র বেশ কয়েকটি পুস-ভরা পিম্পল এবং ব্ল্যাকহেডস সহ একটি ত্বকের ফুসকুড়ি তৈরি করেছি। আমার ত্বকও বেশ সংবেদনশীল হয়েছে।
280,Acne,"A skin rash with several pus-filled pimples and blackheads has been bothering me lately. Additionally, my skin has been scurring a lot.","कई मवाद से भरे पिंपल्स और ब्लैकहेड्स के साथ एक स्किन दाने मुझे हाल ही में परेशान कर रहा है। इसके अतिरिक्त, मेरी त्वचा बहुत डरा रही है।","বেশ কয়েকটি পুস-ভরা পিম্পল এবং ব্ল্যাকহেডস সহ একটি ত্বকের ফুসকুড়ি আমাকে ইদানীং বিরক্ত করছে। অতিরিক্তভাবে, আমার ত্বক প্রচুর পরিমাণে ছড়িয়ে পড়েছে।"
281,Acne,"I woke up this morning to find that I have a terrible rash all over my body. Blackheads and pus-filled pimples are all over the place. Additionally, my skin has been changing a lot.","मैं आज सुबह उठा कि मेरे पूरे शरीर में एक भयानक दाने हैं। ब्लैकहेड्स और मवाद से भरे पिंपल्स सभी जगह हैं। इसके अतिरिक्त, मेरी त्वचा बहुत बदल रही है।","আমি আজ সকালে ঘুম থেকে উঠেছিলাম যে আমার সারা শরীর জুড়ে আমার একটি ভয়াবহ ফুসকুড়ি রয়েছে। ব্ল্যাকহেডস এবং পুস-ভরা পিম্পলগুলি পুরো জায়গা জুড়ে। অতিরিক্তভাবে, আমার ত্বক অনেক পরিবর্তন হয়েছে।"
282,Acne,"When I awoke this morning, I realised that I had a severe rash all over my body. There are many pus-filled pimples and blackheads all over the place. My skin has also been scurring a lot.","जब मैं आज सुबह जागता हूं, तो मुझे एहसास हुआ कि मेरे पूरे शरीर में एक गंभीर दाने थे। सभी जगह कई मवाद से भरे पिंपल्स और ब्लैकहेड्स हैं। मेरी त्वचा भी बहुत डरा रही है।",আমি যখন আজ সকালে ঘুম থেকে উঠি তখন বুঝতে পারি যে আমার সারা শরীর জুড়ে আমার তীব্র ফুসকুড়ি রয়েছে। পুরো জায়গা জুড়ে অনেকগুলি পুস-ভরা পিম্পল এবং ব্ল্যাকহেড রয়েছে। আমার ত্বকও প্রচুর পরিমাণে ছড়িয়ে পড়েছে।
283,Acne,I've recently developed a terrible rash on my skin. It's riddled with blackheads and pus-filled pimples. My skin has also been scurrying about.,मैंने हाल ही में अपनी त्वचा पर एक भयानक दाने विकसित किया है। यह ब्लैकहेड्स और मवाद से भरे पिंपल्स से भरा हुआ है। मेरी त्वचा भी घबरा रही है।,আমি সম্প্রতি আমার ত্বকে একটি ভয়াবহ ফুসকুড়ি বিকাশ করেছি। এটি ব্ল্যাকহেডস এবং পুস-ভরা পিম্পলগুলির সাথে ছাঁটাই হয়েছে। আমার ত্বকটিও বকাঝকা হয়েছে।
284,Acne,I awoke this morning to see a horrible rash on my skin. There are several blackheads and pimples loaded with pus. My skin has also been scurrying about.,मैं आज सुबह अपनी त्वचा पर एक भयानक दाने देखने के लिए जाग गया। मवाद से लोड किए गए कई ब्लैकहेड्स और पिंपल्स हैं। मेरी त्वचा भी घबरा रही है।,আমি আজ সকালে আমার ত্বকে একটি ভয়াবহ ফুসকুড়ি দেখতে জেগেছি। বেশ কয়েকটি ব্ল্যাকহেডস এবং পিম্পলগুলি পুসের সাথে লোড রয়েছে। আমার ত্বকটিও বকাঝকা হয়েছে।
285,Acne,"This morning when I woke up, I discovered an extremely bad rash on my skin. There are several pus-filled pimples and blackheads all around. My skin has also been moving around a lot.","आज सुबह जब मैं उठा, तो मैंने अपनी त्वचा पर एक बहुत बुरा दाने की खोज की। चारों ओर कई मवाद से भरे पिंपल्स और ब्लैकहेड्स हैं। मेरी त्वचा भी बहुत घूम रही है।","আজ সকালে যখন আমি জেগে উঠলাম, আমি আমার ত্বকে একটি অত্যন্ত খারাপ ফুসকুড়ি আবিষ্কার করেছি। চারপাশে বেশ কয়েকটি পুস-ভরা পিম্পল এবং ব্ল্যাকহেড রয়েছে। আমার ত্বকও অনেকটা ঘুরে বেড়াচ্ছে।"
286,Acne,I've recently been battling a pretty itchy rash on my skin. There are pus-filled pimples and blackheads all over it. My skin has also been scurring a lot.,मैं हाल ही में अपनी त्वचा पर एक बहुत खुजली से जूझ रहा हूं। इसमें मवाद से भरे पिंपल्स और ब्लैकहेड्स हैं। मेरी त्वचा भी बहुत डरा रही है।,আমি সম্প্রতি আমার ত্বকে একটি সুন্দর চুলকানি ফুসকুড়ি লড়াই করছি। এটি জুড়ে পুস-ভরা পিম্পলস এবং ব্ল্যাকহেডস রয়েছে। আমার ত্বকও প্রচুর পরিমাণে ছড়িয়ে পড়েছে।
287,Acne,"This morning, I realized that I had a major rash all over my body. There are lots of pimples filled with pus and blackheads everywhere, and my skin has been scurrying a lot.","आज सुबह, मुझे एहसास हुआ कि मेरे पूरे शरीर में एक बड़ा दाने था। हर जगह मवाद और ब्लैकहेड्स से बहुत सारे पिंपल्स भरे हुए हैं, और मेरी त्वचा बहुत ज्यादा खुरचती रही है।","আজ সকালে, আমি বুঝতে পেরেছিলাম যে আমার সারা শরীর জুড়ে আমার একটি বড় ফুসকুড়ি রয়েছে। সর্বত্র পুস এবং ব্ল্যাকহেডে ভরা প্রচুর পিম্পল রয়েছে এবং আমার ত্বক প্রচুর পরিমাণে ঝাঁকুনি দিচ্ছে।"
288,Acne,"I woke up today to find that I had a major rash all over my body. There are lots of pimples filled with pus and blackheads everywhere, and my skin has been scurrying a lot.","मैं आज यह जानने के लिए जाग गया कि मेरे पूरे शरीर में एक बड़ा दाने था। हर जगह मवाद और ब्लैकहेड्स से बहुत सारे पिंपल्स भरे हुए हैं, और मेरी त्वचा बहुत ज्यादा खुरचती रही है।",আমি আজ ঘুম থেকে উঠে জানতে পেরেছিলাম যে আমার সারা শরীর জুড়ে আমার একটি বড় ফুসকুড়ি রয়েছে। সর্বত্র পুস এবং ব্ল্যাকহেডে ভরা প্রচুর পিম্পল রয়েছে এবং আমার ত্বক প্রচুর পরিমাণে ঝাঁকুনি দিচ্ছে।
289,Acne,"I woke up this morning to find that I had a major rash all over my body. It's covered in pus-filled pimples and blackheads, and my skin has been scurrying a lot","मैं आज सुबह उठा, यह पता लगाने के लिए कि मेरे पूरे शरीर में एक बड़ा दाने था। यह मवाद से भरे पिंपल्स और ब्लैकहेड्स में शामिल है, और मेरी त्वचा बहुत अधिक है",আমি আজ সকালে ঘুম থেকে উঠেছিলাম যে আমার সারা শরীর জুড়ে আমার একটি বড় ফুসকুড়ি রয়েছে। এটি পুস-ভরা পিম্পলস এবং ব্ল্যাকহেডগুলিতে আচ্ছাদিত এবং আমার ত্বকটি প্রচুর পরিমাণে ঝকঝকে করে চলেছে
290,Acne,"This morning, I saw a large rash all over my body. There are a lot of pus-filled pimples and blackheads all over my face, and my skin has been scurrying a lot.","आज सुबह, मैंने अपने पूरे शरीर पर एक बड़ा दाने देखा। मेरे चेहरे पर बहुत सारे मवाद से भरे पिंपल्स और ब्लैकहेड्स हैं, और मेरी त्वचा बहुत अधिक है।","আজ সকালে, আমি আমার সারা শরীর জুড়ে একটি বড় ফুসকুড়ি দেখেছি। আমার মুখ জুড়ে প্রচুর পুস-ভরা পিম্পল এবং ব্ল্যাকহেড রয়েছে এবং আমার ত্বকটি প্রচুর পরিমাণে ঝাঁকুনি দিচ্ছে।"
291,Acne,"I discovered that I had a significant rash all over my body this morning. Blackheads and pus-filled pimples are proliferating, and my skin has been scurrying a lot.","मुझे पता चला कि आज सुबह मेरे पूरे शरीर में एक महत्वपूर्ण दाने थे। ब्लैकहेड्स और मवाद से भरे पिंपल्स प्रोलिफ़ेरेटिंग कर रहे हैं, और मेरी त्वचा बहुत अधिक झकझोर रही है।",আমি আবিষ্কার করেছি যে আজ সকালে আমার সারা শরীর জুড়ে একটি উল্লেখযোগ্য ফুসকুড়ি রয়েছে। ব্ল্যাকহেডস এবং পুস-ভরা পিম্পলগুলি প্রসারিত হয় এবং আমার ত্বকটি প্রচুর পরিমাণে ঝাঁকুনি দিচ্ছে।
292,Acne,"Yesterday, I noticed an enormous rash all over my skin. There are a lot of pus-filled pimples and blackheads all over my face, and my skin has been scurrying a lot.","कल, मैंने अपनी त्वचा पर एक विशाल दाने देखा। मेरे चेहरे पर बहुत सारे मवाद से भरे पिंपल्स और ब्लैकहेड्स हैं, और मेरी त्वचा बहुत अधिक है।","গতকাল, আমি আমার ত্বক জুড়ে একটি বিশাল ফুসকুড়ি লক্ষ্য করেছি। আমার মুখ জুড়ে প্রচুর পুস-ভরা পিম্পল এবং ব্ল্যাকহেড রয়েছে এবং আমার ত্বকটি প্রচুর পরিমাণে ঝাঁকুনি দিচ্ছে।"
293,Acne,"I discovered a huge rash on my skin yesterday. My face is covered of blackheads and pus-filled pimples, and my skin has been crawling a lot.","मैंने कल अपनी त्वचा पर एक बड़ा दाने की खोज की। मेरा चेहरा ब्लैकहेड्स और मवाद से भरे पिंपल्स से ढंका हुआ है, और मेरी त्वचा बहुत रेंग रही है।",আমি গতকাল আমার ত্বকে একটি বিশাল ফুসকুড়ি আবিষ্কার করেছি। আমার মুখটি ব্ল্যাকহেডস এবং পুস-ভরা পিম্পলগুলি covered াকা রয়েছে এবং আমার ত্বক প্রচুর পরিমাণে হামাগুড়ি দিচ্ছে।
294,Acne,"My skin has a horrible rash that is absolutely nonheritable. Blackheads and pus-filled pimples abound on it. In addition, my skin has been quite sensitive.","मेरी त्वचा में एक भयानक दाने हैं जो बिल्कुल गैर -योग्य है। ब्लैकहेड्स और मवाद से भरे पिंपल्स उस पर लाजिमी हैं। इसके अलावा, मेरी त्वचा काफी संवेदनशील रही है।","আমার ত্বকের একটি ভয়াবহ ফুসকুড়ি রয়েছে যা একেবারে অ -হিউমেটেবল। ব্ল্যাকহেডস এবং পুস-ভরা পিম্পলগুলি এতে প্রচুর পরিমাণে রয়েছে। এছাড়াও, আমার ত্বক বেশ সংবেদনশীল হয়েছে।"
295,Acne,"My skin has merely developed an uninherited rash. It has a lot of pus-filled pimples and blackheads. Furthermore, my skin has been quite sensitive.","मेरी त्वचा ने केवल एक असंभावित दाने विकसित किया है। इसमें बहुत सारे मवाद से भरे पिंपल्स और ब्लैकहेड्स हैं। इसके अलावा, मेरी त्वचा काफी संवेदनशील रही है।","আমার ত্বক নিছক একটি নিরবচ্ছিন্ন ফুসকুড়ি বিকাশ করেছে। এটিতে প্রচুর পুস-ভরা পিম্পল এবং ব্ল্যাকহেড রয়েছে। তদুপরি, আমার ত্বক বেশ সংবেদনশীল হয়েছে।"
296,Acne,"When I awoke this morning, I saw a severe rash across my skin. There are many pus-filled pimples and blackheads all over the place. My skin has also been shifting a lot.","जब मैं आज सुबह जागता हूं, तो मैंने अपनी त्वचा पर एक गंभीर दाने देखा। सभी जगह कई मवाद से भरे पिंपल्स और ब्लैकहेड्स हैं। मेरी त्वचा भी बहुत शिफ्ट हो रही है।","আমি যখন আজ সকালে ঘুম থেকে উঠি, আমি আমার ত্বক জুড়ে একটি গুরুতর ফুসকুড়ি দেখেছি। পুরো জায়গা জুড়ে অনেকগুলি পুস-ভরা পিম্পল এবং ব্ল্যাকহেড রয়েছে। আমার ত্বকও অনেক স্থানান্তরিত হয়েছে।"
297,Acne,"When I woke up this morning, I saw a terrible rash on my skin. Blackheads and pus-filled pimples are all over the place. Additionally, my skin has been shifting a lot.","जब मैं आज सुबह उठा, तो मैंने अपनी त्वचा पर एक भयानक दाने देखा। ब्लैकहेड्स और मवाद से भरे पिंपल्स सभी जगह हैं। इसके अतिरिक्त, मेरी त्वचा बहुत बदल रही है।","আমি যখন আজ সকালে ঘুম থেকে উঠেছিলাম, আমি আমার ত্বকে একটি ভয়াবহ ফুসকুড়ি দেখলাম। ব্ল্যাকহেডস এবং পুস-ভরা পিম্পলগুলি পুরো জায়গা জুড়ে। অতিরিক্তভাবে, আমার ত্বক অনেক স্থানান্তরিত হয়েছে।"
298,Acne,"I've recently struggled with a really irritating skin rash. There are blackheads and pus-filled pimples all over it. Additionally, my skin has been scurring a lot.","मैंने हाल ही में एक बहुत परेशान त्वचा दाने के साथ संघर्ष किया है। इसके ऊपर ब्लैकहेड्स और मवाद से भरे पिंपल्स हैं। इसके अतिरिक्त, मेरी त्वचा बहुत डरा रही है।","আমি সম্প্রতি সত্যিই বিরক্তিকর ত্বকের ফুসকুড়ি নিয়ে লড়াই করেছি। এটি জুড়ে ব্ল্যাকহেডস এবং পুস-ভরা পিম্পল রয়েছে। অতিরিক্তভাবে, আমার ত্বক প্রচুর পরিমাণে ছড়িয়ে পড়েছে।"
299,Acne,I've recently been dealing with an itching rash on my skin. It's covered in pus-filled pimples and blackheads. My skin has also been quite sensitive.,मैं हाल ही में अपनी त्वचा पर एक खुजली के साथ काम कर रहा हूं। यह मवाद से भरे पिंपल्स और ब्लैकहेड्स में शामिल है। मेरी त्वचा भी काफी संवेदनशील रही है।,আমি সম্প্রতি আমার ত্বকে চুলকানি ফুসকুড়ি নিয়ে কাজ করছি। এটি পুস-ভরা পিম্পলস এবং ব্ল্যাকহেডগুলিতে আচ্ছাদিত। আমার ত্বকও বেশ সংবেদনশীল হয়েছে।
0,Bronchial Asthma,"I have been feeling extremely tired and weak, and I've also been coughing a lot with difficulty breathing. My fever is very high, and I'm producing a lot of mucus when I cough.","मैं बेहद थका हुआ और कमजोर महसूस कर रहा हूं, और मैं भी सांस लेने में कठिनाई के साथ बहुत खांसी कर रहा हूं। मेरा बुखार बहुत अधिक है, और जब मैं खांसी करता हूं तो मैं बहुत सारे बलगम का उत्पादन कर रहा हूं।","আমি অত্যন্ত ক্লান্ত এবং দুর্বল বোধ করছি, এবং আমি শ্বাস নিতে অসুবিধা সহ অনেক কাশি করছি। আমার জ্বর খুব বেশি, এবং আমি কাশি হলে আমি প্রচুর শ্লেষ্মা উত্পাদন করছি।"
1,Bronchial Asthma,"I've got a cough that won't go away, and I'm exhausted. I've been coughing up thick mucous and my fever is also pretty high.","मुझे एक खांसी मिली है जो दूर नहीं जाएगी, और मैं थक गया हूं। मैं मोटी श्लेष्म को खांसी कर रहा हूं और मेरा बुखार भी बहुत अधिक है।","আমি একটি কাশি পেয়েছি যা দূরে যাবে না, এবং আমি ক্লান্ত হয়ে পড়েছি। আমি ঘন মিউকাস কাশি করছি এবং আমার জ্বরটিও বেশ উঁচু।"
2,Bronchial Asthma,"I have a persistent cough and have been feeling quite fatigued. My fever is through the roof, and I'm having trouble breathing. When I cough, I also cough up a lot of mucous.","मुझे लगातार खांसी है और वह काफी थका हुआ महसूस कर रही है। मेरा बुखार छत के माध्यम से है, और मुझे सांस लेने में परेशानी हो रही है। जब मैं खांसी करता हूं, तो मैं भी बहुत श्लेष्म को खांसी करता हूं।","আমার অবিরাম কাশি আছে এবং বেশ ক্লান্তি বোধ করছি। আমার জ্বর ছাদ দিয়ে, এবং আমার শ্বাস নিতে সমস্যা হচ্ছে। আমি যখন কাশি করি তখন আমি প্রচুর শ্লেষ্মাও কাশি করি।"
3,Bronchial Asthma,"I've been having issues with exhaustion, a dry cough, and breathing. I have a very high fever and have been coughing up a lot of thick, mucoid phlegm.","मैं थकावट, एक सूखी खांसी, और सांस लेने के साथ मुद्दों पर रहा हूं। मुझे बहुत तेज बुखार है और बहुत अधिक मोटी, म्यूकोइड कफ का खांस रहा है।","আমি ক্লান্তি, একটি শুকনো কাশি এবং শ্বাস নিয়ে সমস্যা করছি। আমার খুব উচ্চ জ্বর রয়েছে এবং প্রচুর ঘন, মিউকয়েড কফে কাশি করছি।"
4,Bronchial Asthma,"I feel really fatigued and weak, and I have a bad cough. My fever is really high, and my breathing has become shallow. When I cough, a lot of saliva comes out as well.","मैं वास्तव में थका हुआ और कमजोर महसूस करता हूं, और मुझे एक बुरी खांसी है। मेरा बुखार वास्तव में अधिक है, और मेरी सांस उथली हो गई है। जब मैं खांसी करता हूं, तो बहुत सारी लार भी निकलती है।","আমি সত্যিই ক্লান্তি এবং দুর্বল বোধ করি এবং আমার একটি খারাপ কাশি আছে। আমার জ্বর সত্যিই বেশি, এবং আমার শ্বাস অগভীর হয়ে গেছে। আমি যখন কাশি করি তখন প্রচুর লালাও বেরিয়ে আসে।"
5,Bronchial Asthma,"I've had a lot of sleepiness, a cough that refuses to go away, and breathing difficulty. I've been coughing up a lot of thick, mucoid saliva and have a high fever.","मुझे बहुत नींद आ रही है, एक खांसी जो दूर जाने से इनकार करती है, और सांस लेने में कठिनाई होती है। मैं बहुत मोटी, म्यूकोइड लार की खांसी कर रहा हूं और उच्च बुखार है।","আমার অনেক নিদ্রাহীনতা ছিল, একটি কাশি যা দূরে যেতে অস্বীকার করে এবং শ্বাসকষ্টে অসুবিধা হয়। আমি প্রচুর ঘন, মিউকয়েড লালা কাশি করছি এবং উচ্চ জ্বর পেয়েছি।"
6,Bronchial Asthma,"doctor, i have been having high fever since past few days , saliva also became thick , dry cough , weakness also seen","डॉक्टर, मुझे पिछले कुछ दिनों से तेज बुखार हो रहा है, लार भी मोटी, सूखी खांसी, कमजोरी भी देखी गई","ডাক্তার, আমি গত কয়েক দিন থেকে উচ্চ জ্বর করছি, লালাও ঘন, শুকনো কাশি, দুর্বলতাও দেখা যায়"
7,Bronchial Asthma,"I have a cough that has continued for days, and I feel really weak and tired. My fever is high, and my breath has become strained. When I cough, I also generate a lot of mucus.","मुझे एक खांसी है जो दिनों तक जारी है, और मैं वास्तव में कमजोर और थका हुआ महसूस करता हूं। मेरा बुखार अधिक है, और मेरी सांस तनावपूर्ण हो गई है। जब मैं खांसी करता हूं, तो मैं बहुत सारे बलगम भी उत्पन्न करता हूं।","আমার একটি কাশি রয়েছে যা কয়েক দিন ধরে অব্যাহত রয়েছে এবং আমি সত্যিই দুর্বল এবং ক্লান্ত বোধ করি। আমার জ্বর বেশি, এবং আমার শ্বাস চাপে পড়েছে। আমি যখন কাশি করি তখন আমি প্রচুর শ্লেষ্মাও তৈরি করি।"
8,Bronchial Asthma,"Mom, Dad, I've been feeling really tired and weak lately, and I've had this cough that just won't go away. It's been hard for me to catch my breath, and my fever has been really high. When I cough, I've been producing a lot of mucus.","माँ, पिताजी, मैं हाल ही में वास्तव में थका हुआ और कमजोर महसूस कर रहा हूं, और मुझे यह खांसी है कि बस दूर नहीं जाएगा। मेरी सांस को पकड़ने के लिए मेरे लिए कठिन है, और मेरा बुखार वास्तव में अधिक रहा है। जब मैं खांसी करता हूं, तो मैं बहुत सारे बलगम का उत्पादन कर रहा हूं।","মা, বাবা, আমি ইদানীং সত্যিই ক্লান্ত এবং দুর্বল বোধ করছি এবং আমার এই কাশি হয়েছে যা কেবল দূরে যাবে না। আমার দম ধরা আমার পক্ষে কঠিন ছিল এবং আমার জ্বর সত্যিই বেশি ছিল। আমি যখন কাশি করি তখন আমি প্রচুর শ্লেষ্মা তৈরি করছি।"
9,Bronchial Asthma,"Hey Mom, Hey Dad, I've been feeling really exhausted lately and have had this persistent cough. My breathing has become shallow, and my fever is very high. I've also been coughing up a lot of thick, mucoid sputum","अरे माँ, अरे पिताजी, मैं वास्तव में हाल ही में थका हुआ महसूस कर रहा हूं और यह लगातार खांसी है। मेरी सांस उथली हो गई है, और मेरा बुखार बहुत अधिक है। मैं भी बहुत मोटी, म्यूकोइड थूक को खांसी कर रहा हूं","ওহে মা, আরে বাবা, আমি ইদানীং সত্যিই ক্লান্ত বোধ করছি এবং এই অবিরাম কাশি করেছি। আমার শ্বাস অগভীর হয়ে গেছে, এবং আমার জ্বর খুব বেশি। আমি প্রচুর ঘন, মিউকয়েড স্পুটাম কাশি করছি"
10,Bronchial Asthma,"Recently, I've felt quite weak and exhausted, and I've also had a cough that simply won't go away. My fever has been really high, and it has been challenging for me to catch my breath. I've been making a lot of mucous when I cough.","हाल ही में, मैंने काफी कमजोर और थका हुआ महसूस किया है, और मुझे भी एक खांसी है जो बस दूर नहीं जाएगी। मेरा बुखार वास्तव में अधिक रहा है, और यह मेरे लिए अपनी सांस पकड़ने के लिए चुनौतीपूर्ण रहा है। जब मैं खांसी करता हूं तो मैं बहुत श्लेष्म बना रहा हूं।","সম্প্রতি, আমি বেশ দুর্বল এবং ক্লান্ত বোধ করেছি এবং আমার কাছে একটি কাশিও ছিল যা কেবল দূরে যাবে না। আমার জ্বর সত্যিই বেশি ছিল, এবং আমার দম ধরা আমার পক্ষে চ্যালেঞ্জ ছিল। আমি কাশি করার সময় আমি প্রচুর শ্লেষ্মা তৈরি করছি।"
11,Bronchial Asthma,"I've felt terribly weak and drained, and I've also had a cough that that won't go away. My fever has been exceptionally high, and it has been challenging to try to catch my breath. I've been creating a lot of mucous when I cough.","मैंने बहुत कमजोर और सूखा महसूस किया है, और मुझे एक खांसी भी है जो दूर नहीं जाएगा। मेरा बुखार असाधारण रूप से उच्च रहा है, और मेरी सांस को पकड़ने की कोशिश करना चुनौतीपूर्ण रहा है। जब मैं खांसी करता हूं तो मैं बहुत श्लेष्म बना रहा हूं।","আমি ভয়াবহ দুর্বল এবং শুকিয়ে গেছে অনুভব করেছি এবং আমার কাছে একটি কাশিও ছিল যা দূরে যাবে না। আমার জ্বর ব্যতিক্রমীভাবে বেশি ছিল, এবং আমার দম ধরার চেষ্টা করা চ্যালেঞ্জ হয়ে দাঁড়িয়েছে। আমি কাশি হলে আমি প্রচুর শ্লেষ্মা তৈরি করছি।"
12,Bronchial Asthma,"I'm feeling really tired and weak lately, and I've had this cough that just won't go away. My breathing has become shallow, and my fever has been really high. When I cough, I've been producing a lot of thick, mucoid sputum","मैं वास्तव में थका हुआ और हाल ही में कमजोर महसूस कर रहा हूं, और मुझे यह खांसी है कि बस दूर नहीं जाएगा। मेरी सांस उथली हो गई है, और मेरा बुखार वास्तव में अधिक रहा है। जब मैं खांसी करता हूं, तो मैं बहुत मोटी, श्लेष्म थूक का उत्पादन कर रहा हूं","আমি ইদানীং সত্যিই ক্লান্ত এবং দুর্বল বোধ করছি এবং আমার এই কাশি হয়েছে যা কেবল দূরে যাবে না। আমার শ্বাস অগভীর হয়ে গেছে, এবং আমার জ্বর সত্যিই বেশি ছিল। আমি যখন কাশি করি তখন আমি প্রচুর ঘন, মিউকয়েড স্পুটাম উত্পাদন করছি"
13,Bronchial Asthma,"feeling extremely exhausted and have had this persistent cough. It's been hard for me to catch my breath, and my fever is very high. I've also been producing a lot of mucus when I cough","बेहद थका हुआ लग रहा था और यह लगातार खांसी थी। मेरी सांस को पकड़ने के लिए मेरे लिए कठिन है, और मेरा बुखार बहुत अधिक है। जब मैं खांसी करता हूं तो मैं बहुत सारे बलगम का उत्पादन कर रहा हूं",অত্যন্ত ক্লান্ত বোধ করছে এবং এই অবিরাম কাশি হয়েছে। আমার দম ধরা আমার পক্ষে কঠিন ছিল এবং আমার জ্বর খুব বেশি। আমি কাশি হলে আমি প্রচুর শ্লেষ্মাও উত্পাদন করছি
14,Bronchial Asthma,"I've been struggling with fatigue and a constant cough that's been making it difficult to breathe. My fever is high, and I've been coughing up a lot of thick, mucoid sputum.","मैं थकान और एक निरंतर खांसी के साथ संघर्ष कर रहा हूं जो सांस लेना मुश्किल बना रहा है। मेरा बुखार अधिक है, और मैं बहुत मोटी, म्यूकोइड थूक को खांसी कर रहा हूं।","আমি ক্লান্তি এবং একটি ধ্রুবক কাশির সাথে লড়াই করে যাচ্ছি যা শ্বাস নিতে অসুবিধে করে চলেছে। আমার জ্বর বেশি, এবং আমি প্রচুর ঘন, মিউকয়েড স্পুটাম কাশি করছি।"
15,Bronchial Asthma,"I've had a nagging cough that won't go away, and my breathing has become labored. My fever is also very high, and I'm feeling very weak and tired. I've been producing a lot of mucus when I cough","मेरे पास एक खांसी है जो दूर नहीं जाएगी, और मेरी सांस ले जाने वाली हो गई है। मेरा बुखार भी बहुत अधिक है, और मैं बहुत कमजोर और थका हुआ महसूस कर रहा हूं। जब मैं खांसी करता हूं तो मैं बहुत सारे बलगम का उत्पादन कर रहा हूं","আমার কাছে একটি কড়া কাশি ছিল যা দূরে যাবে না, এবং আমার শ্বাস -প্রশ্বাস শ্রমিক হয়ে উঠেছে। আমার জ্বরটিও খুব বেশি, এবং আমি খুব দুর্বল এবং ক্লান্ত বোধ করছি। আমি কাশি হলে আমি প্রচুর শ্লেষ্মা উত্পাদন করছি"
16,Bronchial Asthma,"I've been experiencing a high fever, a persistent cough, and shortness of breath. I've also been producing a lot of thick, mucoid sputum, and I'm feeling very tired and weak.","मैं एक तेज बुखार, एक लगातार खांसी, और सांस की तकलीफ का अनुभव कर रहा हूं। मैं भी बहुत मोटी, श्लेष्म थूक का उत्पादन कर रहा हूं, और मैं बहुत थका हुआ और कमजोर महसूस कर रहा हूं।","আমি একটি উচ্চ জ্বর, অবিরাম কাশি এবং শ্বাসকষ্টের অভিজ্ঞতা পেয়েছি। আমি প্রচুর ঘন, মিউকয়েড স্পুটামও উত্পাদন করছি এবং আমি খুব ক্লান্ত এবং দুর্বল বোধ করছি।"
17,Bronchial Asthma,"I've been having breathing issues, a persistent cough, and exhaustion. I've been coughing up a lot of thick, mucoid sputum and have a very high fever. I'm just feeling so drained and tired from having to deal with all of this.","मैं सांस लेने के मुद्दे, एक लगातार खांसी और थकावट कर रहा हूं। मैं बहुत मोटी, म्यूकोइड थूक की खांसी कर रहा हूं और बहुत तेज बुखार है। मैं बस इतना सूखा हुआ महसूस कर रहा हूं और इस सब से निपटने से थक गया हूं।","আমি শ্বাস প্রশ্বাসের সমস্যা, একটি অবিরাম কাশি এবং ক্লান্তি করছি। আমি প্রচুর ঘন, মিউকয়েড স্পুটাম কাশি করছি এবং খুব উচ্চ জ্বর পেয়েছি। আমি এই সমস্ত কিছু মোকাবেলা করতে পেরে খুব শুকিয়ে যাওয়া এবং ক্লান্ত বোধ করছি।"
18,Bronchial Asthma,"I've had this cough that's been lingering for days and difficulty breathing. My fever is sky-high, and I'm feeling so weak and tired. I've also been producing a lot of mucus when I cough, and it's just been so overwhelming to deal with all of these symptoms. I'm getting so frustrated with all of this.","मुझे यह खांसी है जो दिनों के लिए सुस्त है और सांस लेने में कठिनाई है। मेरा बुखार आकाश-उच्च है, और मैं इतना कमजोर और थका हुआ महसूस कर रहा हूं। जब मैं खांसी करता हूं तो मैं बहुत सारे बलगम का उत्पादन कर रहा हूं, और इन सभी लक्षणों से निपटने के लिए यह बहुत भारी है। मैं इस सब से बहुत निराश हो रहा हूं।","আমার কাছে এই কাশি ছিল যা কয়েক দিন ধরে দীর্ঘায়িত এবং শ্বাস নিতে অসুবিধা। আমার জ্বর আকাশ-উচ্চ, এবং আমি খুব দুর্বল এবং ক্লান্ত বোধ করছি। আমি কাশি করার সময় আমি প্রচুর শ্লেষ্মাও তৈরি করছি এবং এই সমস্ত লক্ষণগুলি মোকাবেলা করার জন্য এটি এতটাই অপ্রতিরোধ্য হয়ে উঠেছে। আমি এই সমস্ত নিয়ে হতাশ হয়ে পড়ছি।"
19,Bronchial Asthma,"I've had a persistent cough for days, and I also have breathing problems. I'm so weak and exhausted, and my fever is through the roof. It's been very difficult to manage all of these symptoms, and I've also been coughing up a lot of mucus. I'm becoming so angry over everything.","मुझे दिनों के लिए लगातार खांसी हुई है, और मुझे सांस लेने की समस्या भी है। मैं बहुत कमजोर और थका हुआ हूं, और मेरा बुखार छत के माध्यम से है। इन सभी लक्षणों का प्रबंधन करना बहुत मुश्किल है, और मैं भी बहुत सारे बलगम को खाँक रहा हूं। मैं हर चीज पर इतना गुस्सा हो रहा हूं।",কয়েকদিন ধরে আমার অবিরাম কাশি ছিল এবং আমার শ্বাসকষ্টের সমস্যাও রয়েছে। আমি খুব দুর্বল এবং ক্লান্ত হয়ে পড়েছি এবং আমার জ্বর ছাদ দিয়ে। এই সমস্ত লক্ষণগুলি পরিচালনা করা খুব কঠিন ছিল এবং আমি প্রচুর শ্লেষ্মাও কাশি করে চলেছি। আমি সব কিছুর জন্য খুব রেগে যাচ্ছি।
20,Bronchial Asthma,"I've been struggling with difficulty breathing, a constant cough, and fatigue. My fever is extremely high, and I've been coughing up a lot of thick, mucoid sputum. It's been so hard to deal with all of this, and I'm just feeling so drained and worn out","मैं सांस लेने में कठिनाई, एक निरंतर खांसी और थकान से जूझ रहा हूं। मेरा बुखार बहुत अधिक है, और मैं बहुत मोटी, म्यूकोइड थूक की खांसी कर रहा हूं। इस सब से निपटने के लिए यह बहुत कठिन है, और मैं बस इतना सूखा और पहना हुआ महसूस कर रहा हूं","আমি শ্বাস নিতে অসুবিধা, একটি ধ্রুবক কাশি এবং ক্লান্তি নিয়ে লড়াই করে যাচ্ছি। আমার জ্বর অত্যন্ত উচ্চ, এবং আমি প্রচুর ঘন, মিউকয়েড স্পুটাম কাশি করছি। এই সমস্তগুলির সাথে মোকাবিলা করা এত কঠিন ছিল এবং আমি কেবল এতটা শুকিয়ে যাওয়া এবং জরাজীর্ণ বোধ করছি"
21,Bronchial Asthma,"I've been having breathing issues, a persistent cough, and exhaustion. I've been coughing up a lot of thick, mucoid sputum and have a very high fever. I'm just feeling so exhausted and tired from having to cope with all of this.","मैं सांस लेने के मुद्दे, एक लगातार खांसी और थकावट कर रहा हूं। मैं बहुत मोटी, म्यूकोइड थूक की खांसी कर रहा हूं और बहुत तेज बुखार है। मैं बस इतना थका हुआ महसूस कर रहा हूं और इस सब से निपटने से थक गया हूं।","আমি শ্বাস প্রশ্বাসের সমস্যা, একটি অবিরাম কাশি এবং ক্লান্তি করছি। আমি প্রচুর ঘন, মিউকয়েড স্পুটাম কাশি করছি এবং খুব উচ্চ জ্বর পেয়েছি। আমি এই সমস্তগুলির সাথে মোকাবিলা করে কেবল ক্লান্ত এবং ক্লান্ত বোধ করছি।"
22,Bronchial Asthma,"I've been feeling really ill lately. I've had this persistent cough and difficulty breathing, and my fever has been off the charts. I'm also feeling extremely exhausted, and I've been producing a lot of mucus when I cough. It's just been so overwhelming to deal with all of these symptoms","मैं हाल ही में वास्तव में बीमार महसूस कर रहा हूं। मुझे यह लगातार खांसी और सांस लेने में कठिनाई हुई है, और मेरा बुखार चार्ट से दूर हो गया है। मैं भी बहुत थका हुआ महसूस कर रहा हूं, और जब मैं खांसी करता हूं तो मैं बहुत सारे बलगम का उत्पादन कर रहा हूं। यह सिर्फ इन सभी लक्षणों से निपटने के लिए बहुत भारी है","আমি ইদানীং সত্যিই অসুস্থ বোধ করছি। আমার এই অবিরাম কাশি এবং শ্বাস নিতে অসুবিধা হয়েছে এবং আমার জ্বর চার্ট থেকে বন্ধ রয়েছে। আমিও অত্যন্ত ক্লান্ত বোধ করছি, এবং আমি কাশি হলে আমি প্রচুর শ্লেষ্মা উত্পাদন করছি। এই সমস্ত লক্ষণগুলির সাথে মোকাবিলা করার জন্য এটি এতটাই অভিভূত হয়েছে"
23,Bronchial Asthma,"Recently, I've been feeling terrible. My fever has been through the roof, and I've had a persistent cough and breathing problems. I've been coughing up a lot of phlegm and am also feeling quite weary. Dealing with all of these symptoms has been quite difficult.","हाल ही में, मैं भयानक महसूस कर रहा हूं। मेरा बुखार छत के माध्यम से रहा है, और मुझे लगातार खांसी और सांस लेने की समस्या है। मैं बहुत कफ में खांसी कर रहा हूं और मैं भी काफी थका हुआ महसूस कर रहा हूं। इन सभी लक्षणों से निपटना काफी मुश्किल रहा है।","সম্প্রতি, আমি ভয়াবহ বোধ করছি। আমার জ্বর ছাদ দিয়ে গেছে, এবং আমার অবিচ্ছিন্ন কাশি এবং শ্বাস প্রশ্বাসের সমস্যা ছিল। আমি প্রচুর কগি কাশি করছি এবং আমিও বেশ ক্লান্ত বোধ করছি। এই সমস্ত লক্ষণগুলির সাথে কাজ করা বেশ কঠিন ছিল।"
24,Bronchial Asthma,"I've had a fever, a cough that won't go away, and shortness of breath. In addition, I've been coughing up a lot of thick, mucoid saliva and I feel quite worn out and weak.","मुझे एक बुखार है, एक खांसी जो दूर नहीं जाएगी, और सांस की तकलीफ। इसके अलावा, मैं बहुत मोटी, श्लेष्म लार की खांसी कर रहा हूं और मैं काफी खराब और कमजोर महसूस करता हूं।","আমার জ্বর হয়েছে, একটি কাশি যা দূরে যাবে না এবং শ্বাসকষ্ট। তদতিরিক্ত, আমি প্রচুর ঘন, মিউকয়েড লালা কাশি করছি এবং আমি বেশ জরাজীর্ণ এবং দুর্বল বোধ করছি।"
25,Bronchial Asthma,"Hey, I've had a dry cough, breathing difficulties, as well as a high fever. a lot of mucous is being produced, and I feel incredibly weak and tired.""","अरे, मुझे एक सूखी खांसी है, सांस लेने में कठिनाई, साथ ही साथ एक तेज बुखार भी है। बहुत सारे श्लेष्म का उत्पादन किया जा रहा है, और मैं अविश्वसनीय रूप से कमजोर और थका हुआ महसूस करता हूं। ""","আরে, আমি একটি শুকনো কাশি, শ্বাস প্রশ্বাসের অসুবিধা, পাশাপাশি একটি উচ্চ জ্বর ছিল। প্রচুর শ্লেষ্মা উত্পাদিত হচ্ছে, এবং আমি অবিশ্বাস্যভাবে দুর্বল এবং ক্লান্ত বোধ করি। """
26,Bronchial Asthma,"Recently, I have had a number of concerning symptoms, including a dry cough, impaired breathing, a high fever, and a lot of mucus. I also feel very weak and tired.","हाल ही में, मेरे पास एक सूखी खांसी, बिगड़ा हुआ श्वास, एक तेज बुखार और बहुत सारे बलगम सहित कई लक्षण हैं। मैं भी बहुत कमजोर और थका हुआ महसूस करता हूं।","সম্প্রতি, আমার কাছে একটি শুকনো কাশি, প্রতিবন্ধী শ্বাস, একটি উচ্চ জ্বর এবং প্রচুর শ্লেষ্মা সহ বেশ কয়েকটি লক্ষণ রয়েছে। আমিও খুব দুর্বল এবং ক্লান্ত বোধ করি।"
27,Bronchial Asthma,"I am currently dealing with a number of health issues, including a dry cough, difficulty breathing, a high fever, and increased mucus production. I am also feeling very weak and tired","मैं वर्तमान में कई स्वास्थ्य मुद्दों के साथ काम कर रहा हूं, जिसमें सूखी खांसी, सांस लेने में कठिनाई, तेज बुखार, और बलगम उत्पादन में वृद्धि शामिल है। मैं भी बहुत कमजोर और थका हुआ महसूस कर रहा हूं","আমি বর্তমানে শুকনো কাশি, শ্বাস নিতে অসুবিধা, একটি উচ্চ জ্বর এবং শ্লেষ্মা উত্পাদন বৃদ্ধি সহ বেশ কয়েকটি স্বাস্থ্য সমস্যা নিয়ে কাজ করছি। আমিও খুব দুর্বল এবং ক্লান্ত বোধ করছি"
28,Bronchial Asthma,"its been a week , i am suffering from continious health issues like dry cough  , problems in breathing , weakness throughout the day.","इसका एक सप्ताह हो गया है, मैं शुष्क खांसी, सांस लेने में समस्याएं, दिन भर की कमजोरी जैसे निरंतर स्वास्थ्य के मुद्दों से पीड़ित हूं।","এটি এক সপ্তাহ হয়ে গেছে, আমি শুকনো কাশি, শ্বাসকষ্টের সমস্যা, সারা দিন ধরে দুর্বলতার মতো ধারাবাহিক স্বাস্থ্য সমস্যাগুলিতে ভুগছি।"
29,Bronchial Asthma,"Doctor , from couple of days i am not able to brethe propelry , lying on bed due to high fever , lot of mucus gets out . please suggest me some medicines.","डॉक्टर, कुछ दिनों से मैं प्रोपेलरी को भुनाने में सक्षम नहीं हूं, तेज बुखार के कारण बिस्तर पर लेट गया, बहुत सारे बलगम बाहर निकल जाते हैं। कृपया मुझे कुछ दवाइयाँ सुझाएं।","ডাক্তার, কয়েক দিন থেকে আমি প্রপেলারি ব্রেথ করতে সক্ষম নই, উচ্চ জ্বরের কারণে বিছানায় শুয়ে থাকা, প্রচুর শ্লেষ্মা বেরিয়ে আসে। দয়া করে আমাকে কিছু ওষুধের পরামর্শ দিন।"
30,Bronchial Asthma,"I've been experiencing shortness of breath, a persistent cough, and a high fever. I've also been producing a lot of thick, mucoid sputum, and I'm feeling so drained and exhausted. It's been so hard to deal with all of this.","मैं सांस की तकलीफ, लगातार खांसी और तेज बुखार का अनुभव कर रहा हूं। मैं भी बहुत मोटी, श्लेष्म थूक का उत्पादन कर रहा हूं, और मैं इतना सूखा और थका हुआ महसूस कर रहा हूं। इस सब से निपटना इतना कठिन है।","আমি শ্বাসকষ্ট, একটি অবিরাম কাশি এবং একটি উচ্চ জ্বর অনুভব করছি। আমি প্রচুর ঘন, মিউকয়েড স্পুটামও উত্পাদন করছি এবং আমি খুব শুকিয়ে যাওয়া এবং ক্লান্ত বোধ করছি। এই সমস্ত মোকাবেলা করা এত কঠিন ছিল।"
31,Bronchial Asthma," I'm so weak and exhausted, and my fever is through the roof. It's been very difficult to manage all of these symptoms, and I've also been coughing up a lot of mucus. I'm becoming so angry over everything.","मैं बहुत कमजोर और थका हुआ हूं, और मेरा बुखार छत के माध्यम से है। इन सभी लक्षणों का प्रबंधन करना बहुत मुश्किल है, और मैं भी बहुत सारे बलगम को खाँक रहा हूं। मैं हर चीज पर इतना गुस्सा हो रहा हूं।",আমি খুব দুর্বল এবং ক্লান্ত হয়ে পড়েছি এবং আমার জ্বর ছাদ দিয়ে। এই সমস্ত লক্ষণগুলি পরিচালনা করা খুব কঠিন ছিল এবং আমি প্রচুর শ্লেষ্মাও কাশি করে চলেছি। আমি সব কিছুর জন্য খুব রেগে যাচ্ছি।
32,Bronchial Asthma," must confess that I've been experiencing shortness of breath, a persistent cough, and a high fever. I've also been producing a lot of thick, mucoid sputum, and I'm feeling quite drained and exhausted. It's all been rather tough to deal with, and I'm feeling quite sick at the moment","यह स्वीकार करना चाहिए कि मैं सांस की तकलीफ, लगातार खांसी और एक तेज बुखार का अनुभव कर रहा हूं। मैं भी बहुत मोटी, म्यूकोइड थूक का उत्पादन कर रहा हूं, और मैं काफी सूखा और थका हुआ महसूस कर रहा हूं। यह सब से निपटने के लिए कठिन है, और मैं इस समय काफी बीमार महसूस कर रहा हूं","অবশ্যই স্বীকার করতে হবে যে আমি শ্বাসকষ্ট, একটি অবিরাম কাশি এবং একটি উচ্চ জ্বর অনুভব করছি। আমি প্রচুর ঘন, মিউকয়েড স্পুটামও উত্পাদন করছি এবং আমি বেশ শুকনো এবং ক্লান্ত বোধ করছি। এগুলি সবই মোকাবেলা করা বরং শক্ত ছিল এবং আমি এই মুহুর্তে বেশ অসুস্থ বোধ করছি"
33,Bronchial Asthma,"I must admit that I have been having a high fever, a persistent cough, and shortness of breath. In addition, I've been coughing up a lot of thick, mucoid saliva and I've been feeling really depleted and worn out.","मुझे यह स्वीकार करना चाहिए कि मुझे तेज बुखार, लगातार खांसी और सांस की तकलीफ हो रही है। इसके अलावा, मैं बहुत मोटी, म्यूकोइड लार की खांसी कर रहा हूं और मैं वास्तव में कम और खराब हो गया हूं।","আমাকে অবশ্যই স্বীকার করতে হবে যে আমি একটি উচ্চ জ্বর, অবিরাম কাশি এবং শ্বাসকষ্ট করছি। তদতিরিক্ত, আমি প্রচুর ঘন, মিউকয়েড লালা কাশি করছি এবং আমি সত্যিই হ্রাস পেয়েছে এবং জরাজীর্ণ বোধ করছি।"
34,Bronchial Asthma,"I've been having a tough time with this constant cough, difficulty breathing, and fatigue. My fever is high, and I've been coughing up a lot of thick, mucoid sputum. It's all been rather draining and exhausting, and I'm feeling quite sick at the moment.","मैं इस निरंतर खांसी, सांस लेने में कठिनाई और थकान के साथ एक कठिन समय रहा हूं। मेरा बुखार अधिक है, और मैं बहुत मोटी, म्यूकोइड थूक को खांसी कर रहा हूं। यह सब बल्कि सूखा और थका हुआ है, और मैं इस समय काफी बीमार महसूस कर रहा हूं।","আমি এই ধ্রুবক কাশি, শ্বাস নিতে অসুবিধা এবং ক্লান্তি নিয়ে খুব কঠিন সময় কাটিয়েছি। আমার জ্বর বেশি, এবং আমি প্রচুর ঘন, মিউকয়েড স্পুটাম কাশি করছি। এটি সবই বরং শুকিয়ে যাওয়া এবং ক্লান্তিকর হয়ে উঠছে এবং আমি এই মুহুর্তে বেশ অসুস্থ বোধ করছি।"
35,Bronchial Asthma,"I've been struggling with a persistent cough, breathing issues, and exhaustion. I've been coughing up a lot of thick, mucoid sputum and have a high fever. All of this has been really tiring and exhausting, and right now I'm feeling rather ill.","मैं लगातार खांसी, सांस लेने के मुद्दों और थकावट से जूझ रहा हूं। मैं बहुत मोटी, म्यूकोइड थूक की खांसी कर रहा हूं और एक तेज बुखार है। यह सब वास्तव में थका देने वाला और थका हुआ है, और अभी मैं बीमार महसूस कर रहा हूं।","আমি অবিরাম কাশি, শ্বাস প্রশ্বাসের সমস্যা এবং ক্লান্তির সাথে লড়াই করে যাচ্ছি। আমি প্রচুর ঘন, মিউকয়েড স্পুটাম কাশি করছি এবং উচ্চ জ্বর পেয়েছি। এই সমস্তগুলি সত্যই ক্লান্তিকর এবং ক্লান্তিকর হয়েছে এবং এখনই আমি বরং অসুস্থ বোধ করছি।"
36,Bronchial Asthma,"I've been dealing with a bad cough, breathing issues, and drowsiness. I've been coughing up a lot of thick, mucoid sputum and have a high fever. All of this has been really exhausting and exhausting, and right now I'm feeling rather ill.","मैं एक बुरी खांसी, सांस लेने के मुद्दों और उनींदापन के साथ काम कर रहा हूं। मैं बहुत मोटी, म्यूकोइड थूक की खांसी कर रहा हूं और एक तेज बुखार है। यह सब वास्तव में थकाऊ और थका हुआ है, और अभी मैं बीमार महसूस कर रहा हूं।","আমি একটি খারাপ কাশি, শ্বাস প্রশ্বাসের সমস্যা এবং তন্দ্রা নিয়ে কাজ করছি। আমি প্রচুর ঘন, মিউকয়েড স্পুটাম কাশি করছি এবং উচ্চ জ্বর পেয়েছি। এই সমস্তগুলি সত্যিই ক্লান্তিকর এবং ক্লান্তিকর হয়েছে এবং এখনই আমি বরং অসুস্থ বোধ করছি।"
37,Bronchial Asthma,"My persistent cough, breathing problems, and exhaustion have been making things difficult for me. I've been producing copious amounts of thick, mucoid sputum while also having a high fever. I'm currently feeling fairly ill because everything has been so tiring and exhausting.","मेरी लगातार खांसी, सांस लेने की समस्या और थकावट मेरे लिए चीजों को मुश्किल बना रही है। मैं तेज बुखार होने के साथ ही मोटी, श्लेष्म थूक की प्रचुर मात्रा का उत्पादन कर रहा हूं। मैं वर्तमान में काफी बीमार महसूस कर रहा हूं क्योंकि सब कुछ इतना थका देने वाला और थका हुआ है।","আমার অবিরাম কাশি, শ্বাস প্রশ্বাসের সমস্যা এবং ক্লান্তি আমার পক্ষে বিষয়গুলিকে কঠিন করে তুলেছে। আমি প্রচুর পরিমাণে ঘন, মিউকয়েড স্পুটাম উত্পাদন করছি এবং উচ্চ জ্বরও রয়েছে। আমি বর্তমানে মোটামুটি অসুস্থ বোধ করছি কারণ সবকিছু এত ক্লান্তিকর এবং ক্লান্তিকর হয়েছে।"
38,Bronchial Asthma,"With my persistent cough, respiratory issues, and exhaustion, I've been struggling. I have a high fever and have been producing a lot of thick, mucoid sputum while coughing. I currently feel rather sick as a result of how draining and tiresome everything has been.","मेरी लगातार खांसी, श्वसन संबंधी मुद्दों और थकावट के साथ, मैं संघर्ष कर रहा हूं। मुझे तेज बुखार है और खांसी करते समय बहुत अधिक मोटी, म्यूकोइड थूक का उत्पादन कर रहा है। मैं वर्तमान में बीमार महसूस करता हूं कि सब कुछ कितना ड्रेनिंग और थकाऊ है।","আমার অবিরাম কাশি, শ্বাস প্রশ্বাসের সমস্যা এবং ক্লান্তির সাথে আমি লড়াই করে যাচ্ছি। আমার একটি উচ্চ জ্বর রয়েছে এবং কাশির সময় প্রচুর ঘন, মিউকয়েড স্পুটাম উত্পাদন করছি। কীভাবে শুকিয়ে যাওয়া এবং ক্লান্তিকর সবকিছু হয়েছে তার ফলস্বরূপ আমি বর্তমানে অসুস্থ বোধ করছি।"
39,Bronchial Asthma,"My fever is through the roof, and I'm so weak and tired out. I've been coughing up a lot of mucous, and managing all of these symptoms has been really hard. Everything is making me so upset.","मेरा बुखार छत के माध्यम से है, और मैं बहुत कमजोर और थका हुआ हूं। मैं बहुत सारे श्लेष्म को खांसी कर रहा हूं, और इन सभी लक्षणों का प्रबंधन करना वास्तव में कठिन रहा है। सब कुछ मुझे बहुत परेशान कर रहा है।","আমার জ্বর ছাদের মধ্য দিয়ে, এবং আমি খুব দুর্বল এবং ক্লান্ত হয়ে পড়েছি। আমি প্রচুর শ্লেষ্মা কাশি করছি, এবং এই সমস্ত লক্ষণগুলি পরিচালনা করা সত্যিই কঠিন ছিল। সবকিছু আমাকে এত মন খারাপ করছে।"
40,Bronchial Asthma,"Doctor Due to a high fever, I haven't been able to breathe via my nose or mouth for a few days and feelinf too tired. Please recommend some medications for me.","एक तेज बुखार के कारण डॉक्टर, मैं कुछ दिनों के लिए अपनी नाक या मुंह से सांस नहीं ले पाया और बहुत थक गया। कृपया मेरे लिए कुछ दवाओं की सिफारिश करें।","উচ্চ জ্বরের কারণে ডাক্তার, আমি আমার নাক বা মুখের মাধ্যমে কয়েক দিনের জন্য শ্বাস নিতে পারিনি এবং খুব ক্লান্ত বোধ করি। আমার জন্য কিছু ওষুধের পরামর্শ দিন।"
41,Bronchial Asthma,"Hey, I've got a dry cough, trouble breathing, and a high fever. I'm producing a lot of mucus and am feeling quite weak and exhausted.","अरे, मुझे एक सूखी खांसी मिली है, सांस लेने में परेशानी और तेज बुखार है। मैं बहुत सारे बलगम का उत्पादन कर रहा हूं और काफी कमजोर और थका हुआ महसूस कर रहा हूं।","আরে, আমি একটি শুকনো কাশি, শ্বাস নিতে সমস্যা এবং একটি উচ্চ জ্বর পেয়েছি। আমি প্রচুর শ্লেষ্মা উত্পাদন করছি এবং বেশ দুর্বল এবং ক্লান্ত বোধ করছি।"
42,Bronchial Asthma,"I've been coughing nonstop for days, and I also have respiratory issues. My fever is through the roof, and I'm so weak and worn out. All of these symptoms have been really challenging for me to control,","मैं दिनों के लिए नॉनस्टॉप को खांसी कर रहा हूं, और मेरे पास श्वसन मुद्दे भी हैं। मेरा बुखार छत के माध्यम से है, और मैं बहुत कमजोर हूं और खराब हो गया हूं। ये सभी लक्षण मेरे लिए वास्तव में चुनौतीपूर्ण रहे हैं,","আমি কয়েকদিন ধরে ননস্টপ কাশি করছি, এবং আমার শ্বাসকষ্টের সমস্যাও রয়েছে। আমার জ্বর ছাদের মধ্য দিয়ে, এবং আমি খুব দুর্বল এবং জরাজীর্ণ। এই সমস্ত লক্ষণগুলি আমার পক্ষে নিয়ন্ত্রণ করা সত্যিই চ্যালেঞ্জজনক ছিল,"
43,Bronchial Asthma,"In addition to sleepiness, I've been having trouble breathing due to a persistent cough. I've been coughing up a lot of thick, mucoid sputum and have a high fever.","तंद्रा के अलावा, मुझे लगातार खांसी के कारण सांस लेने में परेशानी हो रही है। मैं बहुत मोटी, म्यूकोइड थूक की खांसी कर रहा हूं और एक तेज बुखार है।","নিদ্রাহীনতা ছাড়াও, অবিচ্ছিন্ন কাশির কারণে শ্বাস নিতে আমার সমস্যা হচ্ছে। আমি প্রচুর ঘন, মিউকয়েড স্পুটাম কাশি করছি এবং উচ্চ জ্বর পেয়েছি।"
44,Bronchial Asthma,"I've been struggling to breathe, coughing constantly, and feeling worn out. I have a very high fever and have been coughing up a lot of thick, mucoid saliva. I simply feel so worn out and exhausted from trying to deal with everything.","मैं सांस लेने के लिए संघर्ष कर रहा हूं, लगातार खांसी कर रहा हूं, और बाहर पहना हुआ महसूस कर रहा हूं। मुझे बहुत तेज बुखार है और बहुत अधिक मोटी, म्यूकोइड लार की खांसी कर रही है। मुझे लगता है कि सब कुछ से निपटने की कोशिश करने से बहुत खराब हो गया और थक गया।","আমি শ্বাস নিতে, ক্রমাগত কাশি, এবং ক্লান্ত বোধ করার জন্য লড়াই করে যাচ্ছি। আমার খুব উচ্চ জ্বর রয়েছে এবং প্রচুর ঘন, মিউকয়েড লালা কাশি হয়ে আসছি। আমি কেবল সমস্ত কিছু মোকাবেলা করার চেষ্টা করে এতটা জরাজীর্ণ এবং ক্লান্ত বোধ করি।"
45,Bronchial Asthma,"I've been experiencing difficulty breathing, a chronic cough, and weariness. I've been producing a lot of thick, mucoid sputum while also running a very high temperature. Due to having to cope with all of this, I'm simply feeling extremely worn out and exhausted.","मुझे सांस लेने में कठिनाई हो रही है, एक पुरानी खांसी और थकावट है। मैं बहुत अधिक तापमान चलाते हुए बहुत अधिक मोटी, श्लेष्म थूक का उत्पादन कर रहा हूं। इस सब के साथ सामना करने के कारण, मैं बस बहुत खराब और थका हुआ महसूस कर रहा हूं।","আমি শ্বাস নিতে অসুবিধা, একটি দীর্ঘস্থায়ী কাশি এবং ক্লান্তি অনুভব করছি। আমি খুব উচ্চ তাপমাত্রা চালানোর সময় আমি প্রচুর ঘন, মিউকয়েড স্পুটাম উত্পাদন করছি। এই সমস্তগুলির সাথে লড়াই করার কারণে, আমি কেবল অত্যন্ত জীর্ণ এবং ক্লান্ত বোধ করছি।"
46,Bronchial Asthma,"Hello, Mom and Father Recently, I've felt incredibly worn out and have had a cough that won't go away. My fever is really high, and my breathing has become shallow. Additionally, I've been coughing up a lot of mucous, thick sputum.","हैलो, माँ और पिता हाल ही में, मैंने अविश्वसनीय रूप से पहना महसूस किया है और एक खांसी है जो दूर नहीं जाएगी। मेरा बुखार वास्तव में अधिक है, और मेरी सांस उथली हो गई है। इसके अतिरिक्त, मैं बहुत सारे श्लेष्म, मोटी थूक को खांसी कर रहा हूं।","হ্যালো, মা এবং বাবা সম্প্রতি, আমি অবিশ্বাস্যভাবে জরাজীর্ণ অনুভব করেছি এবং এমন একটি কাশি হয়েছে যা দূরে যাবে না। আমার জ্বর সত্যিই বেশি, এবং আমার শ্বাস অগভীর হয়ে গেছে। অতিরিক্তভাবে, আমি প্রচুর শ্লেষ্মা, ঘন স্পুটাম কাশি করছি।"
47,Bronchial Asthma,"I've been struggling with fatigue and a constant cough that's been making it difficult to breathe. My fever is high, and I've been coughing up a lot of thick, mucoid sputum.","मैं थकान और एक निरंतर खांसी के साथ संघर्ष कर रहा हूं जो सांस लेना मुश्किल बना रहा है। मेरा बुखार अधिक है, और मैं बहुत मोटी, म्यूकोइड थूक को खांसी कर रहा हूं।","আমি ক্লান্তি এবং একটি ধ্রুবক কাশির সাথে লড়াই করে যাচ্ছি যা শ্বাস নিতে অসুবিধে করে চলেছে। আমার জ্বর বেশি, এবং আমি প্রচুর ঘন, মিউকয়েড স্পুটাম কাশি করছি।"
48,Bronchial Asthma,"Doctor Due to a high fever, I haven't been able to breathe via my nose or mouth for a few days and feeling too tired.sometimes mucus has been seen too.Please recommend some medications for me.","डॉक्टर तेज बुखार के कारण, मैं कुछ दिनों के लिए अपनी नाक या मुंह से सांस नहीं ले पाया और बहुत थका हुआ महसूस कर रहा था।","উচ্চ জ্বরের কারণে ডাক্তার, আমি আমার নাক বা মুখের মাধ্যমে কয়েক দিনের জন্য শ্বাস নিতে পারিনি এবং খুব ক্লান্ত বোধ করতে পারিনি ome কিছু সময় শ্লেষ্মাও দেখা গেছে। দয়া করে আমার জন্য কিছু ওষুধের পরামর্শ দিন।"
49,Bronchial Asthma,"I've had ongoing health problems for a week, including a dry cough, breathing difficulties, and general weakness.","मुझे एक सप्ताह के लिए स्वास्थ्य समस्याएं चल रही हैं, जिसमें सूखी खांसी, सांस लेने में कठिनाई और सामान्य कमजोरी शामिल है।","শুকনো কাশি, শ্বাস প্রশ্বাসের অসুবিধা এবং সাধারণ দুর্বলতা সহ এক সপ্তাহ ধরে আমার এক সপ্তাহের জন্য চলমান স্বাস্থ্য সমস্যা রয়েছে।"
50,Hypertension,"I have been experiencing a headache, chest pain, dizziness, and difficulty maintaining my balance. I also feel like I am having trouble concentrating","मैं सिरदर्द, सीने में दर्द, चक्कर आना और अपने संतुलन को बनाए रखने में कठिनाई का अनुभव कर रहा हूं। मुझे यह भी लगता है कि मुझे ध्यान केंद्रित करने में परेशानी हो रही है","আমি মাথা ব্যথা, বুকে ব্যথা, মাথা ঘোরা এবং আমার ভারসাম্য বজায় রাখতে অসুবিধা অনুভব করছি। আমারও মনে হয় আমার মনোনিবেশ করতে সমস্যা হচ্ছে"
51,Hypertension,"Along with a headache, chest pain, instability, and balance issues, I've also been feeling dizzy. I also think I'm having problems focusing.","सिरदर्द, छाती में दर्द, अस्थिरता और संतुलन के मुद्दों के साथ, मैं भी चक्कर महसूस कर रहा हूं। मुझे भी लगता है कि मुझे ध्यान केंद्रित करने में समस्या हो रही है।","মাথাব্যথা, বুকে ব্যথা, অস্থিরতা এবং ভারসাম্যের সমস্যাগুলির পাশাপাশি আমিও চঞ্চল বোধ করছি। আমি আরও মনে করি আমার ফোকাস করতে সমস্যা হচ্ছে।"
52,Hypertension,"Along with a head pain, chest pain, instability, and balance issues, I've also been feeling unwell. I also think I'm having problems focusing.","सिर में दर्द, सीने में दर्द, अस्थिरता और संतुलन के मुद्दों के साथ, मैं भी अस्वस्थ महसूस कर रहा हूं। मुझे भी लगता है कि मुझे ध्यान केंद्रित करने में समस्या हो रही है।","মাথার ব্যথা, বুকে ব্যথা, অস্থিরতা এবং ভারসাম্যের সমস্যাগুলির পাশাপাশি আমি অসুস্থও বোধ করছি। আমি আরও মনে করি আমার ফোকাস করতে সমস্যা হচ্ছে।"
53,Hypertension,"In addition to a head pain, chest pain, instability, and balance issues, I've already been feeling unwell. I also suppose I'm having issues focusing.","एक सिर में दर्द, सीने में दर्द, अस्थिरता और संतुलन के मुद्दों के अलावा, मैं पहले से ही अस्वस्थ महसूस कर रहा हूं। मुझे यह भी लगता है कि मैं ध्यान केंद्रित करने के मुद्दे कर रहे हैं।","মাথার ব্যথা, বুকে ব্যথা, অস্থিরতা এবং ভারসাম্যের সমস্যাগুলি ছাড়াও আমি ইতিমধ্যে অসুস্থ বোধ করছি। আমিও মনে করি আমার দৃষ্টি নিবদ্ধ করা সমস্যা রয়েছে।"
54,Hypertension,"I've been experiencing balance issues, a headache, chest pain, and dizziness. My ability to concentrate and focus has also been challenging.","मैं संतुलन के मुद्दों, एक सिरदर्द, सीने में दर्द और चक्कर आना का अनुभव कर रहा हूं। ध्यान केंद्रित करने और ध्यान केंद्रित करने की मेरी क्षमता भी चुनौतीपूर्ण रही है।","আমি ভারসাম্যের সমস্যা, মাথা ব্যথা, বুকে ব্যথা এবং মাথা ঘোরা অনুভব করছি। আমার মনোনিবেশ এবং ফোকাসের দক্ষতাও চ্যালেঞ্জিং হয়েছে।"
55,Hypertension,"I have been having a headache, chest pain, dizziness, and trouble with my balance. It has also been hard for me to focus and concentrate.","मुझे सिरदर्द, सीने में दर्द, चक्कर आना और अपने संतुलन से परेशानी हो रही है। मेरे लिए ध्यान केंद्रित करना और ध्यान केंद्रित करना भी कठिन रहा है।","আমার ভারসাম্য নিয়ে মাথা ব্যথা, বুকে ব্যথা, মাথা ঘোরা এবং ঝামেলা হচ্ছে। আমার পক্ষে মনোনিবেশ করা এবং মনোনিবেশ করাও কঠিন ছিল।"
56,Hypertension,"I've been encountering trouble walking, a headache, chest pain, and dizziness. My concentration skills and focus has also been challenging.","मैं चलने में परेशानी का सामना कर रहा हूं, एक सिरदर्द, सीने में दर्द और चक्कर आना। मेरा एकाग्रता कौशल और ध्यान भी चुनौतीपूर्ण रहा है।","আমি হাঁটতে সমস্যা, মাথা ব্যথা, বুকে ব্যথা এবং মাথা ঘোরা হয়েছে। আমার ঘনত্বের দক্ষতা এবং ফোকাসও চ্যালেঞ্জিং হয়েছে।"
57,Hypertension,"I've been encountering poor balance, a headache, chest pain, and dizziness. My ability to pay attention and focus has also been problematic.","मैं खराब संतुलन, सिरदर्द, सीने में दर्द और चक्कर आना का सामना कर रहा हूं। ध्यान देने और ध्यान केंद्रित करने की मेरी क्षमता भी समस्याग्रस्त रही है।","আমি দুর্বল ভারসাম্য, মাথা ব্যথা, বুকে ব্যথা এবং মাথা ঘোরা হয়েছে। আমার মনোযোগ এবং ফোকাস দেওয়ার ক্ষমতাও সমস্যাযুক্ত।"
58,Hypertension,"My coordination has been off, and I've been experiencing a headache, chest pain, and dizziness. Additionally, I've had trouble concentrating and focusing.","मेरा समन्वय बंद हो गया है, और मैं सिरदर्द, सीने में दर्द और चक्कर आना का अनुभव कर रहा हूं। इसके अतिरिक्त, मुझे ध्यान केंद्रित करने और ध्यान केंद्रित करने में परेशानी हुई है।","আমার সমন্বয় বন্ধ হয়ে গেছে, এবং আমি মাথা ব্যথা, বুকে ব্যথা এবং মাথা ঘোরা অনুভব করছি। অতিরিক্তভাবে, আমি মনোনিবেশ করতে এবং ফোকাস করতে সমস্যা করেছি।"
59,Hypertension,"My symptoms include a headache, chest pain, dizziness, lack of balance, and trouble concentrating.","मेरे लक्षणों में एक सिरदर्द, सीने में दर्द, चक्कर आना, संतुलन की कमी और ध्यान केंद्रित करने में परेशानी शामिल है।","আমার লক্ষণগুলির মধ্যে একটি মাথা ব্যথা, বুকে ব্যথা, মাথা ঘোরা, ভারসাম্যের অভাব এবং মনোনিবেশ করতে সমস্যা অন্তর্ভুক্ত।"
60,Hypertension,"I have been experiencing symptoms such as a headache, chest pain, dizziness, loss of balance, and difficulty focusing.","मैं सिरदर्द, सीने में दर्द, चक्कर आना, संतुलन की हानि और ध्यान केंद्रित करने में कठिनाई जैसे लक्षणों का अनुभव कर रहा हूं।","আমি মাথা ব্যথা, বুকে ব্যথা, মাথা ঘোরা, ভারসাম্য হ্রাস এবং ফোকাস করতে অসুবিধা হিসাবে লক্ষণগুলি অনুভব করছি।"
61,Hypertension,"I've been suffering from symptoms including a headache, chest pain, dizziness, losing my balance, and trouble concentrating.","मैं सिरदर्द, सीने में दर्द, चक्कर आना, अपना संतुलन खोने और ध्यान केंद्रित करने में परेशानी सहित लक्षणों से पीड़ित हूं।","আমি মাথা ব্যথা, বুকে ব্যথা, মাথা ঘোরা, আমার ভারসাম্য হারাতে এবং মনোনিবেশ করতে সমস্যা সহ লক্ষণগুলিতে ভুগছি।"
62,Hypertension,"Headache, chest discomfort, dizziness, lack of balance, and difficulty concentrating are some of the symptoms I've been having.","सिरदर्द, छाती की असुविधा, चक्कर आना, संतुलन की कमी, और ध्यान केंद्रित करने में कठिनाई कुछ लक्षण हैं जो मेरे पास हो रहे हैं।","মাথাব্যথা, বুকের অস্বস্তি, মাথা ঘোরা, ভারসাম্যের অভাব এবং মনোনিবেশ করতে অসুবিধা হ'ল আমার কয়েকটি লক্ষণ।"
63,Hypertension,"Along with a headache and chest pain, I also experienced fainting and balance issues. Additionally, I've discovered that it's hard for me to focus.","सिरदर्द और सीने में दर्द के साथ, मैंने बेहोशी और संतुलन के मुद्दों का भी अनुभव किया। इसके अतिरिक्त, मुझे पता चला है कि मेरे लिए ध्यान केंद्रित करना कठिन है।","মাথাব্যথা এবং বুকে ব্যথার পাশাপাশি আমি অজ্ঞান এবং ভারসাম্য সংক্রান্ত সমস্যাগুলিও অনুভব করেছি। অতিরিক্তভাবে, আমি আবিষ্কার করেছি যে আমার পক্ষে ফোকাস করা শক্ত।"
64,Hypertension,"I've been experiencing balance issues, a headache, chest pain, and dizziness. I've also realised that I'm having trouble focusing.","मैं संतुलन के मुद्दों, एक सिरदर्द, सीने में दर्द और चक्कर आना का अनुभव कर रहा हूं। मुझे यह भी एहसास हुआ है कि मुझे ध्यान केंद्रित करने में परेशानी हो रही है।","আমি ভারসাম্যের সমস্যা, মাথা ব্যথা, বুকে ব্যথা এবং মাথা ঘোরা অনুভব করছি। আমি আরও বুঝতে পেরেছি যে আমার ফোকাস করতে সমস্যা হচ্ছে।"
65,Hypertension,"My balance has been off, and I have a headache, chest pain, and dizziness. I've also observed that it's hard for me to concentrate.","मेरा संतुलन बंद हो गया है, और मुझे सिरदर्द, सीने में दर्द और चक्कर आना है। मैंने यह भी देखा है कि मेरे लिए ध्यान केंद्रित करना कठिन है।","আমার ভারসাম্য বন্ধ হয়ে গেছে, এবং আমার মাথাব্যথা, বুকে ব্যথা এবং মাথা ঘোরা হয়েছে। আমি আরও পর্যবেক্ষণ করেছি যে আমার পক্ষে মনোনিবেশ করা কঠিন।"
66,Hypertension,"I've been experiencing balance issues, chest pain, headaches, and pains. I've been having trouble focusing as well.","मैं संतुलन के मुद्दों, सीने में दर्द, सिरदर्द और दर्द का अनुभव कर रहा हूं। मुझे ध्यान केंद्रित करने में भी परेशानी हो रही है।","আমি ভারসাম্যের সমস্যা, বুকে ব্যথা, মাথাব্যথা এবং ব্যথা অনুভব করছি। আমার পাশাপাশি ফোকাস করতে সমস্যা হচ্ছে।"
67,Hypertension,"I have been experiencing chest pain, dizziness, and a headache that feels like a continual pressure in my forehead.","मुझे सीने में दर्द, चक्कर आना, और एक सिरदर्द का अनुभव हो रहा है जो मेरे माथे में एक निरंतर दबाव की तरह महसूस करता है।","আমি বুকে ব্যথা, মাথা ঘোরা এবং মাথাব্যথা অনুভব করছি যা আমার কপালে ক্রমাগত চাপের মতো অনুভব করে।"
68,Hypertension,"I have been feeling lightheaded and unsteady on my feet, and have also noticed a decline in my ability to focus and concentrate.","मैं अपने पैरों पर प्रकाशस्तंभ और अस्थिर महसूस कर रहा हूं, और ध्यान केंद्रित करने और ध्यान केंद्रित करने की मेरी क्षमता में भी गिरावट देखी है।",আমি আমার পায়ে হালকা মাথা এবং অস্থির বোধ করছি এবং আমার ফোকাস এবং মনোনিবেশ করার ক্ষমতা হ্রাসও লক্ষ্য করেছি।
69,Hypertension,"I've been experiencing dizziness and shakiness, as well as a loss in my attention span and ability to concentrate.","मैं चक्कर आना और शकीनेस का अनुभव कर रहा हूं, साथ ही मेरे ध्यान की अवधि और ध्यान केंद्रित करने की क्षमता में एक नुकसान भी।",আমি মাথা ঘোরা এবং ঝাঁকুনির পাশাপাশি আমার মনোযোগের সময় এবং মনোনিবেশ করার ক্ষমতা হ্রাস পেয়েছি।
70,Hypertension,"I've been experiencing dizziness and anxiousness, as well as a loss in my attention and concentration and ability to concentrate.","मैं चक्कर और चिंता का अनुभव कर रहा हूं, साथ ही मेरे ध्यान और एकाग्रता और ध्यान केंद्रित करने की क्षमता में एक नुकसान भी।",আমি মাথা ঘোরা এবং উদ্বেগের পাশাপাশি আমার মনোযোগ এবং ঘনত্ব এবং মনোনিবেশ করার ক্ষমতা হ্রাস পেয়েছি।
71,Hypertension,"I've had intense aches in my chest, a headache that won't go away, and I've been feeling dizzy and unsteady.","मुझे अपनी छाती में तीव्र दर्द हुआ, एक सिरदर्द जो दूर नहीं जाएगा, और मैं चक्करदार और अस्थिर महसूस कर रहा हूं।","আমি আমার বুকে তীব্র ব্যথা করেছি, মাথাব্যথা যা দূরে যাবে না, এবং আমি চঞ্চল এবং অস্থির বোধ করছি।"
72,Hypertension,"I've had intense aches in my chest, a head  pain that refuses to go away, and I've been feeling dizzy and unsteady.","मुझे अपनी छाती में तीव्र दर्द हुआ, एक सिर का दर्द जो दूर जाने से इनकार करता है, और मैं चक्कर और अस्थिर महसूस कर रहा हूं।","আমি আমার বুকে তীব্র ব্যথা করেছি, মাথার ব্যথা যা চলে যেতে অস্বীকার করে এবং আমি চঞ্চল এবং অস্থির বোধ করছি।"
73,Hypertension,"Along with chest pain, dizziness, and a headache that feels like a narrow zone around my head, I have been having a lot of trouble.","सीने में दर्द, चक्कर आना, और एक सिरदर्द जो मेरे सिर के चारों ओर एक संकीर्ण क्षेत्र की तरह महसूस करता है, मुझे बहुत परेशानी हो रही है।","বুকে ব্যথা, মাথা ঘোরা এবং মাথাব্যথার পাশাপাশি আমার মাথার চারপাশে একটি সরু অঞ্চলের মতো অনুভূত হয়, আমার অনেক সমস্যা হচ্ছে।"
74,Hypertension,"I have been struggling with a headache that feels like a tight band around my head, along with chest pain and dizziness.","मैं एक सिरदर्द के साथ संघर्ष कर रहा हूं जो मेरे सिर के चारों ओर एक तंग बैंड की तरह महसूस करता है, साथ ही सीने में दर्द और चक्कर आना।","আমি এমন মাথাব্যথার সাথে লড়াই করে যাচ্ছি যা আমার মাথার চারপাশে একটি শক্ত ব্যান্ডের মতো অনুভব করে, পাশাপাশি বুকে ব্যথা এবং মাথা ঘোরা।"
75,Hypertension,I've been experiencing balance issues in addition to feeling disoriented and dizzy. My headache has also been present nonstop.,मैं भटकाव और चक्कर महसूस करने के अलावा संतुलन के मुद्दों का अनुभव कर रहा हूं। मेरा सिरदर्द भी नॉनस्टॉप मौजूद है।,আমি দিশেহারা এবং চঞ্চল বোধ করা ছাড়াও ভারসাম্য সংক্রান্ত সমস্যাগুলি অনুভব করছি। আমার মাথাব্যথাও উপস্থিত রয়েছে ননস্টপ।
76,Hypertension,"I have been feeling disoriented and dizzy, and have also had trouble keeping my balance. My headache has been a constant presence as well.","मैं भटकाव और चक्कर महसूस कर रहा हूं, और मुझे अपना संतुलन बनाए रखने में भी परेशानी हुई है। मेरे सिरदर्द के साथ -साथ निरंतर उपस्थिति भी रही है।",আমি দিশেহারা এবং চঞ্চল বোধ করছি এবং আমার ভারসাম্য বজায় রাখতেও সমস্যা হয়েছে। আমার মাথাব্যথাও একটি ধ্রুবক উপস্থিতি হয়েছে।
77,Hypertension,"I've been experiencing balance issues along with feeling dizzy and lightheaded. Additionally, I've seen a drop in my concentration and focus.","मैं चक्करदार और लाइटहेड महसूस करने के साथ -साथ संतुलन के मुद्दों का अनुभव कर रहा हूं। इसके अतिरिक्त, मैंने अपनी एकाग्रता और फोकस में गिरावट देखी है।","আমি চঞ্চল এবং হালকা মাথায় অনুভূতির পাশাপাশি ভারসাম্য সংক্রান্ত সমস্যাগুলি অনুভব করছি। অতিরিক্তভাবে, আমি আমার ঘনত্ব এবং ফোকাসে একটি ড্রপ দেখেছি।"
78,Hypertension,"In addition to feeling dizzy and lightheaded, I've been having problems keeping my equilibrium. My capacity to concentrate and focus has also been slipping, I've noticed.","चक्कर और लाइटहेड महसूस करने के अलावा, मुझे अपने संतुलन को बनाए रखने में समस्या हो रही है। ध्यान केंद्रित करने और ध्यान केंद्रित करने की मेरी क्षमता भी फिसल रही है, मैंने देखा है।","চঞ্চল এবং হালকা মাথা বোধ করা ছাড়াও, আমার ভারসাম্য বজায় রাখতে আমার সমস্যা হচ্ছে। আমার মনোনিবেশ এবং ফোকাসের ক্ষমতাও পিছলে যাচ্ছে, আমি লক্ষ্য করেছি।"
79,Hypertension,"I have been experiencing a headache that feels like a sharp pain in my temples, along with chest pain and dizziness.","मैं एक सिरदर्द का अनुभव कर रहा हूं जो मेरे मंदिरों में एक तेज दर्द की तरह महसूस करता है, साथ ही सीने में दर्द और चक्कर आना।","আমি এমন একটি মাথাব্যথা অনুভব করছি যা আমার মন্দিরগুলিতে তীব্র ব্যথার মতো অনুভব করে, বুকে ব্যথা এবং মাথা ঘোরা।"
80,Hypertension,"Along with a chest pain and dizziness, I've had a headache that seems like a sharp pain in my forehead.","सीने में दर्द और चक्कर आने के साथ, मुझे एक सिरदर्द है जो मेरे माथे में एक तेज दर्द की तरह लगता है।","বুকে ব্যথা এবং মাথা ঘোরা সহ, আমার মাথাব্যথা ছিল যা আমার কপালে তীব্র ব্যথার মতো মনে হয়।"
81,Hypertension,"I have been feeling fine all day, but suddenly developed a headache, chest pain, and dizziness while out for a walk. It's been hard for me to focus and concentrate since then.","मैं पूरे दिन ठीक महसूस कर रहा हूं, लेकिन अचानक टहलने के लिए बाहर निकलते समय सिरदर्द, सीने में दर्द और चक्कर आना। मेरे लिए तब से ध्यान केंद्रित करना और ध्यान केंद्रित करना कठिन है।","আমি সারাদিন ভাল বোধ করছি, তবে হঠাৎ হাঁটতে হাঁটতে হাঁটতে হাঁটতে মাথা ব্যথা, বুকে ব্যথা এবং মাথা ঘোরা বিকাশ করা হয়েছিল। তখন থেকে আমার ফোকাস করা এবং মনোনিবেশ করা আমার পক্ষে কঠিন ছিল।"
82,Hypertension,"While taking a walk, I suddenly started experiencing headache, chest pain, and dizziness after feeling fine all day. Since then, it has been challenging for me to concentrate and focus.","टहलते समय, मैंने अचानक पूरे दिन ठीक महसूस करने के बाद सिरदर्द, सीने में दर्द और चक्कर आना शुरू कर दिया। तब से, मेरे लिए ध्यान केंद्रित करना और ध्यान केंद्रित करना चुनौतीपूर्ण रहा है।","হাঁটতে হাঁটতে আমি হঠাৎ করে সারাদিন ভাল লাগার পরে মাথা ব্যথা, বুকে ব্যথা এবং মাথা ঘোরা অনুভব করতে শুরু করি। সেই থেকে, আমার পক্ষে মনোনিবেশ করা এবং ফোকাস করা চ্যালেঞ্জ ছিল।"
83,Hypertension,"I woke up this morning with a headache and chest pain, and as the day has gone on, I've also been feeling dizzy and unsteady on my feet","मैं आज सुबह सिरदर्द और सीने में दर्द के साथ जाग गया, और जैसे -जैसे दिन आगे बढ़ता है, मैं भी अपने पैरों पर चक्कर और अस्थिर महसूस कर रहा हूं","আমি আজ সকালে মাথা ব্যথা এবং বুকে ব্যথা নিয়ে ঘুম থেকে উঠেছি, এবং দিনটি চলতে থাকায় আমিও আমার পায়ে চঞ্চল ও অস্থির বোধ করছি"
84,Hypertension,"I had a headache and chest pain this morning, and as the day wore on, I also started to feel unsteady and unstable on my feet.","मुझे आज सुबह सिरदर्द और सीने में दर्द था, और जैसे -जैसे दिन पहना जाता था, मैं भी अपने पैरों पर अस्थिर और अस्थिर महसूस करने लगा।","আজ সকালে আমার মাথাব্যথা এবং বুকে ব্যথা হয়েছিল, এবং দিনটি শুরু হওয়ার সাথে সাথে আমি আমার পায়ে অস্থির এবং অস্থিরতাও অনুভব করতে শুরু করি।"
85,Hypertension,"I have been dealing with a headache and chest pain for a few days now, but today the dizziness and loss of balance became much worse.","मैं कुछ दिनों से सिरदर्द और सीने में दर्द से निपट रहा हूं, लेकिन आज चक्कर आना और संतुलन का नुकसान बहुत खराब हो गया।","আমি এখন কয়েক দিন ধরে মাথা ব্যথা এবং বুকে ব্যথা নিয়ে কাজ করছি, তবে আজ মাথা ঘোরা এবং ভারসাম্য হ্রাস আরও খারাপ হয়ে উঠেছে।"
86,Hypertension,"For a few days now, I've been suffering from a headache and chest pain, but today the dizziness and lack of balance got considerably worse.","अब कुछ दिनों के लिए, मैं सिरदर्द और सीने में दर्द से पीड़ित हूं, लेकिन आज चक्कर आना और संतुलन की कमी काफी खराब हो गई।","কিছু দিন ধরে, আমি মাথা ব্যথা এবং বুকে ব্যথায় ভুগছি, তবে আজ মাথা ঘোরা এবং ভারসাম্যের অভাব যথেষ্ট খারাপ হয়ে উঠেছে।"
87,Hypertension,"I was at work when I started feeling a headache, chest pain, and dizziness. It's been hard for me to concentrate and focus on my tasks since then.","मैं काम पर था जब मैंने सिरदर्द, सीने में दर्द और चक्कर आना शुरू कर दिया। तब से मेरे कार्यों पर ध्यान केंद्रित करना और ध्यान केंद्रित करना मेरे लिए कठिन है।","আমি যখন মাথা ব্যথা, বুকে ব্যথা এবং মাথা ঘোরা অনুভব করতে শুরু করি তখন আমি কর্মস্থলে ছিলাম। তখন থেকে আমার কাজগুলিতে মনোনিবেশ করা এবং মনোনিবেশ করা আমার পক্ষে কঠিন ছিল।"
88,Hypertension,"When I first experienced a headache, chest pain, and lightheadedness, I was at work. Since then, it has been challenging for me to focus and concentrate on my work.","जब मैंने पहली बार सिरदर्द, सीने में दर्द और प्रकाशस्तंभ का अनुभव किया, तो मैं काम पर था। तब से, मेरे लिए अपने काम पर ध्यान केंद्रित करना और ध्यान केंद्रित करना चुनौतीपूर्ण रहा है।","আমি যখন প্রথম মাথা ব্যাথা, বুকে ব্যথা এবং হালকা মাথাব্যথা অনুভব করি তখন আমি কাজ করছিলাম। সেই থেকে, আমার কাজের প্রতি মনোনিবেশ করা এবং মনোনিবেশ করা আমার পক্ষে চ্যালেঞ্জ ছিল।"
89,Hypertension,"I was in the middle of a workout when I suddenly developed a headache, chest pain, and dizziness. It's been hard for me to maintain my balance since then","मैं एक कसरत के बीच में था जब मैंने अचानक सिरदर्द, सीने में दर्द और चक्कर आना विकसित किया। तब से अपना संतुलन बनाए रखना मेरे लिए कठिन है","আমি যখন হঠাৎ মাথা ব্যথা, বুকে ব্যথা এবং মাথা ঘোরা বিকাশ করেছি তখন আমি একটি ওয়ার্কআউটের মাঝখানে ছিলাম। তখন থেকে আমার ভারসাম্য বজায় রাখা আমার পক্ষে কঠিন ছিল"
90,Hypertension,"I instantly experienced a headache, chest pain, and dizziness while working out. Since then, it has been challenging for me to keep my balance.","मैंने तुरंत काम करते समय सिरदर्द, सीने में दर्द और चक्कर आना का अनुभव किया। तब से, मेरे लिए अपना संतुलन बनाए रखना चुनौतीपूर्ण रहा है।","আমি তাত্ক্ষণিকভাবে মাথাব্যথা, বুকে ব্যথা এবং মাথা ঘামানোর সময় অনুভব করেছি। সেই থেকে আমার ভারসাম্য বজায় রাখা আমার পক্ষে চ্যালেঞ্জিং ছিল।"
91,Hypertension,"I have been feeling fine all day, but suddenly developed a headache, chest pain, and dizziness while driving home from work. It's been hard for me to focus and concentrate on the road since then.","मैं पूरे दिन ठीक महसूस कर रहा हूं, लेकिन अचानक काम से घर चलाने के दौरान सिरदर्द, सीने में दर्द और चक्कर आना। तब से सड़क पर ध्यान केंद्रित करना और ध्यान केंद्रित करना मेरे लिए कठिन है।","আমি সারাদিন ভাল বোধ করছি, তবে হঠাৎ করে কাজ থেকে বাড়ি গাড়ি চালানোর সময় মাথা ব্যথা, বুকে ব্যথা এবং মাথা ঘোরা গড়ে উঠেছে। তখন থেকে রাস্তায় মনোনিবেশ করা এবং মনোনিবেশ করা আমার পক্ষে কঠিন ছিল।"
92,Hypertension,"I felt fine all day, but when I was driving home from work, I suddenly started to have headache, chest discomfort, and dizziness. Since then, it has been challenging for me to concentrate and focus while driving.","मुझे पूरे दिन ठीक लगा, लेकिन जब मैं काम से घर चला रहा था, तो मुझे अचानक सिरदर्द, सीने की परेशानी और चक्कर आना शुरू हो गया। तब से, ड्राइविंग करते समय ध्यान केंद्रित करना और ध्यान केंद्रित करना मेरे लिए चुनौतीपूर्ण रहा है।","আমি সারাদিন ভাল অনুভব করেছি, তবে আমি যখন কাজ থেকে বাড়ি গাড়ি চালাচ্ছিলাম তখন হঠাৎ আমার মাথা ব্যথা, বুকের অস্বস্তি এবং মাথা ঘোরা শুরু হয়েছিল। সেই থেকে, ড্রাইভিংয়ের সময় আমার মনোনিবেশ করা এবং ফোকাস করা চ্যালেঞ্জ ছিল।"
93,Hypertension,"I was out shopping when I started feeling a headache, chest pain, and dizziness. It's been hard for me to focus and concentrate on my tasks since then.","मैं खरीदारी कर रहा था जब मुझे सिरदर्द, सीने में दर्द और चक्कर आना शुरू हो गया। तब से मेरे कार्यों पर ध्यान केंद्रित करना और ध्यान केंद्रित करना मेरे लिए कठिन है।","আমি যখন মাথাব্যথা, বুকে ব্যথা এবং মাথা ঘোরা অনুভব করতে শুরু করি তখন আমি কেনাকাটা থেকে বের ছিলাম। তখন থেকে আমার কাজগুলিতে মনোনিবেশ করা এবং মনোনিবেশ করা আমার পক্ষে কঠিন ছিল।"
94,Hypertension,"When I first experienced a headache, chest pain, and lightheadedness, I was out shopping. Since then, it has been difficult for me to concentrate on my work.","जब मैंने पहली बार सिरदर्द, सीने में दर्द और प्रकाशस्तंभ का अनुभव किया, तो मैं खरीदारी कर रहा था। तब से, मेरे लिए अपने काम पर ध्यान केंद्रित करना मुश्किल हो गया है।","আমি যখন প্রথম মাথা ব্যথা, বুকে ব্যথা এবং হালকা মাথাব্যথার অভিজ্ঞতা পেয়েছি তখন আমি কেনাকাটা করতে বেরিয়েছিলাম। সেই থেকে আমার কাজের প্রতি মনোনিবেশ করা আমার পক্ষে কঠিন ছিল।"
95,Hypertension,"I woke up this morning feeling fine, but as the day went on, I started experiencing a headache, chest pain, and dizziness. It's been hard for me to focus and concentrate on my work since then.","मैं आज सुबह ठीक महसूस कर रहा था, लेकिन जैसे -जैसे दिन बीतता गया, मुझे सिरदर्द, सीने में दर्द और चक्कर आना शुरू हो गया। तब से मेरे काम पर ध्यान केंद्रित करना और ध्यान केंद्रित करना मेरे लिए कठिन है।","আমি আজ সকালে ঘুম থেকে উঠেছি ভাল লাগছে, কিন্তু দিনটি চলার সাথে সাথে আমি মাথা ব্যথা, বুকে ব্যথা এবং মাথা ঘোরা শুরু করতে শুরু করি। তখন থেকেই আমার কাজের দিকে মনোনিবেশ করা এবং মনোনিবেশ করা আমার পক্ষে কঠিন ছিল।"
96,Hypertension,"I felt good when I woke up this morning, but as the day wore on, I began to feel headachey, sick to my stomach, and dizzy. Since then, it has been challenging for me to concentrate and focus on my work.","मुझे अच्छा लगा जब मैं आज सुबह उठा, लेकिन जैसे -जैसे दिन पहना जाता, मैं सिर परती महसूस करने लगा, मेरे पेट में बीमार, और चक्कर आ गया। तब से, मेरे लिए अपने काम पर ध्यान केंद्रित करना और ध्यान केंद्रित करना चुनौतीपूर्ण रहा है।","আমি আজ সকালে ঘুম থেকে উঠলে আমি ভাল অনুভব করেছি, তবে দিনটি যখনই এটি ছিল, আমি মাথা ব্যথা অনুভব করতে শুরু করি, আমার পেটে অসুস্থ এবং চঞ্চল হয়ে পড়েছিলাম। সেই থেকে, আমার পক্ষে মনোনিবেশ করা এবং আমার কাজের দিকে মনোনিবেশ করা আমার পক্ষে চ্যালেঞ্জ ছিল।"
97,Hypertension,"I was in the middle of a meeting when I suddenly developed a headache, chest pain, and dizziness. It's been hard for me to focus and concentrate on the discussion since then.","मैं एक बैठक के बीच में था जब मैंने अचानक सिरदर्द, सीने में दर्द और चक्कर आना विकसित किया। तब से चर्चा पर ध्यान केंद्रित करना और ध्यान केंद्रित करना मेरे लिए कठिन है।","আমি যখন হঠাৎ মাথা ব্যথা, বুকে ব্যথা এবং মাথা ঘোরা বিকাশ করেছি তখন আমি একটি সভার মাঝামাঝি ছিলাম। তখন থেকে আলোচনায় মনোনিবেশ করা এবং মনোনিবেশ করা আমার পক্ষে কঠিন ছিল।"
98,Hypertension,"I suddenly experienced a headache, chest pain, and dizziness in the middle of a conference. Since then, it has been challenging for me to concentrate and focus on the topic.","मैंने अचानक एक सम्मेलन के बीच में सिरदर्द, सीने में दर्द और चक्कर आना का अनुभव किया। तब से, मेरे लिए इस विषय पर ध्यान केंद्रित करना और ध्यान केंद्रित करना चुनौतीपूर्ण रहा है।","আমি হঠাৎ একটি সম্মেলনের মাঝখানে মাথা ব্যথা, বুকে ব্যথা এবং মাথা ঘোরা অনুভব করেছি। সেই থেকে, বিষয়টিতে মনোনিবেশ করা এবং মনোনিবেশ করা আমার পক্ষে চ্যালেঞ্জ ছিল।"
99,Hypertension,"I have been feeling fine all day, but suddenly developed a headache, chest pain, and dizziness while out for a run. It's been hard for me to maintain my balance since then","मैं पूरे दिन ठीक महसूस कर रहा हूं, लेकिन अचानक एक रन के लिए बाहर निकलते समय सिरदर्द, सीने में दर्द और चक्कर आना। तब से अपना संतुलन बनाए रखना मेरे लिए कठिन है","আমি সারাদিন ভাল বোধ করছি, তবে হঠাৎ করে মাথাব্যথা, বুকে ব্যথা এবং মাথা ঘোরা গিয়ে রানের জন্য বেরিয়ে এসেছিল। তখন থেকে আমার ভারসাম্য বজায় রাখা আমার পক্ষে কঠিন ছিল"
100,Migraine,"I have been experiencing acidity and indigestion after meals, as well as frequent headaches and blurred vision.","मैं भोजन के बाद अम्लता और अपच का अनुभव कर रहा हूं, साथ ही साथ लगातार सिरदर्द और धुंधली दृष्टि भी।",আমি খাবারের পরে অম্লতা এবং বদহজমের পাশাপাশি ঘন ঘন মাথা ব্যথা এবং অস্পষ্ট দৃষ্টিভঙ্গি অনুভব করছি।
101,Migraine,"I've been getting frequent headaches and hazy vision, as well as acid reflux and indigestion after meals.","मुझे लगातार सिरदर्द और धुंधला दृष्टि मिल रही है, साथ ही भोजन के बाद एसिड रिफ्लक्स और अपच भी है।","আমি ঘন ঘন মাথাব্যথা এবং আড়ম্বরপূর্ণ দৃষ্টি পেয়েছি, পাশাপাশি খাওয়ার পরে অ্যাসিড রিফ্লাক্স এবং বদহজম।"
102,Migraine,"I have been having trouble with my vision, seeing things as distorted and experiencing visual disturbances.","मुझे अपनी दृष्टि से परेशानी हो रही है, चीजों को विकृत के रूप में देखकर और दृश्य गड़बड़ी का अनुभव करना।","আমি আমার দৃষ্টি নিয়ে সমস্যা করছি, জিনিসগুলি বিকৃত হিসাবে দেখে এবং ভিজ্যুয়াল ব্যাঘাতের অভিজ্ঞতা অর্জন করে।"
103,Migraine,"I've been suffering visual disruptions, seeing things as distorted, and eyesight problems.","मैं दृश्य व्यवधानों को पीड़ित कर रहा हूं, चीजों को विकृत और दृष्टि की समस्याओं के रूप में देख रहा हूं।","আমি ভিজ্যুয়াল বাধাগুলি ভোগ করছি, জিনিসগুলি বিকৃত হিসাবে দেখছি এবং দৃষ্টিশক্তি সমস্যাগুলি দেখছি।"
104,Migraine,"I've been facing visual disruptions, seeing things as distorted, and eyesight difficulties.","मैं दृश्य व्यवधानों का सामना कर रहा हूं, चीजों को विकृत और दृष्टि की कठिनाइयों के रूप में देख रहा हूं।","আমি ভিজ্যুয়াল বাধাগুলির মুখোমুখি হয়েছি, জিনিসগুলি বিকৃত হিসাবে দেখছি এবং দৃষ্টিশক্তি অসুবিধাগুলি দেখছি।"
105,Migraine,"I have been feeling excessively hungry, even after eating, and have had a stiff neck.","मैं खाने के बाद भी अत्यधिक भूखा महसूस कर रहा हूं, और एक कठोर गर्दन है।","আমি খাওয়ার পরেও অত্যধিক ক্ষুধার্ত বোধ করছি, এবং ঘাড়ে কড়া হয়েছে।"
106,Migraine,"I've been facing visual disruptions, seeing things as distorted, and eyesight difficulties.","मैं दृश्य व्यवधानों का सामना कर रहा हूं, चीजों को विकृत और दृष्टि की कठिनाइयों के रूप में देख रहा हूं।","আমি ভিজ্যুয়াল বাধাগুলির মুখোমুখি হয়েছি, জিনিসগুলি বিকৃত হিসাবে দেখছি এবং দৃষ্টিশক্তি অসুবিধাগুলি দেখছি।"
107,Migraine,"I've been grumpy and gloomy lately, and I've also noticed a change in my vision.","मैं हाल ही में क्रोधी और उदास हो गया हूं, और मैंने अपनी दृष्टि में बदलाव भी देखा है।",আমি ইদানীং কৃপণ এবং অন্ধকার হয়ে পড়েছি এবং আমি আমার দৃষ্টিভঙ্গির পরিবর্তনও লক্ষ্য করেছি।
108,Migraine,"I have been feeling depressed and irritable, and have noticed a change in my vision.","मैं उदास और चिड़चिड़ा महसूस कर रहा हूं, और अपनी दृष्टि में बदलाव देखा है।",আমি হতাশাগ্রস্ত ও খিটখিটে বোধ করছি এবং আমার দৃষ্টিভঙ্গির পরিবর্তন লক্ষ্য করেছি।
109,Migraine,"I've been irritated and depressed lately, and I've also noticed a change in my vision.","मैं हाल ही में चिढ़ और उदास हो गया हूं, और मैंने अपनी दृष्टि में बदलाव भी देखा है।",আমি ইদানীং বিরক্ত ও হতাশ হয়ে পড়েছি এবং আমি আমার দৃষ্টিভঙ্গির পরিবর্তনও লক্ষ্য করেছি।
110,Migraine,"Along with recurrent headaches and blurred vision, I suffer acid reflux and trouble digesting my food.","आवर्तक सिरदर्द और धुंधली दृष्टि के साथ, मैं एसिड रिफ्लक्स और अपने भोजन को पचाने में परेशानी करता हूं।",পুনরাবৃত্ত মাথাব্যথা এবং অস্পষ্ট দৃষ্টিভঙ্গির পাশাপাশি আমি অ্যাসিড রিফ্লাক্স এবং আমার খাবার হজম করতে সমস্যায় ভুগছি।
111,Migraine,"I have been experiencing acid reflux and difficulty digesting my food, along with regular headaches and impaired vision","मैं एसिड रिफ्लक्स का अनुभव कर रहा हूं और अपने भोजन को पचाने में कठिनाई कर रहा हूं, साथ ही नियमित सिरदर्द और बिगड़ा हुआ दृष्टि",আমি নিয়মিত মাথাব্যথা এবং প্রতিবন্ধী দৃষ্টি সহ অ্যাসিড রিফ্লাক্স এবং আমার খাবার হজম করতে অসুবিধা বোধ করছি
112,Migraine,"I have been feeling hungry all the time and have had a sore neck, as well as problems with my vision.","मैं हर समय भूखा महसूस कर रहा हूं और एक गले में खराश है, साथ ही साथ मेरी दृष्टि के साथ समस्याएं भी हैं।","আমি সারাক্ষণ ক্ষুধার্ত বোধ করছি এবং ঘাড়ে ঘা পেয়েছি, পাশাপাশি আমার দৃষ্টি নিয়ে সমস্যা রয়েছে।"
113,Migraine,"In addition to having a stiff neck and eye issues, I have been always hungry.","एक कठोर गर्दन और आंखों के मुद्दों के अलावा, मैं हमेशा भूखा रहा हूं।","শক্ত ঘাড় এবং চোখের সমস্যাগুলি ছাড়াও, আমি সর্বদা ক্ষুধার্ত ছিলাম।"
114,Migraine,"I have been experiencing acidity, indigestion, headaches, and blurred and distorted vision, as well as excessive hunger, a stiff neck, depression, irritability, and visual disturbance.","मैं अम्लता, अपच, सिरदर्द, और धुंधली और विकृत दृष्टि का अनुभव कर रहा हूं, साथ ही साथ अत्यधिक भूख, एक कठोर गर्दन, अवसाद, चिड़चिड़ापन और दृश्य गड़बड़ी।","আমি অম্লতা, বদহজম, মাথা ব্যথা এবং অস্পষ্ট এবং বিকৃত দৃষ্টিভঙ্গি, পাশাপাশি অতিরিক্ত ক্ষুধা, একটি শক্ত ঘাড়, হতাশা, বিরক্তিকরতা এবং ভিজ্যুয়াল ব্যাঘাতের অভিজ্ঞতা অর্জন করছি।"
115,Migraine,"Along with excessive appetite, a stiff neck, depression, impatience, and visual disturbance, I've also been having indigestion, headaches, blurred vision, and acid reflux.","अत्यधिक भूख, एक कठोर गर्दन, अवसाद, अधीरता और दृश्य गड़बड़ी के साथ, मैं अपच, सिरदर्द, धुंधली दृष्टि और एसिड भाटा भी कर रहा हूं।","অতিরিক্ত ক্ষুধা, একটি শক্ত ঘাড়, হতাশা, অধৈর্যতা এবং ভিজ্যুয়াল ব্যাঘাতের পাশাপাশি আমি বদহজম, মাথা ব্যথা, অস্পষ্ট দৃষ্টি এবং অ্যাসিড রিফ্লাক্সও করছি।"
116,Migraine,"Along with excessive appetite, a stiff neck, depression, impatience, and visual disturbance, I've also been suffering indigestion, headaches, blurred vision, and stomach problems.","अत्यधिक भूख, एक कठोर गर्दन, अवसाद, अधीरता और दृश्य गड़बड़ी के साथ, मैं अपच, सिरदर्द, धुंधली दृष्टि और पेट की समस्याओं से भी पीड़ित हूं।","অতিরিক্ত ক্ষুধা, একটি শক্ত ঘাড়, হতাশা, অধৈর্যতা এবং ভিজ্যুয়াল ব্যাঘাতের পাশাপাশি আমি বদহজম, মাথাব্যথা, ঝাপসা দৃষ্টি এবং পেটের সমস্যায় ভুগছি।"
117,Migraine,"I have been suffering from acid reflux, indigestion, frequent headaches, and impaired vision, as well as excessive hunger, a sore neck, depression, irritability, and visual disturbance.","मैं एसिड रिफ्लक्स, अपच, लगातार सिरदर्द और बिगड़ा हुआ दृष्टि, साथ ही अत्यधिक भूख, एक गले में खराश, अवसाद, चिड़चिड़ापन और दृश्य गड़बड़ी से पीड़ित रहा हूं।","আমি অ্যাসিড রিফ্লাক্স, বদহজম, ঘন ঘন মাথাব্যথা এবং প্রতিবন্ধী দৃষ্টিতে ভুগছি, পাশাপাশি অতিরিক্ত ক্ষুধা, ঘা ঘা, হতাশা, বিরক্তিকরতা এবং ভিজ্যুয়াল ব্যাঘাত।"
118,Migraine,"Along with increased hunger, a sore neck, melancholy, impatience, and visual distortion, I've also been experiencing acid reflux, indigestion, frequent headaches, and blurred eyesight.","बढ़ी हुई भूख, एक गले में खराश, उदासी, अधीरता और दृश्य विरूपण के साथ, मैं भी एसिड भाटा, अपच, लगातार सिरदर्द और धुंधली दृष्टि का अनुभव कर रहा हूं।","ক্ষুধা বাড়ার পাশাপাশি ঘাড়ে ঘাড়, মেলানকোলি, অধৈর্যতা এবং ভিজ্যুয়াল বিকৃতি সহ আমি অ্যাসিড রিফ্লাক্স, বদহজম, ঘন ঘন মাথা ব্যথা এবং ঝাপসা দৃষ্টিশক্তিও অনুভব করছি।"
119,Migraine,"Together with increased hunger, a sore neck, anxiety, irritation, and visual distortion, I've also been experiencing acid reflux, indigestion, frequent headaches, and impaired eyesight.","साथ में बढ़ी हुई भूख, एक गले में खराश, चिंता, जलन और दृश्य विरूपण, मैं भी एसिड भाटा, अपच, बार -बार सिरदर्द और बिगड़ा हुआ दृष्टि का अनुभव कर रहा हूं।","একসাথে বর্ধিত ক্ষুধা, ঘাড়ে ঘা, উদ্বেগ, জ্বালা এবং ভিজ্যুয়াল বিকৃতি সহ, আমি অ্যাসিড রিফ্লাক্স, বদহজম, ঘন ঘন মাথাব্যথা এবং প্রতিবন্ধী দৃষ্টিশক্তিও অনুভব করছি।"
120,Migraine,"I have been experiencing digestive issues, including acidity and indigestion, as well as regular headaches and distorted vision, excessive hunger, a stiff neck, depression, irritability, and visual disturbance.","मैं अम्लता और अपच सहित पाचन मुद्दों का अनुभव कर रहा हूं, साथ ही साथ नियमित सिरदर्द और विकृत दृष्टि, अत्यधिक भूख, एक कठोर गर्दन, अवसाद, चिड़चिड़ापन और दृश्य गड़बड़ी।","আমি অ্যাসিডিটি এবং বদহজম, পাশাপাশি নিয়মিত মাথাব্যথা এবং বিকৃত দৃষ্টি, অতিরিক্ত ক্ষুধা, একটি শক্ত ঘাড়, হতাশা, বিরক্তিকরতা এবং ভিজ্যুয়াল ব্যাঘাত সহ হজম সমস্যাগুলি অনুভব করছি।"
121,Migraine,"In addition to recurrent headaches and blurred vision, increased appetite, a stiff neck, sadness, irritability, and visual disturbance, I have been having stomach problems, including indigestion and acidity.","आवर्तक सिरदर्द और धुंधली दृष्टि के अलावा, भूख में वृद्धि, एक कठोर गर्दन, उदासी, चिड़चिड़ापन और दृश्य गड़बड़ी, मुझे पेट की समस्याएं हो रही हैं, जिसमें अपच और अम्लता शामिल है।","পুনরাবৃত্ত মাথাব্যথা এবং অস্পষ্ট দৃষ্টি, ক্ষুধা বাড়ানো, একটি শক্ত ঘাড়, দুঃখ, বিরক্তিকরতা এবং ভিজ্যুয়াল ব্যাঘাতের পাশাপাশি আমার বদহজম এবং অম্লতা সহ পেটের সমস্যা হচ্ছে।"
122,Migraine,"In add to frequent headaches and blurred vision, increased appetite, a stiff neck, anxiety, irritability, and visual disturbance, I have been having stomach problems, including indigestion and acidity.","लगातार सिरदर्द और धुंधली दृष्टि में जोड़ें, भूख में वृद्धि, एक कठोर गर्दन, चिंता, चिड़चिड़ापन और दृश्य गड़बड़ी, मुझे पेट की समस्याएं हो रही हैं, जिसमें अपच और अम्लता शामिल है।","ঘন ঘন মাথাব্যথা এবং ঝাপসা দৃষ্টিতে যোগ করা, ক্ষুধা বাড়ানো, একটি শক্ত ঘাড়, উদ্বেগ, বিরক্তিকরতা এবং ভিজ্যুয়াল ব্যাঘাত, আমার বদহজম এবং অম্লতা সহ পেটের সমস্যা হচ্ছে।"
123,Migraine,"I have been struggling with acid reflux, indigestion, and headaches, as well as blurred and distorted vision, excessive hunger, a sore neck, depression, irritability, and visual disturbance.","मैं एसिड रिफ्लक्स, अपच, और सिरदर्द के साथ -साथ धुंधली और विकृत दृष्टि, अत्यधिक भूख, एक गले में खराश, अवसाद, चिड़चिड़ापन और दृश्य गड़बड़ी के साथ संघर्ष कर रहा हूं।","আমি অ্যাসিড রিফ্লাক্স, বদহজম এবং মাথা ব্যথার পাশাপাশি ঝাপসা ও বিকৃত দৃষ্টি, অতিরিক্ত ক্ষুধা, ঘা ঘা, হতাশা, বিরক্তিকরতা এবং ভিজ্যুয়াল ব্যাঘাতের সাথে লড়াই করে যাচ্ছি।"
124,Migraine,"Along with headaches, indigestion, acid reflux, excessive appetite, a sore neck, sadness, impatience, and visual disturbance, I have also been experiencing blurred and distorted vision.","सिरदर्द, अपच, एसिड रिफ्लक्स, अत्यधिक भूख, एक गले में खराश, उदासी, अधीरता और दृश्य गड़बड़ी के साथ, मैं भी धुंधली और विकृत दृष्टि का अनुभव कर रहा हूं।","মাথাব্যথা, বদহজম, অ্যাসিড রিফ্লাক্স, অতিরিক্ত ক্ষুধা, ঘা ঘা, দুঃখ, অধৈর্যতা এবং ভিজ্যুয়াল ব্যাঘাতের পাশাপাশি আমি অস্পষ্ট এবং বিকৃত দৃষ্টিভঙ্গিও অনুভব করছি।"
125,Migraine,"Along with headaches, indigestion, acid reflux, excessive appetite, a sore neck, sadness, impatience, and visual disturbance, I have also been feeling blurred and distorted vision.","सिरदर्द, अपच, एसिड रिफ्लक्स, अत्यधिक भूख, एक गले में खराश, उदासी, अधीरता और दृश्य गड़बड़ी के साथ, मैं भी धुंधली और विकृत दृष्टि महसूस कर रहा हूं।","মাথাব্যথা, বদহজম, অ্যাসিড রিফ্লাক্স, অতিরিক্ত ক্ষুধা, ঘা ঘা, দুঃখ, অধৈর্যতা এবং ভিজ্যুয়াল ব্যাঘাতের পাশাপাশি আমিও অস্পষ্ট এবং বিকৃত দৃষ্টি অনুভব করছি।"
126,Migraine,"I have been experiencing digestive issues, including acidity and indigestion, as well as frequent headaches and impaired vision, excessive hunger, a stiff neck, depression, irritability, and visual disturbance","मैं अम्लता और अपच सहित पाचन मुद्दों का अनुभव कर रहा हूं, साथ ही साथ लगातार सिरदर्द और बिगड़ा हुआ दृष्टि, अत्यधिक भूख, एक कठोर गर्दन, अवसाद, चिड़चिड़ापन और दृश्य गड़बड़ी","আমি অ্যাসিডিটি এবং বদহজম, পাশাপাশি ঘন ঘন মাথাব্যথা এবং প্রতিবন্ধী দৃষ্টি, অতিরিক্ত ক্ষুধা, একটি শক্ত ঘাড়, হতাশা, বিরক্তিকরতা এবং ভিজ্যুয়াল ব্যাঘাত সহ হজম সমস্যাগুলি অনুভব করছি"
127,Migraine,"Acidity and indigestion are among the digestive problems I've been having, along with regular headaches, blurred vision, increased hunger, stiff neck, sadness, impatience, and visual disruption.","अम्लता और अपच पाचन समस्याओं में से हैं, जो मेरे पास हैं, साथ ही नियमित सिरदर्द, धुंधली दृष्टि, बढ़ी हुई भूख, कठोर गर्दन, उदासी, अधीरता और दृश्य व्यवधान।","নিয়মিত মাথাব্যথা, ঝাপসা দৃষ্টি, ক্ষুধা, কড়া ঘাড়, দুঃখ, অধৈর্যতা এবং ভিজ্যুয়াল বিঘ্নের পাশাপাশি আমার যে হজম সমস্যা রয়েছে তার মধ্যে অম্লতা এবং বদহজম।"
128,Migraine,"I have been suffering from acid reflux, indigestion, and regular headaches, as well as distorted vision, excessive hunger, a sore neck, depression, irritability, and visual disturbance.","मैं एसिड रिफ्लक्स, अपच, और नियमित सिरदर्द, साथ ही विकृत दृष्टि, अत्यधिक भूख, एक गले में खराश, अवसाद, चिड़चिड़ापन और दृश्य गड़बड़ी से पीड़ित रहा हूं।","আমি অ্যাসিড রিফ্লাক্স, বদহজম এবং নিয়মিত মাথাব্যথা, পাশাপাশি বিকৃত দৃষ্টি, অতিরিক্ত ক্ষুধা, ঘাড়ে ঘা, হতাশা, বিরক্তিকরতা এবং ভিজ্যুয়াল ব্যাঘাতে ভুগছি।"
129,Migraine,"Along with distorted eyesight, excessive appetite, a painful neck, melancholy, irritability, and regular headaches, I have also been experiencing acid reflux, indigestion, and regular headaches.","विकृत दृष्टि, अत्यधिक भूख, एक दर्दनाक गर्दन, उदासी, चिड़चिड़ापन, और नियमित सिरदर्द के साथ, मैं भी एसिड भाटा, अपच और नियमित सिरदर्द का अनुभव कर रहा हूं।","বিকৃত দৃষ্টিশক্তি, অত্যধিক ক্ষুধা, বেদনাদায়ক ঘাড়, বিরক্তিকর, বিরক্তিকরতা এবং নিয়মিত মাথাব্যথার পাশাপাশি আমি অ্যাসিড রিফ্লাক্স, বদহজম এবং নিয়মিত মাথাব্যথাও অনুভব করছি।"
130,Migraine,"Along with distorted eyesight, excessive appetite, a painful neck, anxiety, irritability, and regular headaches, I have also been battling acid reflux, indigestion, and regular headaches.","विकृत दृष्टि, अत्यधिक भूख, एक दर्दनाक गर्दन, चिंता, चिड़चिड़ापन और नियमित सिरदर्द के साथ, मैं एसिड भाटा, अपच और नियमित सिरदर्द से भी जूझ रहा हूं।","বিকৃত দৃষ্টিশক্তি, অতিরিক্ত ক্ষুধা, বেদনাদায়ক ঘাড়, উদ্বেগ, বিরক্তিকরতা এবং নিয়মিত মাথাব্যথার পাশাপাশি আমি অ্যাসিড রিফ্লাক্স, বদহজম এবং নিয়মিত মাথাব্যথার সাথে লড়াই করে যাচ্ছি।"
131,Migraine,"I have been experiencing acidity, indigestion, and frequent headaches, as well as blurred and distorted vision, excessive hunger, a stiff neck, depression, irritability, and visual disturbance.","मैं अम्लता, अपच और लगातार सिरदर्द का अनुभव कर रहा हूं, साथ ही धुंधली और विकृत दृष्टि, अत्यधिक भूख, एक कठोर गर्दन, अवसाद, चिड़चिड़ापन और दृश्य गड़बड़ी।","আমি অম্লতা, বদহজম এবং ঘন ঘন মাথাব্যথা, পাশাপাশি অস্পষ্ট এবং বিকৃত দৃষ্টি, অতিরিক্ত ক্ষুধা, একটি শক্ত ঘাড়, হতাশা, বিরক্তিকরতা এবং ভিজ্যুয়াল ব্যাঘাতের অভিজ্ঞতা অর্জন করছি।"
132,Migraine,"Stomach acid, indigestion, frequent headaches, hazy and distorted vision, increased appetite, stiff neck, depression, irritation, and visual distortion have all been bothering me.","पेट का एसिड, अपच, लगातार सिरदर्द, धुंधला और विकृत दृष्टि, भूख में वृद्धि, कठोर गर्दन, अवसाद, जलन और दृश्य विरूपण सभी मुझे परेशान कर रहे हैं।","পেট অ্যাসিড, বদহজম, ঘন ঘন মাথাব্যথা, আড়ম্বরপূর্ণ এবং বিকৃত দৃষ্টি, ক্ষুধা বৃদ্ধি, শক্ত ঘাড়, হতাশা, জ্বালা এবং ভিজ্যুয়াল বিকৃতি সমস্তই আমাকে বিরক্ত করছে।"
133,Migraine,"I have been struggling with digestive issues, including acid reflux and indigestion, as well as regular headaches and impaired vision, excessive hunger, a sore neck, depression, irritability, and visual disturbance","मैं पाचन संबंधी मुद्दों से जूझ रहा हूं, जिसमें एसिड रिफ्लक्स और अपच, साथ ही नियमित सिरदर्द और बिगड़ा हुआ दृष्टि, अत्यधिक भूख, एक गले में खराश, अवसाद, चिड़चिड़ापन और दृश्य गड़बड़ी शामिल है","আমি অ্যাসিড রিফ্লাক্স এবং বদহজম, পাশাপাশি নিয়মিত মাথাব্যথা এবং প্রতিবন্ধী দৃষ্টি, অতিরিক্ত ক্ষুধা, একটি ঘা ঘা, হতাশা, বিরক্তিকরতা এবং ভিজ্যুয়াল ব্যাঘাত সহ হজম সমস্যাগুলির সাথে লড়াই করে যাচ্ছি"
134,Migraine,"I have been experiencing frequent headaches, blurred vision, excessive appetite, a sore neck, sadness, irritability, and digestive problems including indigestion and acid reflux.","मैं लगातार सिरदर्द, धुंधली दृष्टि, अत्यधिक भूख, एक गले में खराश, उदासी, चिड़चिड़ापन और अपच और एसिड भाटा सहित पाचन समस्याओं का अनुभव कर रहा हूं।","আমি ঘন ঘন মাথাব্যথা, ঝাপসা দৃষ্টি, অতিরিক্ত ক্ষুধা, ঘা ঘা, দুঃখ, বিরক্তিকরতা এবং বদহজম এবং অ্যাসিড রিফ্লাক্স সহ হজমের সমস্যাগুলি অনুভব করছি।"
135,Migraine,"I have been enduring frequent headaches, blurred vision, excessive appetite, a sore neck, anxiety, irritability, and digestive difficulties including indigestion and acid reflux.","मैं लगातार सिरदर्द, धुंधली दृष्टि, अत्यधिक भूख, एक गले में खराश, चिंता, चिड़चिड़ापन और अपच और एसिड भाटा सहित पाचन कठिनाइयों को सहन कर रहा हूं।","আমি ঘন ঘন মাথাব্যথা, ঝাপসা দৃষ্টি, অতিরিক্ত ক্ষুধা, ঘা ঘা, উদ্বেগ, বিরক্তিকরতা এবং বদহজম এবং অ্যাসিড রিফ্লাক্স সহ হজম অসুবিধা সহ্য করে চলেছি।"
136,Migraine,"I have been experiencing acidity, indigestion, and headaches, as well as blurred and distorted vision, excessive hunger, a stiff neck, depression, irritability, and visual disturbance","मैं अम्लता, अपच और सिरदर्द का अनुभव कर रहा हूं, साथ ही साथ धुंधली और विकृत दृष्टि, अत्यधिक भूख, एक कठोर गर्दन, अवसाद, चिड़चिड़ापन और दृश्य गड़बड़ी","আমি অম্লতা, বদহজম এবং মাথা ব্যথার পাশাপাশি ঝাপসা ও বিকৃত দৃষ্টি, অতিরিক্ত ক্ষুধা, একটি কঠোর ঘাড়, হতাশা, বিরক্তিকরতা এবং ভিজ্যুয়াল ব্যাঘাতের অভিজ্ঞতা পেয়েছি"
137,Migraine,"Along with excessive appetite, a stiff neck, headaches, indigestion, and acid reflux, I've also been experiencing sadness, impatience, and visual distortion.","अत्यधिक भूख, एक कठोर गर्दन, सिरदर्द, अपच और एसिड भाटा के साथ, मैं भी दुख, अधीरता और दृश्य विकृति का अनुभव कर रहा हूं।","অতিরিক্ত ক্ষুধা, একটি শক্ত ঘাড়, মাথাব্যথা, বদহজম এবং অ্যাসিড রিফ্লাক্সের পাশাপাশি আমি দুঃখ, অধৈর্যতা এবং ভিজ্যুয়াল বিকৃতিও অনুভব করছি।"
138,Migraine,"Along with excessive appetite, a stiff neck, headaches, indigestion, and acid reflux, I've also been experiencing sadness, impatience, and visual distortion.","अत्यधिक भूख, एक कठोर गर्दन, सिरदर्द, अपच और एसिड भाटा के साथ, मैं भी दुख, अधीरता और दृश्य विकृति का अनुभव कर रहा हूं।","অতিরিক্ত ক্ষুধা, একটি শক্ত ঘাড়, মাথাব্যথা, বদহজম এবং অ্যাসিড রিফ্লাক্সের পাশাপাশি আমি দুঃখ, অধৈর্যতা এবং ভিজ্যুয়াল বিকৃতিও অনুভব করছি।"
139,Migraine,"I have been suffering from acid reflux, indigestion, and frequent headaches, as well as distorted vision, excessive hunger, a sore neck, depression, irritability, and visual disturbance.","मैं एसिड रिफ्लक्स, अपच, और लगातार सिरदर्द, साथ ही विकृत दृष्टि, अत्यधिक भूख, एक गले में खराश, अवसाद, चिड़चिड़ापन और दृश्य गड़बड़ी से पीड़ित रहा हूं।","আমি অ্যাসিড রিফ্লাক্স, বদহজম এবং ঘন ঘন মাথাব্যথা, পাশাপাশি বিকৃত দৃষ্টি, অতিরিক্ত ক্ষুধা, ঘা ঘা, হতাশা, বিরক্তিকরতা এবং ভিজ্যুয়াল ঝামেলা নিয়ে ভুগছি।"
140,Migraine,"Along with impaired eyesight, increased appetite, a sore neck, melancholy, impatience, and regular headaches, I've also been experiencing heartburn, acid reflux, and indigestion.","बिगड़ा हुआ आंखों की रोशनी के साथ, भूख में वृद्धि, एक गले में खराश, उदासी, अधीरता और नियमित सिरदर्द, मैं भी नाराज़गी, एसिड भाटा और अपच का अनुभव कर रहा हूं।","প্রতিবন্ধী দৃষ্টিশক্তি, ক্ষুধা বাড়ানো, ঘা ঘা, মেলানো, অধৈর্যতা এবং নিয়মিত মাথাব্যথার পাশাপাশি আমি হার্টবার্ন, অ্যাসিড রিফ্লাক্স এবং বদহজমও অনুভব করছি।"
141,Migraine,"Along with impaired seeing, excessive eating, a sore neck, melancholy, impatience, and constant headaches, I've also been fighting heartburn, acid reflux, and indigestion.","बिगड़ा हुआ, अत्यधिक खाने, एक गले में खराश, उदासी, अधीरता, और निरंतर सिरदर्द के साथ, मैं भी नाराज़गी, एसिड भाटा और अपच से लड़ रहा हूं।","প্রতিবন্ধী দেখা, অতিরিক্ত খাওয়া, ঘাড়ে ঘা, বিরক্তিকর, অধৈর্যতা এবং ধ্রুবক মাথাব্যথার পাশাপাশি আমি হার্টবার্ন, অ্যাসিড রিফ্লাক্স এবং বদহজমের বিরুদ্ধেও লড়াই করছি।"
142,Migraine,"I have been experiencing acidity, indigestion, headaches, and blurred and distorted vision, as well as excessive hunger, a stiff neck, depression, irritability, and visual disturbance. These symptoms have been affecting my daily life and causing me discomfort.","मैं अम्लता, अपच, सिरदर्द, और धुंधली और विकृत दृष्टि का अनुभव कर रहा हूं, साथ ही साथ अत्यधिक भूख, एक कठोर गर्दन, अवसाद, चिड़चिड़ापन और दृश्य गड़बड़ी। ये लक्षण मेरे दैनिक जीवन को प्रभावित कर रहे हैं और मुझे असुविधा हो रही हैं।","আমি অম্লতা, বদহজম, মাথা ব্যথা এবং অস্পষ্ট এবং বিকৃত দৃষ্টিভঙ্গি, পাশাপাশি অতিরিক্ত ক্ষুধা, একটি শক্ত ঘাড়, হতাশা, বিরক্তিকরতা এবং ভিজ্যুয়াল ব্যাঘাতের অভিজ্ঞতা অর্জন করছি। এই লক্ষণগুলি আমার দৈনন্দিন জীবনকে প্রভাবিত করে এবং আমাকে অস্বস্তি সৃষ্টি করে।"
143,Migraine,"Along with excessive appetite, a stiff neck, depression, impatience, and visual disturbance, I've also been having indigestion, headaches, blurred vision, and acid reflux. These symptoms have been bothering me and interfering with my usual activities.","अत्यधिक भूख, एक कठोर गर्दन, अवसाद, अधीरता और दृश्य गड़बड़ी के साथ, मैं अपच, सिरदर्द, धुंधली दृष्टि और एसिड भाटा भी कर रहा हूं। ये लक्षण मुझे परेशान कर रहे हैं और मेरी सामान्य गतिविधियों में हस्तक्षेप कर रहे हैं।","অতিরিক্ত ক্ষুধা, একটি শক্ত ঘাড়, হতাশা, অধৈর্যতা এবং ভিজ্যুয়াল ব্যাঘাতের পাশাপাশি আমি বদহজম, মাথা ব্যথা, অস্পষ্ট দৃষ্টি এবং অ্যাসিড রিফ্লাক্সও করছি। এই লক্ষণগুলি আমাকে বিরক্ত করছে এবং আমার স্বাভাবিক ক্রিয়াকলাপগুলিতে হস্তক্ষেপ করছে।"
144,Migraine,"As well as with excessive appetite, a tense neck, depression, irritability, and visual disturbance, I've also been having indigestion, headaches, blurred vision, and acid reflux. These symptoms have been disturbing me and interfering with my usual activities.","अत्यधिक भूख, एक तनावपूर्ण गर्दन, अवसाद, चिड़चिड़ापन और दृश्य गड़बड़ी के साथ, मैं भी अपच, सिरदर्द, धुंधली दृष्टि और एसिड भाटा है। ये लक्षण मुझे परेशान कर रहे हैं और मेरी सामान्य गतिविधियों में हस्तक्षेप कर रहे हैं।","পাশাপাশি অতিরিক্ত ক্ষুধা, একটি উত্তেজনাপূর্ণ ঘাড়, হতাশা, বিরক্তিকরতা এবং ভিজ্যুয়াল ব্যাঘাতের সাথে, আমিও বদহজম, মাথা ব্যথা, ঝাপসা দৃষ্টি এবং অ্যাসিড রিফ্লাক্সও করছি। এই লক্ষণগুলি আমাকে বিরক্ত করছে এবং আমার স্বাভাবিক ক্রিয়াকলাপগুলিতে হস্তক্ষেপ করছে।"
145,Migraine,"I have been suffering from acid reflux, indigestion, and regular headaches, as well as impaired vision, excessive hunger, a sore neck, depression, irritability, and visual disturbance. These symptoms have been causing me a lot of distress and making it difficult to go about my daily activities.","मैं एसिड रिफ्लक्स, अपच, और नियमित सिरदर्द, साथ ही बिगड़ा हुआ दृष्टि, अत्यधिक भूख, एक गले में खराश, अवसाद, चिड़चिड़ापन और दृश्य गड़बड़ी से पीड़ित रहा हूं। ये लक्षण मुझे बहुत संकट पैदा कर रहे हैं और मेरी दैनिक गतिविधियों के बारे में जाना मुश्किल हो गया है।","আমি অ্যাসিড রিফ্লাক্স, বদহজম এবং নিয়মিত মাথাব্যথা, পাশাপাশি প্রতিবন্ধী দৃষ্টি, অতিরিক্ত ক্ষুধা, ঘাড়ে ঘা, হতাশা, বিরক্তিকরতা এবং ভিজ্যুয়াল ব্যাঘাতে ভুগছি। এই লক্ষণগুলি আমাকে প্রচুর সঙ্কট সৃষ্টি করছে এবং আমার প্রতিদিনের ক্রিয়াকলাপগুলি সম্পর্কে যাওয়া কঠিন করে তুলেছে।"
146,Migraine,"Along with eyesight problems, increased appetite, a sore neck, melancholy, irritability, and regular headaches, I have also been experiencing acid reflux, indigestion, and frequent migraines. My regular activities have been made more challenging by these symptoms, which have been causing me a great deal of distress.","दृष्टि की समस्याओं के साथ, भूख में वृद्धि, एक गले में गर्दन, उदासी, चिड़चिड़ापन, और नियमित सिरदर्द, मैं भी एसिड भाटा, अपच और लगातार माइग्रेन का अनुभव कर रहा हूं। मेरी नियमित गतिविधियों को इन लक्षणों से अधिक चुनौतीपूर्ण बना दिया गया है, जो मुझे बहुत संकट का कारण बना रहे हैं।","দৃষ্টিশক্তি সমস্যা, ক্ষুধা বাড়ানো, ঘাড়ে ঘা, বিরক্তিকর, বিরক্তিকরতা এবং নিয়মিত মাথাব্যথার পাশাপাশি আমি অ্যাসিড রিফ্লাক্স, বদহজম এবং ঘন ঘন মাইগ্রেনেরও অভিজ্ঞতা অর্জন করছি। আমার নিয়মিত ক্রিয়াকলাপগুলি এই লক্ষণগুলি দ্বারা আরও চ্যালেঞ্জিং করা হয়েছে, যা আমাকে প্রচুর সঙ্কটের কারণ করে তুলেছে।"
147,Migraine,"Along with eyesight problems, increased appetite, a sore neck, melancholy, irritability, and regular headaches, I have also been experiencing acid reflux, indigestion, and frequent dizziness. My regular activities have been made more tough by these symptoms, which have been causing me a great deal of distress.","दृष्टि की समस्याओं के साथ, भूख में वृद्धि, एक गले में गर्दन, उदासी, चिड़चिड़ापन, और नियमित सिरदर्द, मैं भी एसिड भाटा, अपच और लगातार चक्कर का अनुभव कर रहा हूं। मेरी नियमित गतिविधियों को इन लक्षणों से अधिक कठिन बना दिया गया है, जो मुझे बहुत परेशान कर रहे हैं।","দৃষ্টিশক্তি সমস্যা, ক্ষুধা বাড়ানো, ঘাড়ে ঘা, বিরক্তিকর, বিরক্তিকরতা এবং নিয়মিত মাথাব্যথার পাশাপাশি আমি অ্যাসিড রিফ্লাক্স, বদহজম এবং ঘন ঘন মাথা ঘোরাও অনুভব করছি। আমার নিয়মিত ক্রিয়াকলাপগুলি এই লক্ষণগুলি দ্বারা আরও শক্ত হয়ে উঠেছে, যা আমাকে প্রচুর সঙ্কটের কারণ করে তুলেছে।"
148,Migraine,"I have been experiencing acidity, indigestion, headaches, and blurred and distorted vision, as well as excessive hunger, a stiff neck, depression, irritability, and visual disturbance. These symptoms have been affecting my daily life and causing me discomfort.","मैं अम्लता, अपच, सिरदर्द, और धुंधली और विकृत दृष्टि का अनुभव कर रहा हूं, साथ ही साथ अत्यधिक भूख, एक कठोर गर्दन, अवसाद, चिड़चिड़ापन और दृश्य गड़बड़ी। ये लक्षण मेरे दैनिक जीवन को प्रभावित कर रहे हैं और मुझे असुविधा हो रही हैं।","আমি অম্লতা, বদহজম, মাথা ব্যথা এবং অস্পষ্ট এবং বিকৃত দৃষ্টিভঙ্গি, পাশাপাশি অতিরিক্ত ক্ষুধা, একটি শক্ত ঘাড়, হতাশা, বিরক্তিকরতা এবং ভিজ্যুয়াল ব্যাঘাতের অভিজ্ঞতা অর্জন করছি। এই লক্ষণগুলি আমার দৈনন্দিন জীবনকে প্রভাবিত করে এবং আমাকে অস্বস্তি সৃষ্টি করে।"
149,Migraine,"I have been struggling with acid reflux, indigestion, and headaches, as well as blurred and distorted vision, excessive hunger, a sore neck, depression, irritability, and visual disturbance. These symptoms have been causing me a lot of problems and making it difficult to concentrate and function normally.","मैं एसिड रिफ्लक्स, अपच, और सिरदर्द के साथ -साथ धुंधली और विकृत दृष्टि, अत्यधिक भूख, एक गले में खराश, अवसाद, चिड़चिड़ापन और दृश्य गड़बड़ी के साथ संघर्ष कर रहा हूं। ये लक्षण मुझे बहुत सारी समस्याएं पैदा कर रहे हैं और सामान्य रूप से ध्यान केंद्रित करना और कार्य करना मुश्किल हो गया है।","আমি অ্যাসিড রিফ্লাক্স, বদহজম এবং মাথা ব্যথার পাশাপাশি ঝাপসা ও বিকৃত দৃষ্টি, অতিরিক্ত ক্ষুধা, ঘা ঘা, হতাশা, বিরক্তিকরতা এবং ভিজ্যুয়াল ব্যাঘাতের সাথে লড়াই করে যাচ্ছি। এই লক্ষণগুলি আমাকে প্রচুর সমস্যা সৃষ্টি করে এবং স্বাভাবিকভাবে মনোনিবেশ করা এবং কাজ করা কঠিন করে তোলে।"
150,Cervical spondylosis,"I have been experiencing severe back pain, a persistent cough, and weakness in my limbs. My neck also hurts and I have been feeling dizzy and off balance.","मैं गंभीर पीठ दर्द, एक लगातार खांसी, और अपने अंगों में कमजोरी का अनुभव कर रहा हूं। मेरी गर्दन भी दर्द होती है और मुझे चक्कर आ रहा है और संतुलन बना रहा है।","আমি গুরুতর পিঠে ব্যথা, অবিরাম কাশি এবং আমার অঙ্গগুলির দুর্বলতা অনুভব করছি। আমার ঘাড়ও ব্যাথা করে এবং আমি চঞ্চল এবং ভারসাম্য বোধ করছি।"
151,Cervical spondylosis,"Along with a chronic cough and limb weakness, I've been dealing with excruciating back discomfort. I've been experiencing neck pain as well as vertigo and instability.","एक पुरानी खांसी और अंग की कमजोरी के साथ, मैं पीछे की असुविधा के साथ काम कर रहा हूं। मैं गर्दन के दर्द के साथ -साथ वर्टिगो और अस्थिरता का अनुभव कर रहा हूं।",একটি দীর্ঘস্থায়ী কাশি এবং অঙ্গ দুর্বলতার পাশাপাশি আমি অস্বস্তিকর পিছনে উদ্বেগের সাথে কাজ করছি। আমি ঘাড়ের ব্যথার পাশাপাশি ভার্টিগো এবং অস্থিরতা অনুভব করছি।
152,Cervical spondylosis,"I have been suffering from back pain, a hacking cough, and weakness in my arms and legs. Additionally, my neck hurts and I have had issues with dizziness and maintaining my balance.","मैं पीठ दर्द, एक हैकिंग खांसी, और अपनी बाहों और पैरों में कमजोरी से पीड़ित रहा हूं। इसके अतिरिक्त, मेरी गर्दन में दर्द होता है और मुझे चक्कर आना और अपना संतुलन बनाए रखने के मुद्दे हैं।","আমি পিঠে ব্যথা, একটি হ্যাকিং কাশি এবং আমার বাহু এবং পায়ে দুর্বলতায় ভুগছি। অতিরিক্তভাবে, আমার ঘাড়ে ব্যথা হয় এবং আমার মাথা ঘোরা এবং আমার ভারসাম্য বজায় রাখার সমস্যা রয়েছে।"
153,Cervical spondylosis,"Back pain, a hacking cough, and numbness in my arms and legs have been bothering me. In addition, my neck hurts, and I've having trouble staying balanced and without getting lightheaded.","पीठ दर्द, एक हैकिंग खांसी, और मेरी बाहों और पैरों में सुन्नता मुझे परेशान कर रही है। इसके अलावा, मेरी गर्दन में दर्द होता है, और मुझे संतुलित रहने और बिना प्रकाश के होने में परेशानी हो रही है।","পিঠে ব্যথা, একটি হ্যাকিং কাশি এবং আমার বাহু এবং পায়ে অসাড়তা আমাকে বিরক্ত করছে। তদতিরিক্ত, আমার ঘাড়ে ব্যথা হয়, এবং আমার সুষম থাকতে এবং হালকা মাথায় না পেয়ে সমস্যা হচ্ছে।"
154,Cervical spondylosis,"Back pain, a coughing cough, and numbness in my arms and legs have been plaguing me. In addition, my neck hurts, and I've having trouble staying balanced and without getting woozy.","पीठ दर्द, एक खांसी खांसी, और मेरी बाहों और पैरों में सुन्नता मुझे परेशान कर रही है। इसके अलावा, मेरी गर्दन में दर्द होता है, और मुझे संतुलित रहने और बिना वोज़ी के परेशानी हो रही है।","পিঠে ব্যথা, কাশি কাশি এবং আমার বাহু ও পায়ে অসাড়তা আমাকে জর্জরিত করে চলেছে। তদতিরিক্ত, আমার ঘাড়ে ব্যথা হয়, এবং আমার সুষম থাকতে এবং কৌতুক না করেই সমস্যা হচ্ছে।"
155,Cervical spondylosis,"Pain typically, a coughing cough, and numbness in my arms and legs have been plaguing me. In addition, my neck hurts, and I've having trouble staying balanced and without getting woozy.","दर्द आमतौर पर, एक खांसी की खांसी, और मेरी बाहों और पैरों में सुन्नता मुझे परेशान कर रही है। इसके अलावा, मेरी गर्दन में दर्द होता है, और मुझे संतुलित रहने और बिना वोज़ी के परेशानी हो रही है।","ব্যথা সাধারণত, একটি কাশি কাশি এবং আমার বাহু এবং পায়ে অসাড়তা আমাকে জর্জরিত করে চলেছে। তদতিরিক্ত, আমার ঘাড়ে ব্যথা হয়, এবং আমার সুষম থাকতে এবং কৌতুক না করেই সমস্যা হচ্ছে।"
156,Cervical spondylosis,"I have been struggling with back pain, a cough that won't go away, and weakness in my extremities. My neck hurts and I have had problems with dizziness and losing my balance.","मैं पीठ दर्द से जूझ रहा हूं, एक खांसी जो दूर नहीं जाएगी, और मेरे चरम में कमजोरी। मेरी गर्दन में दर्द होता है और मुझे चक्कर आने और अपना संतुलन खोने की समस्या है।","আমি পিঠে ব্যথা, একটি কাশি যা দূরে যাবে না এবং আমার চরমপন্থায় দুর্বলতা নিয়ে লড়াই করে যাচ্ছি। আমার ঘাড়ে ব্যথা হয় এবং আমার মাথা ঘোরা এবং আমার ভারসাম্য হারাতে সমস্যা হয়েছে।"
157,Cervical spondylosis,"Back discomfort, a persistent cough, and weakness in my limbs have been bothering me. I have issues with vertigo and losing my equilibrium, and my neck hurts.","पीछे की असुविधा, एक लगातार खांसी, और मेरे अंगों में कमजोरी मुझे परेशान कर रही है। मेरे पास वर्टिगो के साथ मुद्दे हैं और अपने संतुलन को खो रहे हैं, और मेरी गर्दन में दर्द होता है।","পিছনে অস্বস্তি, একটি অবিরাম কাশি এবং আমার অঙ্গগুলির দুর্বলতা আমাকে বিরক্ত করছে। ভার্টিগো এবং আমার ভারসাম্য হারাতে আমার সমস্যা রয়েছে এবং আমার ঘাড়ে ব্যথা হয়।"
158,Cervical spondylosis,"Back discomfort, a breathing difficulty, and weakness in my limbs have been hurting me. I have issues with vertigo and losing my balance, and my neck hurts.","पीछे की असुविधा, एक सांस लेने में कठिनाई, और मेरे अंगों में कमजोरी मुझे चोट पहुंचा रही है। मेरे पास वर्टिगो के मुद्दे हैं और अपना संतुलन खो रहे हैं, और मेरी गर्दन में दर्द होता है।","পিছনে অস্বস্তি, শ্বাস প্রশ্বাসের অসুবিধা এবং আমার অঙ্গগুলির দুর্বলতা আমাকে আঘাত করছে। ভার্টিগো এবং আমার ভারসাম্য হারাতে আমার সমস্যা রয়েছে এবং আমার ঘাড়ে ব্যথা হয়।"
159,Cervical spondylosis,"I have been experiencing intense back pain, a dry cough, and a lack of strength in my limbs. My neck hurts and I have been feeling dizzy and unsteady on my feet.","मैं तीव्र पीठ दर्द, एक सूखी खांसी, और अपने अंगों में ताकत की कमी का अनुभव कर रहा हूं। मेरी गर्दन में दर्द होता है और मैं अपने पैरों पर चक्कर और अस्थिर महसूस कर रहा हूं।","আমি তীব্র পিঠে ব্যথা, একটি শুকনো কাশি এবং আমার অঙ্গগুলিতে শক্তির অভাব অনুভব করছি। আমার ঘাড়ে ব্যথা হয় এবং আমি আমার পায়ে চঞ্চল এবং অস্থির বোধ করছি।"
160,Cervical spondylosis,"I've been struggling with severe back pain, a dry cough, and limb weakness. I've been feeling lightheaded and wobbly on my feet, and my neck hurts.","मैं गंभीर पीठ दर्द, एक सूखी खांसी और अंग की कमजोरी के साथ संघर्ष कर रहा हूं। मैं अपने पैरों पर लाइटहेड और डगमगाता हुआ महसूस कर रहा हूं, और मेरी गर्दन में दर्द होता है।","আমি গুরুতর পিঠে ব্যথা, একটি শুকনো কাশি এবং অঙ্গ দুর্বলতার সাথে লড়াই করে যাচ্ছি। আমি আমার পায়ে হালকা মাথা এবং কাঁপুনি অনুভব করছি এবং আমার ঘাড়ে ব্যথা হচ্ছে।"
161,Cervical spondylosis,"I've been battling with back pain, a dry cough, and limb weakness. I've been feeling dizzy and unstable on my feet, and my neck hurts.","मैं पीठ दर्द, एक सूखी खांसी और अंग की कमजोरी से जूझ रहा हूं। मैं अपने पैरों पर चक्कर और अस्थिर महसूस कर रहा हूं, और मेरी गर्दन में दर्द होता है।","আমি পিঠে ব্যথা, একটি শুকনো কাশি এবং অঙ্গগুলির দুর্বলতার সাথে লড়াই করছি। আমি আমার পায়ে চঞ্চল এবং অস্থির বোধ করছি এবং আমার ঘাড়ে ব্যথা হচ্ছে।"
162,Cervical spondylosis,"I've been struggling with back pain, a chronic cough, and limb weakness. I've been feeling disoriented and weak on my feet, and my neck hurts.","मैं पीठ दर्द, एक पुरानी खांसी और अंग की कमजोरी के साथ संघर्ष कर रहा हूं। मैं अपने पैरों पर अव्यवस्थित और कमजोर महसूस कर रहा हूं, और मेरी गर्दन में दर्द होता है।","আমি পিঠে ব্যথা, দীর্ঘস্থায়ী কাশি এবং অঙ্গ দুর্বলতার সাথে লড়াই করে যাচ্ছি। আমি আমার পায়ে দিশেহারা এবং দুর্বল বোধ করছি এবং আমার ঘাড়ে ব্যথা হচ্ছে।"
163,Cervical spondylosis,"I have been suffering from back pain, a productive cough, and weakness in my limbs. My neck is sore and I have had issues with dizziness and balance.","मैं पीठ दर्द, एक उत्पादक खांसी, और मेरे अंगों में कमजोरी से पीड़ित रहा हूं। मेरी गर्दन गले में खराश है और मेरे पास चक्कर और संतुलन के साथ मुद्दे हैं।","আমি পিঠে ব্যথা, একটি উত্পাদনশীল কাশি এবং আমার অঙ্গগুলির দুর্বলতায় ভুগছি। আমার ঘাড়ে ঘা এবং আমার মাথা ঘোরা এবং ভারসাম্য নিয়ে সমস্যা রয়েছে।"
164,Cervical spondylosis,"Back pain, a productive cough, and limb weakness have been bothering me. I have balance and dizzy concerns, and my neck hurts.","पीठ दर्द, एक उत्पादक खांसी, और अंग की कमजोरी मुझे परेशान कर रही है। मेरे पास संतुलन और चक्करदार चिंताएं हैं, और मेरी गर्दन में दर्द होता है।","পিঠে ব্যথা, একটি উত্পাদনশীল কাশি এবং অঙ্গ দুর্বলতা আমাকে বিরক্ত করছে। আমার ভারসাম্য এবং চঞ্চল উদ্বেগ রয়েছে এবং আমার ঘাড়ে ব্যথা হয়।"
165,Cervical spondylosis,"Backache, a difficulty breathing, and limb weakness have been bothering me. I have balance and dizzy concerns, and my neck suffers.","पीठ दर्द, सांस लेने में कठिनाई, और अंग की कमजोरी मुझे परेशान कर रही है। मेरे पास संतुलन और चक्करदार चिंताएं हैं, और मेरी गर्दन पीड़ित है।","পিঠে ব্যথা, শ্বাস নিতে অসুবিধা, এবং অঙ্গ দুর্বলতা আমাকে বিরক্ত করছে। আমার ভারসাম্য এবং চঞ্চল উদ্বেগ রয়েছে, এবং আমার ঘাড় ভোগে।"
166,Cervical spondylosis,"I have been struggling with back pain, a persistent cough, and weakness in my muscles. My neck hurts and I have had problems with dizziness and loss of balance.","मैं अपनी मांसपेशियों में पीठ दर्द, लगातार खांसी और कमजोरी के साथ संघर्ष कर रहा हूं। मेरी गर्दन में दर्द होता है और मुझे चक्कर आना और संतुलन के नुकसान की समस्या है।","আমি পিঠে ব্যথা, অবিরাম কাশি এবং আমার পেশীগুলিতে দুর্বলতার সাথে লড়াই করে যাচ্ছি। আমার ঘাড়ে ব্যথা হয় এবং মাথা ঘোরা এবং ভারসাম্য হ্রাস নিয়ে আমার সমস্যা হয়েছে।"
167,Cervical spondylosis,"Back pain, a lingering cough, and muscle weakness have been bothering me. I have issues with dizziness and losing my equilibrium, and my neck hurts.","पीठ दर्द, एक सुस्त खांसी, और मांसपेशियों की कमजोरी मुझे परेशान कर रही है। मेरे पास चक्कर आने और अपने संतुलन को खोने के मुद्दे हैं, और मेरी गर्दन में दर्द होता है।","পিঠে ব্যথা, একটি দীর্ঘস্থায়ী কাশি এবং পেশী দুর্বলতা আমাকে বিরক্ত করছে। মাথা ঘোরা এবং আমার ভারসাম্য হারাতে আমার সমস্যা রয়েছে এবং আমার ঘাড়ে ব্যথা হয়।"
168,Cervical spondylosis,"Back pain, a chronic cough, and muscle weakness have been bothering me. I have concerns with dizziness and losing my position, and my neck hurts.","पीठ दर्द, एक पुरानी खांसी, और मांसपेशियों की कमजोरी मुझे परेशान कर रही है। मुझे चक्कर आने और अपनी स्थिति खोने से चिंता है, और मेरी गर्दन में दर्द होता है।","পিঠে ব্যথা, একটি দীর্ঘস্থায়ী কাশি এবং পেশী দুর্বলতা আমাকে বিরক্ত করছে। মাথা ঘোরা এবং আমার অবস্থান হারাতে আমার উদ্বেগ রয়েছে এবং আমার ঘাড়ে ব্যথা হয়।"
169,Cervical spondylosis,"I have been experiencing severe back pain, a cough that comes and goes, and weakness in my limbs. My neck also hurts and I have been feeling dizzy and off balance.","मैं गंभीर पीठ दर्द का अनुभव कर रहा हूं, एक खांसी जो आती है और जाती है, और मेरे अंगों में कमजोरी। मेरी गर्दन भी दर्द होती है और मुझे चक्कर आ रहा है और संतुलन बना रहा है।","আমি তীব্র পিঠে ব্যথা, একটি কাশি যা আসে এবং যায় এবং আমার অঙ্গগুলিতে দুর্বলতা অনুভব করে চলেছে। আমার ঘাড়ও ব্যাথা করে এবং আমি চঞ্চল এবং ভারসাম্য বোধ করছি।"
170,Cervical spondylosis,"I've been having intermittent coughing fits, significant back pain, and limb weakness. I've been experiencing neck pain as well as a dizzy and unsteady sensation.","मैं आंतरायिक खांसी फिट बैठता है, महत्वपूर्ण पीठ दर्द, और अंग की कमजोरी। मैं गर्दन के दर्द के साथ -साथ एक चक्कर और अस्थिर सनसनी का अनुभव कर रहा हूं।","আমি মাঝে মাঝে কাশি ফিট, পিছনে উল্লেখযোগ্য ব্যথা এবং অঙ্গ দুর্বলতা পেয়েছি। আমি ঘাড়ের ব্যথার পাশাপাশি একটি চঞ্চল এবং অস্থির সংবেদন অনুভব করছি।"
171,Cervical spondylosis,"I've been having periodic coughing fits, terrible back pain, and limb weakness. I've been feeling neck pain as well as a dizzy and unstable sensation.","मुझे आवधिक खांसी फिट बैठता है, भयानक पीठ दर्द और अंग की कमजोरी है। मैं गर्दन में दर्द के साथ -साथ एक चक्कर और अस्थिर सनसनी भी महसूस कर रहा हूं।","আমি পর্যায়ক্রমিক কাশি ফিট, ভয়াবহ পিঠে ব্যথা এবং অঙ্গগুলির দুর্বলতা পেয়েছি। আমি ঘাড়ের ব্যথা পাশাপাশি একটি চঞ্চল এবং অস্থির সংবেদন অনুভব করছি।"
172,Cervical spondylosis,"I have been dealing with back pain, a cough that won't go away, and weakness in my arms and legs. My neck hurts and I have had problems with dizziness and maintaining my balance.","मैं पीठ दर्द से निपट रहा हूं, एक खांसी जो दूर नहीं जाएगी, और मेरी बाहों और पैरों में कमजोरी। मेरी गर्दन में दर्द होता है और मुझे चक्कर आने और अपना संतुलन बनाए रखने की समस्या है।","আমি পিঠে ব্যথা, এমন একটি কাশি নিয়ে কাজ করছি যা দূরে যাবে না এবং আমার বাহু এবং পায়ে দুর্বলতা। আমার ঘাড়ে ব্যথা হয় এবং মাথা ঘোরা এবং আমার ভারসাম্য বজায় রাখতে আমার সমস্যা হয়েছে।"
173,Cervical spondylosis,"Back pain, a persistent cough, and numbness in my arms and legs have been bothering me. I've had trouble staying balanced and experiencing dizziness, and my neck hurts.","पीठ दर्द, एक लगातार खांसी, और मेरी बाहों और पैरों में सुन्नता मुझे परेशान कर रही है। मुझे संतुलित रहने और चक्कर आने का अनुभव करने में परेशानी हुई, और मेरी गर्दन में दर्द होता है।","পিঠে ব্যথা, অবিরাম কাশি এবং আমার বাহু এবং পায়ে অসাড়তা আমাকে বিরক্ত করছে। আমার সুষম থাকতে এবং মাথা ঘোরা অনুভব করতে সমস্যা হয়েছিল এবং আমার ঘাড়ে ব্যথা হচ্ছে।"
174,Cervical spondylosis,"Back pain, a dry cough, and stiffness in my arms and legs have been bothering me. I've had problems staying balanced and experience dizziness, and my neck hurts.","पीठ दर्द, एक सूखी खांसी, और मेरी बाहों और पैरों में कठोरता मुझे परेशान कर रही है। मुझे संतुलित रहने और चक्कर आने का अनुभव करने में समस्या है, और मेरी गर्दन में दर्द होता है।","পিঠে ব্যথা, একটি শুকনো কাশি এবং আমার বাহু এবং পায়ে কঠোরতা আমাকে বিরক্ত করছে। আমার ভারসাম্য বজায় রাখতে এবং মাথা ঘোরা হওয়ার সমস্যা ছিল এবং আমার ঘাড়ে ব্যথা হয়েছে।"
175,Cervical spondylosis,"I've been experiencing back pain, a persistent cough, and numbness in my arms and legs. I've been having trouble staying balanced and managing my vertigo, and my neck hurts.","मैं पीठ दर्द, एक लगातार खांसी, और मेरी बाहों और पैरों में सुन्नता का अनुभव कर रहा हूं। मुझे संतुलित रहने और अपने वर्टिगो का प्रबंधन करने में परेशानी हो रही है, और मेरी गर्दन में दर्द होता है।","আমি পিঠে ব্যথা, অবিরাম কাশি এবং আমার বাহু এবং পায়ে অসাড়তা অনুভব করছি। আমি ভারসাম্যহীন থাকতে এবং আমার ভার্টিগো পরিচালনা করতে সমস্যা করছি এবং আমার ঘাড়ে ব্যথা হচ্ছে।"
176,Cervical spondylosis,"My arms and legs have been weak, and I have been suffering from back pain and a persistent cough. In addition to experiencing neck pain and balance issues, I also suffer dizziness.","मेरे हाथ और पैर कमजोर रहे हैं, और मैं पीठ दर्द और लगातार खांसी से पीड़ित रहा हूं। गर्दन के दर्द और संतुलन के मुद्दों का अनुभव करने के अलावा, मुझे चक्कर आना भी है।","আমার বাহু এবং পা দুর্বল হয়ে গেছে, এবং আমি পিঠে ব্যথা এবং অবিরাম কাশি ভুগছি। ঘাড়ে ব্যথা এবং ভারসাম্যের সমস্যাগুলি অনুভব করার পাশাপাশি আমিও মাথা ঘোরাও ভোগ করি।"
177,Cervical spondylosis,"Back pain, a persistent cough, and arm and leg weakness have been bothering me. I've been experiencing neck pain, balance issues, and dizziness.","पीठ दर्द, एक लगातार खांसी, और हाथ और पैर की कमजोरी मुझे परेशान कर रही है। मैं गर्दन में दर्द, संतुलन के मुद्दों और चक्कर का अनुभव कर रहा हूं।","পিঠে ব্যথা, একটি অবিরাম কাশি এবং বাহু এবং পা দুর্বলতা আমাকে বিরক্ত করছে। আমি ঘাড়ে ব্যথা, ভারসাম্য সংক্রান্ত সমস্যা এবং মাথা ঘোরা অনুভব করছি।"
178,Cervical spondylosis,"Back pain, a persistent cough, and numbness in my arms and legs have been bothering me. I've had trouble staying balanced and experiencing dizziness, and my neck hurts.","पीठ दर्द, एक लगातार खांसी, और मेरी बाहों और पैरों में सुन्नता मुझे परेशान कर रही है। मुझे संतुलित रहने और चक्कर आने का अनुभव करने में परेशानी हुई, और मेरी गर्दन में दर्द होता है।","পিঠে ব্যথা, অবিরাম কাশি এবং আমার বাহু এবং পায়ে অসাড়তা আমাকে বিরক্ত করছে। আমার সুষম থাকতে এবং মাথা ঘোরা অনুভব করতে সমস্যা হয়েছিল এবং আমার ঘাড়ে ব্যথা হচ্ছে।"
179,Cervical spondylosis,"I have been suffering from back pain, a dry cough, and a lack of strength in my muscles. My neck is sore and I have been feeling dizzy and unsteady on my feet","मैं पीठ दर्द, एक सूखी खांसी और अपनी मांसपेशियों में ताकत की कमी से पीड़ित रहा हूं। मेरी गर्दन गले में खराश है और मैं अपने पैरों पर चक्कर और अस्थिर महसूस कर रहा हूं","আমি পিঠে ব্যথা, একটি শুকনো কাশি এবং আমার পেশীগুলিতে শক্তির অভাবে ভুগছি। আমার ঘাড়ে ঘা এবং আমি আমার পায়ে চঞ্চল এবং অস্থির বোধ করছি"
180,Cervical spondylosis,"Back pain, a dry cough, and a lack of muscle strength have been bothering me. My neck hurts, and I've been feeling lightheaded and shaky.","पीठ दर्द, एक सूखी खांसी, और मांसपेशियों की ताकत की कमी मुझे परेशान कर रही है। मेरी गर्दन में दर्द होता है, और मैं लाइटहेड और अस्थिर महसूस कर रहा हूं।","পিঠে ব্যথা, একটি শুকনো কাশি এবং পেশী শক্তির অভাব আমাকে বিরক্ত করছে। আমার ঘাড়ে ব্যথা হয়, এবং আমি হালকা এবং নড়বড়ে বোধ করছি।"
181,Cervical spondylosis,"My muscles lack strength, and I have been experiencing back pain and a dry cough. I've been experiencing neck pain and feeling lightheaded and unstable on my feet.","मेरी मांसपेशियों में ताकत की कमी है, और मुझे पीठ दर्द और एक सूखी खांसी का अनुभव हो रहा है। मैं गर्दन में दर्द का अनुभव कर रहा हूं और अपने पैरों पर प्रकाशस्तंभ और अस्थिर महसूस कर रहा हूं।",আমার পেশীগুলির শক্তির অভাব রয়েছে এবং আমি পিঠে ব্যথা এবং একটি শুকনো কাশি অনুভব করছি। আমি ঘাড়ের ব্যথা অনুভব করছি এবং আমার পায়ে হালকা এবং অস্থির বোধ করছি।
182,Cervical spondylosis,"My muscles haven't been very strong, and I've been experiencing back ache. I've been feeling lightheaded and wobbly on my feet, and my neck hurts.","मेरी मांसपेशियां बहुत मजबूत नहीं हुई हैं, और मैं वापस दर्द का अनुभव कर रहा हूं। मैं अपने पैरों पर लाइटहेड और डगमगाता हुआ महसूस कर रहा हूं, और मेरी गर्दन में दर्द होता है।","আমার পেশীগুলি খুব শক্তিশালী হয়নি, এবং আমি ব্যথা ফিরে পেয়েছি। আমি আমার পায়ে হালকা মাথা এবং কাঁপুনি অনুভব করছি এবং আমার ঘাড়ে ব্যথা হচ্ছে।"
183,Cervical spondylosis,"I've been experiencing back pain, a dry cough, and muscle weakness. I've been experiencing neck pain, feeling lightheaded, and having trouble standing still.","मैं पीठ दर्द, एक सूखी खांसी और मांसपेशियों की कमजोरी का अनुभव कर रहा हूं। मैं गर्दन में दर्द का अनुभव कर रहा हूं, लाइटहेड महसूस कर रहा हूं, और अभी भी खड़े होने में परेशानी हो रही है।","আমি পিঠে ব্যথা, একটি শুকনো কাশি এবং পেশী দুর্বলতা অনুভব করছি। আমি ঘাড়ের ব্যথা অনুভব করছি, হালকা মাথা অনুভব করছি এবং স্থির হয়ে দাঁড়াতে সমস্যা হচ্ছে।"
184,Cervical spondylosis,"I have been struggling with intense back pain, a chronic cough, and weakness in my arms and legs. My neck is sore and I have had problems with dizziness and loss of balance.","मैं तीव्र पीठ दर्द, एक पुरानी खांसी, और अपनी बाहों और पैरों में कमजोरी के साथ संघर्ष कर रहा हूं। मेरी गर्दन गले में है और मुझे चक्कर आना और संतुलन के नुकसान की समस्या है।","আমি তীব্র পিঠে ব্যথা, দীর্ঘস্থায়ী কাশি এবং আমার বাহু এবং পায়ে দুর্বলতার সাথে লড়াই করে যাচ্ছি। আমার ঘাড়ে ঘা এবং আমার মাথা ঘোরা এবং ভারসাম্য হ্রাস নিয়ে সমস্যা হয়েছে।"
185,Cervical spondylosis,"I've had terrible back pain, a persistent cough, and weakness in my arms and legs. I have issues with dizziness and balance loss, and my neck hurts.","मुझे पीठ दर्द, एक लगातार खांसी, और मेरी बाहों और पैरों में कमजोरी है। मेरे पास चक्कर आना और संतुलन के नुकसान के साथ मुद्दे हैं, और मेरी गर्दन में दर्द होता है।","আমার পিঠে ব্যথা, অবিরাম কাশি এবং আমার বাহু এবং পায়ে দুর্বলতা ছিল। মাথা ঘোরা এবং ভারসাম্য হ্রাস নিয়ে আমার সমস্যা রয়েছে এবং আমার ঘাড়ে ব্যথা হয়।"
186,Cervical spondylosis,"I've been suffering from severe back pain, a persistent cough, and numbness in my arms and legs. I've been experiencing issues with vertigo and balance issues, and my neck hurts.","मैं गंभीर पीठ दर्द, एक लगातार खांसी, और अपनी बाहों और पैरों में सुन्नता से पीड़ित हूं। मैं वर्टिगो और संतुलन के मुद्दों के साथ मुद्दों का अनुभव कर रहा हूं, और मेरी गर्दन में दर्द होता है।","আমি গুরুতর পিঠে ব্যথা, অবিরাম কাশি এবং আমার বাহু এবং পায়ে অসাড়তায় ভুগছি। আমি ভার্টিগো এবং ভারসাম্য সংক্রান্ত সমস্যা নিয়ে সমস্যাগুলি অনুভব করছি এবং আমার ঘাড়ে ব্যথা হচ্ছে।"
187,Cervical spondylosis,"Along with a persistent cough, weakness in my arms and legs, and severe back pain, I've been having a lot of trouble. I've experienced issues with vertigo and balance loss, and my neck is hurting.","लगातार खांसी के साथ, मेरी बाहों और पैरों में कमजोरी, और गंभीर पीठ दर्द, मुझे बहुत परेशानी हो रही है। मैंने वर्टिगो और बैलेंस लॉस के साथ मुद्दों का अनुभव किया है, और मेरी गर्दन दर्द कर रही है।","অবিচ্ছিন্ন কাশি, আমার বাহু এবং পায়ে দুর্বলতা এবং পিঠে তীব্র ব্যথার পাশাপাশি আমার অনেক সমস্যা হচ্ছে। আমি ভার্টিগো এবং ভারসাম্য হ্রাস নিয়ে সমস্যাগুলি অনুভব করেছি এবং আমার ঘাড়ে ব্যথা হচ্ছে।"
188,Cervical spondylosis,"I have been experiencing severe back pain, a cough that produces phlegm, and weakness in my muscles. My neck also hurts and I have been feeling dizzy and unsteady on my feet.","मैं गंभीर पीठ दर्द का अनुभव कर रहा हूं, एक खांसी जो कफ का उत्पादन करती है, और मेरी मांसपेशियों में कमजोरी। मेरी गर्दन भी दर्द करती है और मैं अपने पैरों पर चक्कर और अस्थिर महसूस कर रहा हूं।","আমি গুরুতর পিঠে ব্যথা, কাশি যা কফ উত্পাদন করে এবং আমার পেশীগুলিতে দুর্বলতা অনুভব করে চলেছে। আমার ঘাড়ও ব্যাথা করে এবং আমি আমার পায়ে চঞ্চল এবং অস্থির বোধ করছি।"
189,Cervical spondylosis,"In addition to having excruciating back pain, I've also been coughing up mucus and feeling weak all over. I've been feeling lightheaded and unstable on my feet, and my neck hurts as well.","पीठ दर्द को कम करने के अलावा, मैं भी बलगम को खांसी कर रहा हूं और सभी को कमजोर महसूस कर रहा हूं। मैं अपने पैरों पर प्रकाशस्तंभ और अस्थिर महसूस कर रहा हूं, और मेरी गर्दन भी दर्द होती है।","পিঠে ব্যথা ব্যথার পাশাপাশি, আমি শ্লেষ্মাও কাশি করে চলেছি এবং পুরোটা দুর্বল বোধ করছি। আমি আমার পায়ে হালকা মাথা এবং অস্থির বোধ করছি, এবং আমার ঘাড়েও ব্যথা হচ্ছে।"
190,Cervical spondylosis,"My muscles have been quite weak, and I've been coughing up phlegm along with significant back discomfort. In addition to feeling weak and disoriented, my neck has been hurting.","मेरी मांसपेशियां काफी कमजोर हो गई हैं, और मैं महत्वपूर्ण पीठ की असुविधा के साथ कफ को खांसी कर रहा हूं। कमजोर और भटकाव महसूस करने के अलावा, मेरी गर्दन में दर्द हो रहा है।","আমার পেশীগুলি বেশ দুর্বল হয়ে পড়েছে, এবং আমি উল্লেখযোগ্য পিছনে অস্বস্তির পাশাপাশি কফ কাশি করছি। দুর্বল এবং দিশেহারা বোধ করার পাশাপাশি আমার ঘাড়ে ব্যথা হচ্ছে।"
191,Cervical spondylosis,"Along with a phlegmy cough and muscle weakness, I've been dealing with excruciating back pain. In addition to feeling woozy and shaky on my feet, my neck has been hurting.","एक कफ खांसी और मांसपेशियों की कमजोरी के साथ, मैं पीठ दर्द को कम करने के साथ काम कर रहा हूं। मेरे पैरों पर woozy और shaky महसूस करने के अलावा, मेरी गर्दन दर्द कर रही है।",একটি কফির কাশি এবং পেশী দুর্বলতার পাশাপাশি আমি পিঠে ব্যথা ব্যথার সাথে আচরণ করছি। আমার পায়ে উজ্জীবিত এবং নড়বড়ে লাগার পাশাপাশি আমার ঘাড়ে ব্যথা হচ্ছে।
192,Cervical spondylosis,"I have been dealing with back pain, a persistent cough, and weakness in my limbs. My neck is sore and I have had issues with dizziness and loss of balance.","मैं पीठ दर्द, एक लगातार खांसी, और अपने अंगों में कमजोरी के साथ काम कर रहा हूं। मेरी गर्दन गले में खराश है और मुझे चक्कर आना और संतुलन के नुकसान के साथ मुद्दे हैं।","আমি পিঠে ব্যথা, অবিরাম কাশি এবং আমার অঙ্গগুলির দুর্বলতা নিয়ে কাজ করছি। আমার ঘাড়ে ঘা এবং আমার মাথা ঘোরা এবং ভারসাম্য হ্রাস নিয়ে সমস্যা রয়েছে।"
193,Cervical spondylosis,"Back ache, a chronic cough, and limb weakness have been bothering me. I have troubles with disorientation and balance loss, and my neck hurts.","पीठ दर्द, एक पुरानी खांसी, और अंग की कमजोरी मुझे परेशान कर रही है। मुझे भटकाव और संतुलन के नुकसान से परेशानी है, और मेरी गर्दन में दर्द होता है।","পিছনে ব্যথা, একটি দীর্ঘস্থায়ী কাশি এবং অঙ্গ দুর্বলতা আমাকে বিরক্ত করছে। আমার বিশৃঙ্খলা এবং ভারসাম্য হ্রাস নিয়ে সমস্যা রয়েছে এবং আমার ঘাড়ে ব্যথা হয়।"
194,Cervical spondylosis,"I've had back pain, a cough that won't go away, and limb weakness. I've been experiencing neck pain, instability, and balance concerns.","मुझे पीठ दर्द है, एक खांसी जो दूर नहीं जाएगी, और कमजोरी की कमजोरी। मैं गर्दन में दर्द, अस्थिरता और संतुलन की चिंताओं का अनुभव कर रहा हूं।","আমার পিঠে ব্যথা ছিল, এমন একটি কাশি যা দূরে যাবে না এবং অঙ্গগুলির দুর্বলতা। আমি ঘাড়ে ব্যথা, অস্থিরতা এবং ভারসাম্য উদ্বেগের মুখোমুখি হয়েছি।"
195,Cervical spondylosis,"I have been suffering from back pain, a chronic cough, and weakness in my arms and legs. My neck hurts and I have been feeling dizzy and off balance","मैं पीठ दर्द, एक पुरानी खांसी, और अपनी बाहों और पैरों में कमजोरी से पीड़ित रहा हूं। मेरी गर्दन में दर्द होता है और मुझे चक्कर आ रहा है","আমি পিঠে ব্যথা, একটি দীর্ঘস্থায়ী কাশি এবং আমার বাহু এবং পায়ে দুর্বলতায় ভুগছি। আমার ঘাড়ে ব্যথা হয় এবং আমি চঞ্চল এবং ভারসাম্য বোধ করছি"
196,Cervical spondylosis,"Back pain, a persistent cough, and numbness in my arms and legs have been bothering me. My neck hurts, and I've been feeling lightheaded and unsteady.","पीठ दर्द, एक लगातार खांसी, और मेरी बाहों और पैरों में सुन्नता मुझे परेशान कर रही है। मेरी गर्दन में दर्द होता है, और मैं लाइटहेड और अस्थिर महसूस कर रहा हूं।","পিঠে ব্যথা, অবিরাম কাশি এবং আমার বাহু এবং পায়ে অসাড়তা আমাকে বিরক্ত করছে। আমার ঘাড়ে ব্যথা হয়, এবং আমি হালকা এবং অস্থির বোধ করছি।"
197,Cervical spondylosis,"I've had back pain, a persistent cough, and weakness in my arms and legs. My neck hurts, and I've been feeling off-balance and woozy.","मुझे पीठ दर्द है, एक लगातार खांसी, और मेरी बाहों और पैरों में कमजोरी है। मेरी गर्दन में दर्द होता है, और मैं ऑफ-बैलेंस और वूज़ी महसूस कर रहा हूं।","আমার পিঠে ব্যথা, অবিরাম কাশি এবং আমার বাহু এবং পায়ে দুর্বলতা ছিল। আমার ঘাড়ে ব্যথা হয়, এবং আমি অফ-ব্যালেন্স এবং উজ্জীবিত বোধ করছি।"
198,Cervical spondylosis,"I have been struggling with back pain, a productive cough, and weakness in my muscles. My neck is sore and I have had problems with dizziness and unsteady balance.","मैं पीठ दर्द, एक उत्पादक खांसी और अपनी मांसपेशियों में कमजोरी के साथ संघर्ष कर रहा हूं। मेरी गर्दन गले में खराश है और मुझे चक्कर आना और अस्थिर संतुलन की समस्या है।","আমি পিঠে ব্যথা, একটি উত্পাদনশীল কাশি এবং আমার পেশীগুলিতে দুর্বলতার সাথে লড়াই করে যাচ্ছি। আমার ঘাড়ে ঘা এবং আমার মাথা ঘোরা এবং অস্থির ভারসাম্য নিয়ে সমস্যা হয়েছে।"
199,Cervical spondylosis,"Back pain, a productive cough, and muscle weakness have been bothering me. I have issues with dizziness and uneven balance, and my neck hurts.","पीठ दर्द, एक उत्पादक खांसी, और मांसपेशियों की कमजोरी मुझे परेशान कर रही है। मेरे पास चक्कर और असमान संतुलन के साथ मुद्दे हैं, और मेरी गर्दन में दर्द होता है।","পিঠে ব্যথা, একটি উত্পাদনশীল কাশি এবং পেশী দুর্বলতা আমাকে বিরক্ত করছে। মাথা ঘোরা এবং অসম ভারসাম্য নিয়ে আমার সমস্যা রয়েছে এবং আমার ঘাড়ে ব্যথা হয়।"
200,Jaundice,"I have been experiencing intense itching, vomiting, and fatigue. I have also lost weight and have a high fever. My skin has turned yellow and my urine is dark. I have also been experiencing abdominal pain.","मैं तीव्र खुजली, उल्टी और थकान का अनुभव कर रहा हूं। मैंने भी वजन कम किया है और तेज बुखार है। मेरी त्वचा पीली हो गई है और मेरा मूत्र अंधेरा है। मैं भी पेट में दर्द का अनुभव कर रहा हूं।","আমি তীব্র চুলকানি, বমি এবং ক্লান্তি অনুভব করছি। আমার ওজনও হ্রাস পেয়েছে এবং উচ্চ জ্বর রয়েছে। আমার ত্বক হলুদ হয়ে গেছে এবং আমার প্রস্রাব অন্ধকার। আমি পেটে ব্যথাও অনুভব করছি।"
201,Jaundice,"I've been feeling extremely scratchy, sick, and worn out. In addition, I've lost weight and have a temperature. My urine is dark, and my skin has turned yellow. Additionally, I've been having stomach pain.","मैं बेहद खरोंच, बीमार और खराब हो रहा हूं। इसके अलावा, मैंने वजन कम किया है और एक तापमान है। मेरा मूत्र अंधेरा है, और मेरी त्वचा पीली हो गई है। इसके अतिरिक्त, मुझे पेट में दर्द हो रहा है।","আমি অত্যন্ত স্ক্র্যাচি, অসুস্থ এবং জরাজীর্ণ বোধ করছি। এছাড়াও, আমার ওজন হ্রাস এবং একটি তাপমাত্রা আছে। আমার প্রস্রাব অন্ধকার, এবং আমার ত্বক হলুদ হয়ে গেছে। অতিরিক্তভাবে, আমার পেটে ব্যথা হচ্ছে।"
202,Jaundice,"I've felt really scratchy, nauseated, and worn out. I also had a high fever and lost weight. Both my skin and my urine have become yellow. Additionally, my stomach has been hurting.","मैंने वास्तव में खरोंच, मतली, और खराब महसूस किया है। मुझे भी तेज बुखार था और वजन कम किया गया था। मेरी त्वचा और मेरा मूत्र दोनों पीले हो गए हैं। इसके अतिरिक्त, मेरा पेट दर्द कर रहा है।","আমি সত্যিই স্ক্র্যাচি, বমি বমি ভাব এবং জরাজীর্ণ অনুভব করেছি। আমারও উচ্চ জ্বর ছিল এবং ওজন হ্রাস পেয়েছিল। আমার ত্বক এবং আমার প্রস্রাব উভয়ই হলুদ হয়ে গেছে। অতিরিক্তভাবে, আমার পেটে ব্যথা হচ্ছে।"
203,Jaundice,"Extreme itchiness, sickness, and exhaustion have all been plaguing me. In addition, I developed a fever and lost weight. My pee is black, and I've developed a yellow rash. Additionally, I've had stomach ache.","अत्यधिक खुजली, बीमारी और थकावट सभी मुझे परेशान कर रहे हैं। इसके अलावा, मैंने बुखार विकसित किया और वजन कम किया। मेरा पेशाब काला है, और मैंने एक पीला दाने विकसित किया है। इसके अतिरिक्त, मुझे पेट में दर्द हुआ है।","চরম চুলকানি, অসুস্থতা এবং ক্লান্তি সবই আমাকে জর্জরিত করে চলেছে। এছাড়াও, আমি জ্বর বিকাশ করেছি এবং ওজন হ্রাস করেছি। আমার প্রস্রাব কালো, এবং আমি একটি হলুদ ফুসকুড়ি বিকাশ করেছি। অতিরিক্তভাবে, আমার পেটে ব্যথা হয়েছে।"
204,Jaundice,I have been having severe itching and vomiting. I am also very tired and have lost weight. My fever is high and my skin has turned yellow. My urine is dark and I have been experiencing abdominal pain,मुझे गंभीर खुजली और उल्टी हो रही है। मैं भी बहुत थक गया हूं और वजन कम कर चुका हूं। मेरा बुखार अधिक है और मेरी त्वचा पीली हो गई है। मेरा मूत्र अंधेरा है और मुझे पेट में दर्द हो रहा है,আমি মারাত্মক চুলকানি এবং বমি বমি করছি। আমিও খুব ক্লান্ত এবং ওজন হ্রাস পেয়েছি। আমার জ্বর বেশি এবং আমার ত্বক হলুদ হয়ে গেছে। আমার প্রস্রাব অন্ধকার এবং আমি পেটে ব্যথা অনুভব করছি
205,Jaundice,"I've been experiencing intense itching and nausea. I have lost weight and am also really exhausted. My skin has become yellow, and I have a severe fever. I have dark urine, and I've been having stomach pain.","मैं तीव्र खुजली और मतली का अनुभव कर रहा हूं। मैंने अपना वजन कम कर लिया है और मैं भी वास्तव में थक गया हूं। मेरी त्वचा पीली हो गई है, और मुझे एक गंभीर बुखार है। मुझे गहरे रंग का मूत्र है, और मुझे पेट में दर्द हो रहा है।","আমি তীব্র চুলকানি এবং বমি বমি ভাব অনুভব করছি। আমার ওজন হ্রাস পেয়েছে এবং আমিও সত্যিই ক্লান্ত হয়ে পড়েছি। আমার ত্বক হলুদ হয়ে গেছে, এবং আমার তীব্র জ্বর রয়েছে। আমার গা dark ় প্রস্রাব আছে, এবং আমার পেটে ব্যথা হচ্ছে।"
206,Jaundice,"I've been throwing up and experiencing intense itching. Along with losing weight, I'm also really exhausted. My skin has become yellow, and my fever is really high. I've been having stomach pain and my pee is black.","मैं फेंक रहा हूं और तीव्र खुजली का अनुभव कर रहा हूं। वजन कम करने के साथ, मैं भी वास्तव में थक गया हूं। मेरी त्वचा पीली हो गई है, और मेरा बुखार वास्तव में अधिक है। मुझे पेट में दर्द हो रहा है और मेरा पेशाब काला है।","আমি ছুঁড়ে ফেলছি এবং তীব্র চুলকানি অনুভব করছি। ওজন হ্রাস করার পাশাপাশি আমিও সত্যিই ক্লান্ত হয়ে পড়েছি। আমার ত্বক হলুদ হয়ে গেছে, এবং আমার জ্বর সত্যিই বেশি। আমার পেটে ব্যথা হচ্ছে এবং আমার প্রস্রাব কালো।"
207,Jaundice,"Strong itchiness and nausea have been bothering me. I have also lost weight and am really exhausted. I have a high fever, and my skin is becoming yellow. In addition to feeling stomach ache, my pee is black.","मजबूत खुजली और मतली मुझे परेशान कर रही है। मैंने भी वजन कम किया है और वास्तव में थक गया हूं। मुझे तेज बुखार है, और मेरी त्वचा पीली हो रही है। पेट में दर्द महसूस करने के अलावा, मेरा पेशाब काला है।","দৃ strong ় চুলকানি এবং বমি বমি ভাব আমাকে বিরক্ত করছে। আমিও ওজন হ্রাস করেছি এবং সত্যিই ক্লান্ত হয়ে পড়েছি। আমার উচ্চ জ্বর রয়েছে, এবং আমার ত্বক হলুদ হয়ে উঠছে। পেটে ব্যথা অনুভব করার পাশাপাশি আমার প্রস্রাব কালো।"
208,Jaundice,I've been experiencing terrible itching and nausea. I've lost weight and am also really exhausted. My skin has become yellow and I have a severe temperature. I have dark urine and stomach ache.,मैं भयानक खुजली और मतली का अनुभव कर रहा हूं। मैंने अपना वजन कम कर लिया है और मैं भी वास्तव में थक गया हूं। मेरी त्वचा पीली हो गई है और मेरे पास गंभीर तापमान है। मुझे गहरे मूत्र और पेट में दर्द है।,আমি ভয়াবহ চুলকানি এবং বমি বমি ভাব অনুভব করছি। আমি ওজন হ্রাস করেছি এবং সত্যিই ক্লান্ত। আমার ত্বক হলুদ হয়ে গেছে এবং আমার তীব্র তাপমাত্রা রয়েছে। আমার গা dark ় প্রস্রাব এবং পেটে ব্যথা আছে।
209,Jaundice,I have been feeling itchy and have been vomiting. I am also very fatigued and have lost weight. My fever is high and my skin has become yellow. My urine is dark and I have abdominal pain,मैं खुजली महसूस कर रहा हूं और उल्टी कर रहा हूं। मैं भी बहुत थका हुआ हूं और वजन कम कर चुका हूं। मेरा बुखार अधिक है और मेरी त्वचा पीली हो गई है। मेरा मूत्र अंधेरा है और मुझे पेट में दर्द है,আমি চুলকানি বোধ করছি এবং বমি বমি করছি। আমিও খুব ক্লান্ত হয়ে পড়েছি এবং ওজন হ্রাস পেয়েছি। আমার জ্বর বেশি এবং আমার ত্বক হলুদ হয়ে গেছে। আমার প্রস্রাব অন্ধকার এবং আমার পেটে ব্যথা আছে
210,Jaundice,"I've been feeling scratchy and throwing up. I have lost weight and am also really exhausted. My skin has become yellow, and I have a severe fever. I have stomach ache and black urine.","मैं खरोंच महसूस कर रहा हूं और फेंक रहा हूं। मैंने अपना वजन कम कर लिया है और मैं भी वास्तव में थक गया हूं। मेरी त्वचा पीली हो गई है, और मुझे एक गंभीर बुखार है। मुझे पेट में दर्द और काला मूत्र है।","আমি স্ক্র্যাচি অনুভব করছি এবং ছুঁড়ে ফেলছি। আমার ওজন হ্রাস পেয়েছে এবং আমিও সত্যিই ক্লান্ত হয়ে পড়েছি। আমার ত্বক হলুদ হয়ে গেছে, এবং আমার তীব্র জ্বর রয়েছে। আমার পেটে ব্যথা এবং কালো প্রস্রাব রয়েছে।"
211,Jaundice,"I've been itchy and have been throwing up. Along with losing weight, I'm also really exhausted. My skin has turned yellow, and my fever is high. Additionally, I get stomach ache and dark urine.","मुझे खुजली हो गई है और वह फेंक रहा है। वजन कम करने के साथ, मैं भी वास्तव में थक गया हूं। मेरी त्वचा पीली हो गई है, और मेरा बुखार अधिक है। इसके अतिरिक्त, मुझे पेट में दर्द और गहरे रंग का दर्द मिलता है।","আমি চুলকানি হয়েছি এবং ছুঁড়ে ফেলেছি। ওজন হ্রাস করার পাশাপাশি আমিও সত্যিই ক্লান্ত হয়ে পড়েছি। আমার ত্বক হলুদ হয়ে গেছে, এবং আমার জ্বর বেশি। অতিরিক্তভাবে, আমি পেটের ব্যথা এবং গা dark ় প্রস্রাব পাই।"
212,Jaundice,"I've had a scratchy stomach and been throwing up. Aside from losing weight, I am also really exhausted. I have a high fever and yellow skin. Besides having stomach ache, my pee is black.","मेरे पास एक खरोंच पेट है और फेंक रहा है। वजन कम करने के अलावा, मैं भी वास्तव में थक गया हूं। मुझे तेज बुखार और पीली त्वचा है। पेट में दर्द होने के अलावा, मेरा पेशाब काला है।",আমি একটি স্ক্র্যাচি পেট ছিল এবং ছোঁড়া। ওজন হ্রাস বাদে আমিও সত্যিই ক্লান্ত হয়ে পড়েছি। আমার উচ্চ জ্বর এবং হলুদ ত্বক রয়েছে। পেটে ব্যথা ছাড়াও আমার প্রস্রাব কালো।
213,Jaundice,"I've been itchy and throwing up. In addition, I have lost weight and feel really exhausted. My skin has become yellow and I have a severe temperature. I have abdominal ache and black urine.","मुझे खुजली और फेंक दिया गया है। इसके अलावा, मैंने अपना वजन कम किया है और वास्तव में थका हुआ महसूस किया है। मेरी त्वचा पीली हो गई है और मेरे पास गंभीर तापमान है। मुझे पेट में दर्द और काला मूत्र है।","আমি চুলকানি এবং ছুঁড়ে ফেলেছি। এছাড়াও, আমি ওজন হ্রাস করেছি এবং সত্যিই ক্লান্ত বোধ করছি। আমার ত্বক হলুদ হয়ে গেছে এবং আমার তীব্র তাপমাত্রা রয়েছে। আমার পেটে ব্যথা এবং কালো প্রস্রাব রয়েছে।"
214,Jaundice,"I've been exhausted and experiencing nausea and itching. In addition, I've lost weight and have a temperature. My urine is dark, and my skin has turned yellow. Additionally, I've been having stomach pain.","मैं थका हुआ हूं और मतली और खुजली का अनुभव कर रहा हूं। इसके अलावा, मैंने वजन कम किया है और एक तापमान है। मेरा मूत्र अंधेरा है, और मेरी त्वचा पीली हो गई है। इसके अतिरिक्त, मुझे पेट में दर्द हो रहा है।","আমি ক্লান্ত হয়ে পড়েছি এবং বমি বমি ভাব এবং চুলকানি অনুভব করছি। এছাড়াও, আমার ওজন হ্রাস এবং একটি তাপমাত্রা আছে। আমার প্রস্রাব অন্ধকার, এবং আমার ত্বক হলুদ হয়ে গেছে। অতিরিক্তভাবে, আমার পেটে ব্যথা হচ্ছে।"
215,Jaundice,"I have been suffering from itching, vomiting, and fatigue. I have also lost weight and have a high fever. My skin has turned yellow and my urine is dark. I have also been experiencing abdominal pain","मैं खुजली, उल्टी और थकान से पीड़ित रहा हूं। मैंने भी वजन कम किया है और तेज बुखार है। मेरी त्वचा पीली हो गई है और मेरा मूत्र अंधेरा है। मैं भी पेट में दर्द का अनुभव कर रहा हूं","আমি চুলকানি, বমি এবং ক্লান্তিতে ভুগছি। আমার ওজনও হ্রাস পেয়েছে এবং উচ্চ জ্বর রয়েছে। আমার ত্বক হলুদ হয়ে গেছে এবং আমার প্রস্রাব অন্ধকার। আমি পেটে ব্যথাও অনুভব করছি"
216,Jaundice,"I've been feeling scratchy, sick, and worn out. I also had a high fever and lost weight. Both my skin and my urine have become yellow. Additional stomach pain that I've been having","मैं खरोंच, बीमार और खराब महसूस कर रहा हूं। मुझे भी तेज बुखार था और वजन कम किया गया था। मेरी त्वचा और मेरा मूत्र दोनों पीले हो गए हैं। अतिरिक्त पेट दर्द जो मुझे हो रहा है","আমি স্ক্র্যাচি, অসুস্থ এবং জীর্ণ বোধ করছি। আমারও উচ্চ জ্বর ছিল এবং ওজন হ্রাস পেয়েছিল। আমার ত্বক এবং আমার প্রস্রাব উভয়ই হলুদ হয়ে গেছে। অতিরিক্ত পেটে ব্যথা যা আমি করছি"
217,Jaundice,"The itch, the nausea, and the weariness have been bothering me. In addition, I developed a fever and lost weight. My pee is black, and I've developed a yellow rash. Additionally, I've had stomach ache.","खुजली, मतली, और थकावट मुझे परेशान कर रही है। इसके अलावा, मैंने बुखार विकसित किया और वजन कम किया। मेरा पेशाब काला है, और मैंने एक पीला दाने विकसित किया है। इसके अतिरिक्त, मुझे पेट में दर्द हुआ है।","চুলকানি, বমি বমি ভাব এবং ক্লান্তি আমাকে বিরক্ত করছে। এছাড়াও, আমি জ্বর বিকাশ করেছি এবং ওজন হ্রাস করেছি। আমার প্রস্রাব কালো, এবং আমি একটি হলুদ ফুসকুড়ি বিকাশ করেছি। অতিরিক্তভাবে, আমার পেটে ব্যথা হয়েছে।"
218,Jaundice,"I've had nausea, vomiting, and exhaustion. Additionally, I've lost weight and have a temperature. My urine is black and my skin has turned yellow. I've also been having stomach pain.","मुझे मतली, उल्टी और थकावट मिली है। इसके अतिरिक्त, मैंने वजन कम किया है और एक तापमान है। मेरा मूत्र काला है और मेरी त्वचा पीली हो गई है। मुझे पेट में दर्द भी हो रहा है।","আমি বমি বমি ভাব, বমি বমি ভাব এবং ক্লান্তি পেয়েছি। অতিরিক্তভাবে, আমার ওজন হ্রাস এবং একটি তাপমাত্রা আছে। আমার প্রস্রাব কালো এবং আমার ত্বক হলুদ হয়ে গেছে। আমারও পেটে ব্যথা হচ্ছে।"
219,Jaundice,"I have been experiencing intense itching, vomiting, and fatigue. I have also lost weight and have a high fever. My skin has turned yellow and my urine is dark. I have been having abdominal pain as well.","मैं तीव्र खुजली, उल्टी और थकान का अनुभव कर रहा हूं। मैंने भी वजन कम किया है और तेज बुखार है। मेरी त्वचा पीली हो गई है और मेरा मूत्र अंधेरा है। मुझे पेट में दर्द भी हो रहा है।","আমি তীব্র চুলকানি, বমি এবং ক্লান্তি অনুভব করছি। আমার ওজনও হ্রাস পেয়েছে এবং উচ্চ জ্বর রয়েছে। আমার ত্বক হলুদ হয়ে গেছে এবং আমার প্রস্রাব অন্ধকার। আমারও পেটে ব্যথা হচ্ছে।"
220,Jaundice,"I've been feeling extremely scratchy, sick, and worn out. In addition, I've lost weight and have a temperature. My urine is dark, and my skin has turned yellow. Additionally, I have been experiencing stomach pain.","मैं बेहद खरोंच, बीमार और खराब हो रहा हूं। इसके अलावा, मैंने वजन कम किया है और एक तापमान है। मेरा मूत्र अंधेरा है, और मेरी त्वचा पीली हो गई है। इसके अतिरिक्त, मुझे पेट में दर्द हो रहा है।","আমি অত্যন্ত স্ক্র্যাচি, অসুস্থ এবং জরাজীর্ণ বোধ করছি। এছাড়াও, আমার ওজন হ্রাস এবং একটি তাপমাত্রা আছে। আমার প্রস্রাব অন্ধকার, এবং আমার ত্বক হলুদ হয়ে গেছে। অতিরিক্তভাবে, আমি পেটের ব্যথা অনুভব করছি।"
221,Jaundice,"I've been feeling extremely scratchy, sick, and worn out. In addition, I've lost weight and have a temperature. My urine is dark, and my skin has turned yellow. Additionally, I have been experiencing stomach pain.","मैं बेहद खरोंच, बीमार और खराब हो रहा हूं। इसके अलावा, मैंने वजन कम किया है और एक तापमान है। मेरा मूत्र अंधेरा है, और मेरी त्वचा पीली हो गई है। इसके अतिरिक्त, मुझे पेट में दर्द हो रहा है।","আমি অত্যন্ত স্ক্র্যাচি, অসুস্থ এবং জরাজীর্ণ বোধ করছি। এছাড়াও, আমার ওজন হ্রাস এবং একটি তাপমাত্রা আছে। আমার প্রস্রাব অন্ধকার, এবং আমার ত্বক হলুদ হয়ে গেছে। অতিরিক্তভাবে, আমি পেটের ব্যথা অনুভব করছি।"
222,Jaundice,"I've been feeling extremely scratchy, sick, and worn out. In addition, I've lost weight and have a temperature. My urine is dark, and my skin has turned yellow. Additionally, I have been experiencing stomach pain.","मैं बेहद खरोंच, बीमार और खराब हो रहा हूं। इसके अलावा, मैंने वजन कम किया है और एक तापमान है। मेरा मूत्र अंधेरा है, और मेरी त्वचा पीली हो गई है। इसके अतिरिक्त, मुझे पेट में दर्द हो रहा है।","আমি অত্যন্ত স্ক্র্যাচি, অসুস্থ এবং জরাজীর্ণ বোধ করছি। এছাড়াও, আমার ওজন হ্রাস এবং একটি তাপমাত্রা আছে। আমার প্রস্রাব অন্ধকার, এবং আমার ত্বক হলুদ হয়ে গেছে। অতিরিক্তভাবে, আমি পেটের ব্যথা অনুভব করছি।"
223,Jaundice,"I've been constantly feeling scratchy, sick, and tired out. In addition, I've lost weight and have a temperature. My urine is dark, and my skin has turned yellow. Furthermore, I have been experiencing stomach pain.","मैं लगातार खरोंच, बीमार और थक गया महसूस कर रहा हूं। इसके अलावा, मैंने वजन कम किया है और एक तापमान है। मेरा मूत्र अंधेरा है, और मेरी त्वचा पीली हो गई है। इसके अलावा, मुझे पेट में दर्द हो रहा है।","আমি ক্রমাগত স্ক্র্যাচ, অসুস্থ এবং ক্লান্ত বোধ করছি। এছাড়াও, আমার ওজন হ্রাস এবং একটি তাপমাত্রা আছে। আমার প্রস্রাব অন্ধকার, এবং আমার ত্বক হলুদ হয়ে গেছে। তদুপরি, আমি পেটের ব্যথা অনুভব করছি।"
224,Jaundice,"I've felt really scratchy, nauseated, and worn out. I also had a high fever and lost weight. Both my skin and my urine have become yellow. I've also been experiencing stomach pain.","मैंने वास्तव में खरोंच, मतली, और खराब महसूस किया है। मुझे भी तेज बुखार था और वजन कम किया गया था। मेरी त्वचा और मेरा मूत्र दोनों पीले हो गए हैं। मुझे पेट में दर्द भी हो रहा है।","আমি সত্যিই স্ক্র্যাচি, বমি বমি ভাব এবং জরাজীর্ণ অনুভব করেছি। আমারও উচ্চ জ্বর ছিল এবং ওজন হ্রাস পেয়েছিল। আমার ত্বক এবং আমার প্রস্রাব উভয়ই হলুদ হয়ে গেছে। আমি পেটের ব্যথাও অনুভব করছি।"
225,Jaundice,"I have been having severe itching, vomiting, and fatigue. I have also lost weight and have a high fever. My skin has turned yellow and my urine is dark. I am also experiencing abdominal pain.","मुझे गंभीर खुजली, उल्टी और थकान हो रही है। मैंने भी वजन कम किया है और तेज बुखार है। मेरी त्वचा पीली हो गई है और मेरा मूत्र अंधेरा है। मुझे पेट में दर्द भी हो रहा है।","আমার তীব্র চুলকানি, বমি বমি ভাব এবং ক্লান্তি হচ্ছে। আমার ওজনও হ্রাস পেয়েছে এবং উচ্চ জ্বর রয়েছে। আমার ত্বক হলুদ হয়ে গেছে এবং আমার প্রস্রাব অন্ধকার। আমি পেটে ব্যথাও অনুভব করছি।"
226,Jaundice,"I've been feeling really scratchy, dizzy, and worn out. In addition, I've lost weight and have a temperature. My urine is dark, and my skin has turned yellow. Additionally, I get stomach pain.","मैं वास्तव में खरोंच, चक्करदार और खराब महसूस कर रहा हूं। इसके अलावा, मैंने वजन कम किया है और एक तापमान है। मेरा मूत्र अंधेरा है, और मेरी त्वचा पीली हो गई है। इसके अतिरिक्त, मुझे पेट में दर्द होता है।","আমি সত্যিই স্ক্র্যাচি, চঞ্চল এবং জরাজীর্ণ বোধ করছি। এছাড়াও, আমার ওজন হ্রাস এবং একটি তাপমাত্রা আছে। আমার প্রস্রাব অন্ধকার, এবং আমার ত্বক হলুদ হয়ে গেছে। অতিরিক্তভাবে, আমি পেটের ব্যথা পাই।"
227,Jaundice,"I've been experiencing intense itchiness, nausea, and exhaustion. I also had a high fever and lost weight. Both my skin and my urine have become yellow. Additionally, my stomach hurts.","मैं तीव्र खुजली, मतली और थकावट का अनुभव कर रहा हूं। मुझे भी तेज बुखार था और वजन कम किया गया था। मेरी त्वचा और मेरा मूत्र दोनों पीले हो गए हैं। इसके अतिरिक्त, मेरे पेट में दर्द होता है।","আমি তীব্র চুলকানি, বমি বমি ভাব এবং ক্লান্তি অনুভব করছি। আমারও উচ্চ জ্বর ছিল এবং ওজন হ্রাস পেয়েছিল। আমার ত্বক এবং আমার প্রস্রাব উভয়ই হলুদ হয়ে গেছে। অতিরিক্তভাবে, আমার পেটে ব্যথা হয়।"
228,Jaundice,"Extreme itchiness, nausea, and exhaustion have been bothering me. In addition, I developed a fever and lost weight. My pee is black, and I've developed a yellow rash. The ache in my stomach is also present.","अत्यधिक खुजली, मतली, और थकावट मुझे परेशान कर रही है। इसके अलावा, मैंने बुखार विकसित किया और वजन कम किया। मेरा पेशाब काला है, और मैंने एक पीला दाने विकसित किया है। मेरे पेट में दर्द भी मौजूद है।","চরম চুলকানি, বমি বমি ভাব এবং ক্লান্তি আমাকে বিরক্ত করছে। এছাড়াও, আমি জ্বর বিকাশ করেছি এবং ওজন হ্রাস করেছি। আমার প্রস্রাব কালো, এবং আমি একটি হলুদ ফুসকুড়ি বিকাশ করেছি। আমার পেটে ব্যথাও উপস্থিত রয়েছে।"
229,Jaundice,"Extreme itchiness, nausea, and fatigue have been troubling me. In moreover, I experienced a fever and lost weight. My pee is black, and I've developed a yellow rash. The ache in my stomach is also present.","अत्यधिक खुजली, मतली और थकान मुझे परेशान कर रही है। इसके अलावा, मैंने बुखार का अनुभव किया और वजन कम किया। मेरा पेशाब काला है, और मैंने एक पीला दाने विकसित किया है। मेरे पेट में दर्द भी मौजूद है।","চরম চুলকানি, বমি বমি ভাব এবং ক্লান্তি আমাকে বিরক্ত করছে। তদুপরি, আমি জ্বর এবং ওজন হ্রাস পেয়েছি। আমার প্রস্রাব কালো, এবং আমি একটি হলুদ ফুসকুড়ি বিকাশ করেছি। আমার পেটে ব্যথাও উপস্থিত রয়েছে।"
230,Jaundice,I have been feeling itchy and have been vomiting. I am also very tired and have lost weight. My fever is high and my skin has become yellow. I have been experiencing abdominal pain as well.,मैं खुजली महसूस कर रहा हूं और उल्टी कर रहा हूं। मैं भी बहुत थक गया हूं और वजन कम कर चुका हूं। मेरा बुखार अधिक है और मेरी त्वचा पीली हो गई है। मैं पेट में दर्द का भी अनुभव कर रहा हूं।,আমি চুলকানি বোধ করছি এবং বমি বমি করছি। আমিও খুব ক্লান্ত এবং ওজন হ্রাস পেয়েছি। আমার জ্বর বেশি এবং আমার ত্বক হলুদ হয়ে গেছে। আমি পেটে ব্যথাও অনুভব করছি।
231,Jaundice,"I've been itchy and have been throwing up. Along with losing weight, I'm also really exhausted. My skin has turned yellow, and my fever is high. My stomach has also been hurting recently.","मुझे खुजली हो गई है और वह फेंक रहा है। वजन कम करने के साथ, मैं भी वास्तव में थक गया हूं। मेरी त्वचा पीली हो गई है, और मेरा बुखार अधिक है। मेरा पेट भी हाल ही में दर्द कर रहा है।","আমি চুলকানি হয়েছি এবং ছুঁড়ে ফেলেছি। ওজন হ্রাস করার পাশাপাশি আমিও সত্যিই ক্লান্ত হয়ে পড়েছি। আমার ত্বক হলুদ হয়ে গেছে, এবং আমার জ্বর বেশি। আমার পেটেও সম্প্রতি ব্যথা হচ্ছে।"
232,Jaundice,"I've had a scratchy stomach and been throwing up. I have also lost weight and am really exhausted. I have a high fever and yellow skin. As well as you, I have been having stomach pain.","मेरे पास एक खरोंच पेट है और फेंक रहा है। मैंने भी वजन कम किया है और वास्तव में थक गया हूं। मुझे तेज बुखार और पीली त्वचा है। साथ ही आप, मुझे पेट में दर्द हो रहा है।","আমি একটি স্ক্র্যাচি পেট ছিল এবং ছোঁড়া। আমিও ওজন হ্রাস করেছি এবং সত্যিই ক্লান্ত হয়ে পড়েছি। আমার উচ্চ জ্বর এবং হলুদ ত্বক রয়েছে। পাশাপাশি আপনি, আমার পেটে ব্যথা হচ্ছে।"
233,Jaundice,I've been itchy and throwing up. I've lost weight and am also really exhausted. My skin has become yellow and I have a severe temperature. My stomach has also been hurting.,मुझे खुजली और फेंक दिया गया है। मैंने अपना वजन कम कर लिया है और मैं भी वास्तव में थक गया हूं। मेरी त्वचा पीली हो गई है और मेरे पास गंभीर तापमान है। मेरा पेट भी दर्द कर रहा है।,আমি চুলকানি এবং ছুঁড়ে ফেলেছি। আমি ওজন হ্রাস করেছি এবং সত্যিই ক্লান্ত। আমার ত্বক হলুদ হয়ে গেছে এবং আমার তীব্র তাপমাত্রা রয়েছে। আমার পেটেও ব্যথা হচ্ছে।
234,Jaundice,"I've been exhausted and experiencing nausea and itching. In addition, I've lost weight and have a temperature. My urine is dark, and my skin has turned yellow. Additionally, I've been having stomach pain.","मैं थका हुआ हूं और मतली और खुजली का अनुभव कर रहा हूं। इसके अलावा, मैंने वजन कम किया है और एक तापमान है। मेरा मूत्र अंधेरा है, और मेरी त्वचा पीली हो गई है। इसके अतिरिक्त, मुझे पेट में दर्द हो रहा है।","আমি ক্লান্ত হয়ে পড়েছি এবং বমি বমি ভাব এবং চুলকানি অনুভব করছি। এছাড়াও, আমার ওজন হ্রাস এবং একটি তাপমাত্রা আছে। আমার প্রস্রাব অন্ধকার, এবং আমার ত্বক হলুদ হয়ে গেছে। অতিরিক্তভাবে, আমার পেটে ব্যথা হচ্ছে।"
235,Jaundice,"I have been suffering from itching, vomiting, and fatigue. I have also lost weight and have a high fever. My skin has turned yellow and my urine is dark. I have also been experiencing abdominal pain","मैं खुजली, उल्टी और थकान से पीड़ित रहा हूं। मैंने भी वजन कम किया है और तेज बुखार है। मेरी त्वचा पीली हो गई है और मेरा मूत्र अंधेरा है। मैं भी पेट में दर्द का अनुभव कर रहा हूं","আমি চুলকানি, বমি এবং ক্লান্তিতে ভুগছি। আমার ওজনও হ্রাস পেয়েছে এবং উচ্চ জ্বর রয়েছে। আমার ত্বক হলুদ হয়ে গেছে এবং আমার প্রস্রাব অন্ধকার। আমি পেটে ব্যথাও অনুভব করছি"
236,Jaundice,"I've been feeling scratchy, sick, and worn out. I also had a high fever and lost weight. Both my skin and my urine have become yellow. Additional stomach pain that I've been having","मैं खरोंच, बीमार और खराब महसूस कर रहा हूं। मुझे भी तेज बुखार था और वजन कम किया गया था। मेरी त्वचा और मेरा मूत्र दोनों पीले हो गए हैं। अतिरिक्त पेट दर्द जो मुझे हो रहा है","আমি স্ক্র্যাচি, অসুস্থ এবং জীর্ণ বোধ করছি। আমারও উচ্চ জ্বর ছিল এবং ওজন হ্রাস পেয়েছিল। আমার ত্বক এবং আমার প্রস্রাব উভয়ই হলুদ হয়ে গেছে। অতিরিক্ত পেটে ব্যথা যা আমি করছি"
237,Jaundice,"The itch, the nausea, and the weariness have been bothering me. In addition, I developed a fever and lost weight. My pee is black, and I've developed a yellow rash. Additionally, I've had stomach ache.","खुजली, मतली, और थकावट मुझे परेशान कर रही है। इसके अलावा, मैंने बुखार विकसित किया और वजन कम किया। मेरा पेशाब काला है, और मैंने एक पीला दाने विकसित किया है। इसके अतिरिक्त, मुझे पेट में दर्द हुआ है।","চুলকানি, বমি বমি ভাব এবং ক্লান্তি আমাকে বিরক্ত করছে। এছাড়াও, আমি জ্বর বিকাশ করেছি এবং ওজন হ্রাস করেছি। আমার প্রস্রাব কালো, এবং আমি একটি হলুদ ফুসকুড়ি বিকাশ করেছি। অতিরিক্তভাবে, আমার পেটে ব্যথা হয়েছে।"
238,Jaundice,"I have been experiencing intense itching, vomiting, and fatigue. I have also lost weight and have a high fever. My skin has turned yellow and my urine is dark. I have been having abdominal pain as well.","मैं तीव्र खुजली, उल्टी और थकान का अनुभव कर रहा हूं। मैंने भी वजन कम किया है और तेज बुखार है। मेरी त्वचा पीली हो गई है और मेरा मूत्र अंधेरा है। मुझे पेट में दर्द भी हो रहा है।","আমি তীব্র চুলকানি, বমি এবং ক্লান্তি অনুভব করছি। আমার ওজনও হ্রাস পেয়েছে এবং উচ্চ জ্বর রয়েছে। আমার ত্বক হলুদ হয়ে গেছে এবং আমার প্রস্রাব অন্ধকার। আমারও পেটে ব্যথা হচ্ছে।"
239,Jaundice,"I've been feeling extremely scratchy, sick, and worn out. In addition, I've lost weight and have a temperature. My urine is dark, and my skin has turned yellow. Additionally, I have been experiencing stomach pain.","मैं बेहद खरोंच, बीमार और खराब हो रहा हूं। इसके अलावा, मैंने वजन कम किया है और एक तापमान है। मेरा मूत्र अंधेरा है, और मेरी त्वचा पीली हो गई है। इसके अतिरिक्त, मुझे पेट में दर्द हो रहा है।","আমি অত্যন্ত স্ক্র্যাচি, অসুস্থ এবং জরাজীর্ণ বোধ করছি। এছাড়াও, আমার ওজন হ্রাস এবং একটি তাপমাত্রা আছে। আমার প্রস্রাব অন্ধকার, এবং আমার ত্বক হলুদ হয়ে গেছে। অতিরিক্তভাবে, আমি পেটের ব্যথা অনুভব করছি।"
240,Jaundice,"I've felt really scratchy, nauseated, and worn out. I also had a high fever and lost weight. Both my skin and my urine have become yellow. I've also been experiencing stomach pain.","मैंने वास्तव में खरोंच, मतली, और खराब महसूस किया है। मुझे भी तेज बुखार था और वजन कम किया गया था। मेरी त्वचा और मेरा मूत्र दोनों पीले हो गए हैं। मुझे पेट में दर्द भी हो रहा है।","আমি সত্যিই স্ক্র্যাচি, বমি বমি ভাব এবং জরাজীর্ণ অনুভব করেছি। আমারও উচ্চ জ্বর ছিল এবং ওজন হ্রাস পেয়েছিল। আমার ত্বক এবং আমার প্রস্রাব উভয়ই হলুদ হয়ে গেছে। আমি পেটের ব্যথাও অনুভব করছি।"
241,Jaundice,"I have been having severe itching, vomiting, and fatigue. I have also lost weight and have a high fever. My skin has turned yellow and my urine is dark. I am also experiencing abdominal pain.","मुझे गंभीर खुजली, उल्टी और थकान हो रही है। मैंने भी वजन कम किया है और तेज बुखार है। मेरी त्वचा पीली हो गई है और मेरा मूत्र अंधेरा है। मुझे पेट में दर्द भी हो रहा है।","আমার তীব্র চুলকানি, বমি বমি ভাব এবং ক্লান্তি হচ্ছে। আমার ওজনও হ্রাস পেয়েছে এবং উচ্চ জ্বর রয়েছে। আমার ত্বক হলুদ হয়ে গেছে এবং আমার প্রস্রাব অন্ধকার। আমি পেটে ব্যথাও অনুভব করছি।"
242,Jaundice,"I've been feeling really scratchy, dizzy, and worn out. In addition, I've lost weight and have a temperature. My urine is dark, and my skin has turned yellow. Additionally, I get stomach pain.","मैं वास्तव में खरोंच, चक्करदार और खराब महसूस कर रहा हूं। इसके अलावा, मैंने वजन कम किया है और एक तापमान है। मेरा मूत्र अंधेरा है, और मेरी त्वचा पीली हो गई है। इसके अतिरिक्त, मुझे पेट में दर्द होता है।","আমি সত্যিই স্ক্র্যাচি, চঞ্চল এবং জরাজীর্ণ বোধ করছি। এছাড়াও, আমার ওজন হ্রাস এবং একটি তাপমাত্রা আছে। আমার প্রস্রাব অন্ধকার, এবং আমার ত্বক হলুদ হয়ে গেছে। অতিরিক্তভাবে, আমি পেটের ব্যথা পাই।"
243,Jaundice,"I've been experiencing intense itchiness, nausea, and exhaustion. I also had a high fever and lost weight. Both my skin and my urine have become yellow. Additionally, my stomach hurts.","मैं तीव्र खुजली, मतली और थकावट का अनुभव कर रहा हूं। मुझे भी तेज बुखार था और वजन कम किया गया था। मेरी त्वचा और मेरा मूत्र दोनों पीले हो गए हैं। इसके अतिरिक्त, मेरे पेट में दर्द होता है।","আমি তীব্র চুলকানি, বমি বমি ভাব এবং ক্লান্তি অনুভব করছি। আমারও উচ্চ জ্বর ছিল এবং ওজন হ্রাস পেয়েছিল। আমার ত্বক এবং আমার প্রস্রাব উভয়ই হলুদ হয়ে গেছে। অতিরিক্তভাবে, আমার পেটে ব্যথা হয়।"
244,Jaundice,"I have been experiencing itching, vomiting, fatigue, and weight loss. My fever is high and my skin has turned yellow. My urine is dark and I have been experiencing abdominal pain.","मैं खुजली, उल्टी, थकान और वजन घटाने का अनुभव कर रहा हूं। मेरा बुखार अधिक है और मेरी त्वचा पीली हो गई है। मेरा मूत्र अंधेरा है और मुझे पेट में दर्द हो रहा है।","আমি চুলকানি, বমি বমিভাব, ক্লান্তি এবং ওজন হ্রাস অনুভব করছি। আমার জ্বর বেশি এবং আমার ত্বক হলুদ হয়ে গেছে। আমার প্রস্রাব অন্ধকার এবং আমি পেটে ব্যথা অনুভব করছি।"
245,Jaundice,"I've been losing weight and experiencing nausea, itching, and exhaustion. My skin has become yellow, and I have a severe fever. I have dark urine, and I've been having stomach pain.","मैं वजन कम कर रहा हूं और मतली, खुजली और थकावट का अनुभव कर रहा हूं। मेरी त्वचा पीली हो गई है, और मुझे एक गंभीर बुखार है। मुझे गहरे रंग का मूत्र है, और मुझे पेट में दर्द हो रहा है।","আমি ওজন হারাচ্ছি এবং বমি বমি ভাব, চুলকানি এবং ক্লান্তি অনুভব করছি। আমার ত্বক হলুদ হয়ে গেছে, এবং আমার তীব্র জ্বর রয়েছে। আমার গা dark ় প্রস্রাব আছে, এবং আমার পেটে ব্যথা হচ্ছে।"
246,Jaundice,"I have been suffering from intense itching, vomiting, fatigue, and weight loss. My fever is high and my skin has turned yellow. My urine is dark and I have been experiencing abdominal pain","मैं तीव्र खुजली, उल्टी, थकान और वजन घटाने से पीड़ित रहा हूं। मेरा बुखार अधिक है और मेरी त्वचा पीली हो गई है। मेरा मूत्र अंधेरा है और मुझे पेट में दर्द हो रहा है","আমি তীব্র চুলকানি, বমি বমিভাব, ক্লান্তি এবং ওজন হ্রাসে ভুগছি। আমার জ্বর বেশি এবং আমার ত্বক হলুদ হয়ে গেছে। আমার প্রস্রাব অন্ধকার এবং আমি পেটে ব্যথা অনুভব করছি"
247,Jaundice,"I've been losing weight and experiencing severe itching, nausea, and exhaustion. My skin has become yellow, and I have a severe fever. I have dark urine, and I've been having stomach pain.","मैं वजन कम कर रहा हूं और गंभीर खुजली, मतली और थकावट का अनुभव कर रहा हूं। मेरी त्वचा पीली हो गई है, और मुझे एक गंभीर बुखार है। मुझे गहरे रंग का मूत्र है, और मुझे पेट में दर्द हो रहा है।","আমি ওজন হারাচ্ছি এবং মারাত্মক চুলকানি, বমি বমি ভাব এবং ক্লান্তি অনুভব করছি। আমার ত্বক হলুদ হয়ে গেছে, এবং আমার তীব্র জ্বর রয়েছে। আমার গা dark ় প্রস্রাব আছে, এবং আমার পেটে ব্যথা হচ্ছে।"
248,Jaundice,"I have been experiencing severe itching, vomiting, fatigue, and weight loss. My fever is high and my skin has turned yellow. My urine is dark and I have been experiencing abdominal pain","मैं गंभीर खुजली, उल्टी, थकान और वजन घटाने का अनुभव कर रहा हूं। मेरा बुखार अधिक है और मेरी त्वचा पीली हो गई है। मेरा मूत्र अंधेरा है और मुझे पेट में दर्द हो रहा है","আমি মারাত্মক চুলকানি, বমি বমিভাব, ক্লান্তি এবং ওজন হ্রাস অনুভব করছি। আমার জ্বর বেশি এবং আমার ত্বক হলুদ হয়ে গেছে। আমার প্রস্রাব অন্ধকার এবং আমি পেটে ব্যথা অনুভব করছি"
249,Jaundice,"I've been losing weight, feeling really fatigued, and throwing up a lot. My skin has become yellow, and I have a severe fever. I have dark urine, and I've been having stomach pain.","मैं वजन कम कर रहा हूं, वास्तव में थका हुआ महसूस कर रहा हूं, और बहुत कुछ फेंक रहा हूं। मेरी त्वचा पीली हो गई है, और मुझे एक गंभीर बुखार है। मुझे गहरे रंग का मूत्र है, और मुझे पेट में दर्द हो रहा है।","আমি ওজন হারাচ্ছি, সত্যিই ক্লান্তি বোধ করছি এবং প্রচুর পরিমাণে ছুঁড়ে ফেলছি। আমার ত্বক হলুদ হয়ে গেছে, এবং আমার তীব্র জ্বর রয়েছে। আমার গা dark ় প্রস্রাব আছে, এবং আমার পেটে ব্যথা হচ্ছে।"
250,Malaria,"I've been experiencing severe itching, chills, vomiting, and a high fever. I'm also sweating a lot and have a headache. I feel nauseous and my muscles are really sore","मैं गंभीर खुजली, ठंड लगने, उल्टी और तेज बुखार का अनुभव कर रहा हूं। मुझे भी बहुत पसीना आ रहा है और सिरदर्द है। मैं मिचली महसूस करता हूं और मेरी मांसपेशियां वास्तव में गले में हैं","আমি মারাত্মক চুলকানি, ঠাণ্ডা, বমি বমিভাব এবং একটি উচ্চ জ্বর অনুভব করছি। আমিও অনেক ঘামছি এবং মাথা ব্যাথা করছি। আমি বমি বমি ভাব অনুভব করি এবং আমার পেশীগুলি সত্যিই ব্যথা পেয়েছে"
251,Malaria,"I've had a high temperature, vomiting, chills, and intense itching. I also have a headache and am perspiring a lot. I'm queasy, and my muscles hurt a lot.","मेरे पास एक उच्च तापमान, उल्टी, ठंड लगना और तीव्र खुजली है। मुझे सिरदर्द भी है और मैं बहुत कुछ कर रहा हूं। मैं queasy हूँ, और मेरी मांसपेशियों में बहुत चोट लगी है।","আমার উচ্চ তাপমাত্রা, বমি বমিভাব, শীতল এবং তীব্র চুলকানি ছিল। আমার মাথাব্যথাও আছে এবং অনেকটা ঘিরে আছি। আমি কৌতুকপূর্ণ, এবং আমার পেশীগুলি অনেক আঘাত করেছে।"
252,Malaria,"I've had a high temperature, vomiting, chills, and intense itching. I also have a headache and am perspiring a lot. I'm queasy, and my muscles hurt a lot.","मेरे पास एक उच्च तापमान, उल्टी, ठंड लगना और तीव्र खुजली है। मुझे सिरदर्द भी है और मैं बहुत कुछ कर रहा हूं। मैं queasy हूँ, और मेरी मांसपेशियों में बहुत चोट लगी है।","আমার উচ্চ তাপমাত্রা, বমি বমিভাব, শীতল এবং তীব্র চুলকানি ছিল। আমার মাথাব্যথাও আছে এবং অনেকটা ঘিরে আছি। আমি কৌতুকপূর্ণ, এবং আমার পেশীগুলি অনেক আঘাত করেছে।"
253,Malaria,"Strong itchiness, chills, nausea, and a high temperature have been plaguing me. Besides having a headache, I'm also perspiring a lot. My muscles are quite sore, and I feel sick.","मजबूत खुजली, ठंड लगना, मतली, और एक उच्च तापमान मुझे परेशान कर रहा है। सिरदर्द होने के अलावा, मैं भी बहुत कुछ कर रहा हूं। मेरी मांसपेशियां काफी खट्टी हैं, और मैं बीमार महसूस करता हूं।","দৃ strong ় চুলকানি, ঠাণ্ডা, বমি বমি ভাব এবং একটি উচ্চ তাপমাত্রা আমাকে জর্জরিত করে চলেছে। মাথাব্যথা থাকা ছাড়াও আমি অনেকটা ঘামও করছি। আমার পেশীগুলি বেশ ঘা, এবং আমি অসুস্থ বোধ করি।"
254,Malaria,"Along with my intense scratching, chills, nausea, and high fever, I've also been feeling really unwell. Along with my headache and excessive sweating, My muscles hurt a lot, and I feel queasy.","मेरे तीव्र खरोंच, ठंड लगना, मतली और तेज बुखार के साथ, मैं भी वास्तव में अस्वस्थ महसूस कर रहा हूं। मेरे सिरदर्द और अत्यधिक पसीने के साथ, मेरी मांसपेशियों में बहुत चोट लगी है, और मुझे बहुत अच्छा लगता है।","আমার তীব্র স্ক্র্যাচিং, শীতল, বমি বমি ভাব এবং উচ্চ জ্বরের পাশাপাশি আমিও সত্যিই অসুস্থ বোধ করছি। আমার মাথাব্যথা এবং অতিরিক্ত ঘামের পাশাপাশি, আমার পেশীগুলি প্রচুর আঘাত করে এবং আমি কৌতুকপূর্ণ বোধ করি।"
255,Malaria,"I've had a high fever, chills, and intense itching. In addition, I have a headache and am perspiring a lot. My muscles hurt a lot, and I feel sick.","मुझे तेज बुखार, ठंड लगना और तीव्र खुजली है। इसके अलावा, मुझे सिरदर्द है और मैं बहुत कुछ कर रहा हूं। मेरी मांसपेशियों में बहुत चोट लगी है, और मैं बीमार महसूस करता हूं।","আমি একটি উচ্চ জ্বর, ঠান্ডা এবং তীব্র চুলকানি পেয়েছি। তদতিরিক্ত, আমার মাথা ব্যথা আছে এবং আমি প্রচুর ঘাম দিচ্ছি। আমার পেশীগুলি অনেক আঘাত করেছে, এবং আমি অসুস্থ বোধ করি।"
256,Malaria,"I've had intense itching all over my body, accompanied by chills and vomiting. My fever is really high and I've been sweating excessively. I also have a headache and feel nauseous. My muscles are really painful.","मुझे ठंड लगने और उल्टी के साथ, मेरे पूरे शरीर में तीव्र खुजली थी। मेरा बुखार वास्तव में अधिक है और मुझे अत्यधिक पसीना आ रहा है। मुझे सिरदर्द भी है और मिचली महसूस करता है। मेरी मांसपेशियां वास्तव में दर्दनाक हैं।","আমি আমার সারা শরীর জুড়ে তীব্র চুলকানি করেছি, সাথে শীতল এবং বমি বমিভাব। আমার জ্বর সত্যিই বেশি এবং আমি অতিরিক্ত ঘামছি। আমার মাথাব্যথাও আছে এবং বমি বমি ভাব অনুভব করছি। আমার পেশীগুলি সত্যিই বেদনাদায়ক।"
257,Malaria,"I've been experiencing severe body itchiness, chills, and vomiting. I have a really high fever, and I've been perspiring a lot. I also feel queasy and have a headache. My muscles are in excruciating discomfort.","मैं गंभीर शरीर की खुजली, ठंड लगने और उल्टी का अनुभव कर रहा हूं। मुझे वास्तव में तेज बुखार है, और मैं बहुत कुछ कर रहा हूं। मैं भी queasy महसूस करता हूं और सिरदर्द है। मेरी मांसपेशियां असुविधा में हैं।","আমি গুরুতর শরীরের চুলকানি, ঠান্ডা এবং বমি বমিভাব অনুভব করছি। আমার সত্যিই উচ্চ জ্বর রয়েছে, এবং আমি প্রচুর ঘামছি। আমিও কৌতূহল বোধ করি এবং মাথা ব্যথা করি। আমার পেশীগুলি উদ্বেগজনক অস্বস্তিতে রয়েছে।"
258,Malaria,"Along with severe body itchiness, chills, and nausea, I've been experiencing. I've been severely perspiring and have a very high fever. I'm feeling queasy and also have a headache. Really hurting muscles are me.","शरीर की गंभीर खुजली, ठंड लगना और मतली के साथ, मैं अनुभव कर रहा हूं। मैं गंभीर रूप से पसीना बहा रहा हूं और बहुत अधिक बुखार है। मैं queasy महसूस कर रहा हूं और सिरदर्द भी है। वास्तव में मांसपेशियों को चोट पहुँचाने वाली मैं हूं।","গুরুতর শরীরের চুলকানি, ঠাণ্ডা এবং বমি বমি ভাবের পাশাপাশি আমি অনুভব করছি। আমি মারাত্মকভাবে ঘাম হয়েছি এবং খুব উচ্চ জ্বর পেয়েছি। আমি কৌতুক বোধ করছি এবং মাথা ব্যথাও আছে। সত্যিই পেশীগুলিতে আঘাত করা আমি।"
259,Malaria,"I've been experiencing severe body itchiness, chills, and vomiting. I have a really high fever, and I've been perspiring a lot. I also feel queasy and have a headache. My muscles are in excruciating discomfort.","मैं गंभीर शरीर की खुजली, ठंड लगने और उल्टी का अनुभव कर रहा हूं। मुझे वास्तव में तेज बुखार है, और मैं बहुत कुछ कर रहा हूं। मैं भी queasy महसूस करता हूं और सिरदर्द है। मेरी मांसपेशियां असुविधा में हैं।","আমি গুরুতর শরীরের চুলকানি, ঠান্ডা এবং বমি বমিভাব অনুভব করছি। আমার সত্যিই উচ্চ জ্বর রয়েছে, এবং আমি প্রচুর ঘামছি। আমিও কৌতূহল বোধ করি এবং মাথা ব্যথা করি। আমার পেশীগুলি উদ্বেগজনক অস্বস্তিতে রয়েছে।"
260,Malaria,"I've been experiencing severe body itchiness, along with chills and nausea. I've been perspiring a lot and have an extremely high fever. I feel sick to my stomach and have a headache. My muscles are hurting a lot.","मैं ठंड लगने और मतली के साथ, शरीर की गंभीर खुजली का अनुभव कर रहा हूं। मैं बहुत कुछ पसीना मार रहा हूं और एक बेहद तेज बुखार है। मैं अपने पेट को बीमार महसूस करता हूं और सिरदर्द होता है। मेरी मांसपेशियां बहुत दर्द कर रही हैं।",আমি শীতল এবং বমি বমি ভাব সহ গুরুতর শরীরের চুলকানি অনুভব করছি। আমি প্রচুর ঘামছি এবং অত্যন্ত উচ্চ জ্বর পেয়েছি। আমি আমার পেটে অসুস্থ বোধ করি এবং মাথা ব্যথা করি। আমার পেশীগুলি অনেক কষ্ট দিচ্ছে।
261,Malaria,"I'm suffering from intense itching, chills, vomiting, and a high fever. I've also been sweating a lot and have a headache. Nausea and muscle pain have also been bothering me.","मैं तीव्र खुजली, ठंड लगने, उल्टी और तेज बुखार से पीड़ित हूं। मुझे भी बहुत पसीना आ रहा है और सिरदर्द है। मतली और मांसपेशियों में दर्द भी मुझे परेशान कर रहा है।","আমি তীব্র চুলকানি, ঠাণ্ডা, বমি বমিভাব এবং একটি উচ্চ জ্বরতে ভুগছি। আমিও অনেক ঘামছি এবং মাথা ব্যাথা করছি। বমি বমি ভাব এবং পেশী ব্যথাও আমাকে বিরক্ত করছে।"
262,Malaria,"I have a high fever, severe itching, chills, and vomiting. I also have a headache and have been perspiring a lot. Additionally hurting me have been nausea and muscle soreness.","मुझे तेज बुखार, गंभीर खुजली, ठंड लगना और उल्टी है। मुझे भी सिरदर्द है और बहुत कुछ है। इसके अतिरिक्त मुझे चोट पहुँचाने में मतली और मांसपेशियों की व्यथा रही है।","আমার উচ্চ জ্বর, গুরুতর চুলকানি, ঠাণ্ডা এবং বমি বমিভাব রয়েছে। আমারও মাথা ব্যাথা আছে এবং অনেকটা ঘিরে রেখেছি। অতিরিক্তভাবে আমাকে আঘাত করা বমি বমি ভাব এবং পেশী ব্যথা ছিল।"
263,Malaria,"I have a high temperature, vomiting, chills, and severe itching. In addition, I've been perspiring a lot and have a headache. I've also been bothered by nausea and muscle ache.","मेरे पास एक उच्च तापमान, उल्टी, ठंड लगना और गंभीर खुजली है। इसके अलावा, मैं बहुत कुछ कर रहा हूं और सिरदर्द है। मैं भी मतली और मांसपेशियों में दर्द से परेशान हो गया हूं।","আমার একটি উচ্চ তাপমাত্রা, বমি বমিভাব, ঠান্ডা লাগানো এবং গুরুতর চুলকানি রয়েছে। তদতিরিক্ত, আমি প্রচুর ঘামছি এবং মাথা ব্যথা করছি। আমি বমি বমি ভাব এবং পেশী ব্যথা দ্বারাও বিরক্ত হয়েছি।"
264,Malaria,"Strong itchiness, chills, nausea, and a high fever are all part of my current condition. Besides having a headache, I've been perspiring a lot. I've been bothered by nausea as well as muscle ache.","मजबूत खुजली, ठंड लगना, मतली, और एक तेज बुखार मेरी वर्तमान स्थिति का हिस्सा है। सिरदर्द होने के अलावा, मैं बहुत कुछ कर रहा हूं। मैं मतली के साथ -साथ मांसपेशियों में दर्द से भी परेशान हो गया हूं।","দৃ strong ় চুলকানি, ঠাণ্ডা, বমি বমি ভাব এবং একটি উচ্চ জ্বর আমার বর্তমান অবস্থার অংশ। মাথাব্যথা থাকার পাশাপাশি আমি অনেকটা ঘামছি। আমি বমি বমি ভাবের পাশাপাশি পেশী ব্যথা দ্বারা বিরক্ত হয়েছি।"
265,Malaria,"I have a high fever, chills, and severe itching. In addition, I have a headache and have been perspiring a lot. I've also been bothered by nausea and muscular ache.","मुझे तेज बुखार, ठंड लगना और गंभीर खुजली है। इसके अलावा, मुझे सिरदर्द है और बहुत कुछ है। मैं भी मतली और मांसपेशियों में दर्द से परेशान हो गया हूं।","আমার উচ্চ জ্বর, ঠাণ্ডা এবং গুরুতর চুলকানি রয়েছে। তদতিরিক্ত, আমার মাথাব্যথা আছে এবং অনেকটা ঘিরে রয়েছে। আমি বমি বমি ভাব এবং পেশীবহুল ব্যথা দ্বারাও বিরক্ত হয়েছি।"
266,Malaria,"I have a high fever, severe itching, chills, and vomiting. I also have a headache and have been perspiring a lot. Additionally hurting me have been nausea and muscle soreness.","मुझे तेज बुखार, गंभीर खुजली, ठंड लगना और उल्टी है। मुझे भी सिरदर्द है और बहुत कुछ है। इसके अतिरिक्त मुझे चोट पहुँचाने में मतली और मांसपेशियों की व्यथा रही है।","আমার উচ্চ জ্বর, গুরুতর চুলকানি, ঠাণ্ডা এবং বমি বমিভাব রয়েছে। আমারও মাথা ব্যাথা আছে এবং অনেকটা ঘিরে রেখেছি। অতিরিক্তভাবে আমাকে আঘাত করা বমি বমি ভাব এবং পেশী ব্যথা ছিল।"
267,Malaria,"I have a high temperature, vomiting, chills, and severe itching. In addition, I've been perspiring a lot and have a headache. I've also been bothered by nausea and muscle ache.","मेरे पास एक उच्च तापमान, उल्टी, ठंड लगना और गंभीर खुजली है। इसके अलावा, मैं बहुत कुछ कर रहा हूं और सिरदर्द है। मैं भी मतली और मांसपेशियों में दर्द से परेशान हो गया हूं।","আমার একটি উচ্চ তাপমাত্রা, বমি বমিভাব, ঠান্ডা লাগানো এবং গুরুতর চুলকানি রয়েছে। তদতিরিক্ত, আমি প্রচুর ঘামছি এবং মাথা ব্যথা করছি। আমি বমি বমি ভাব এবং পেশী ব্যথা দ্বারাও বিরক্ত হয়েছি।"
268,Malaria,"I've been experiencing severe itching, chills, vomiting, and a high fever. I'm also sweating excessively and have a headache. Nausea and muscle pain have also been causing me discomfort.","मैं गंभीर खुजली, ठंड लगने, उल्टी और तेज बुखार का अनुभव कर रहा हूं। मुझे भी अधिक पसीना आ रहा है और सिरदर्द है। मतली और मांसपेशियों में दर्द भी मुझे असुविधा का कारण बना रहा है।","আমি মারাত্মক চুলকানি, ঠাণ্ডা, বমি বমিভাব এবং একটি উচ্চ জ্বর অনুভব করছি। আমিও অতিরিক্ত ঘামছি এবং মাথা ব্যথা করছি। বমি বমি ভাব এবং পেশী ব্যথাও আমাকে অস্বস্তি সৃষ্টি করে।"
269,Malaria,"I've had a high temperature, vomiting, chills, and intense itching. I also have a headache and am perspiring a lot. My discomfort has also been brought on by nausea and muscle ache.","मेरे पास एक उच्च तापमान, उल्टी, ठंड लगना और तीव्र खुजली है। मुझे सिरदर्द भी है और मैं बहुत कुछ कर रहा हूं। मेरी असुविधा को भी मतली और मांसपेशियों में दर्द से लाया गया है।","আমার উচ্চ তাপমাত্রা, বমি বমিভাব, শীতল এবং তীব্র চুলকানি ছিল। আমার মাথাব্যথাও আছে এবং অনেকটা ঘিরে আছি। আমার অস্বস্তি বমি বমি ভাব এবং পেশী ব্যথাও নিয়ে এসেছে।"
270,Malaria,"Strong itchiness, chills, nausea, and a high temperature have been plaguing me. Along with having a headache, I'm also perspiring a lot. I've also been bothered by nausea and muscle ache.","मजबूत खुजली, ठंड लगना, मतली, और एक उच्च तापमान मुझे परेशान कर रहा है। सिरदर्द होने के साथ -साथ, मैं भी बहुत कुछ कर रहा हूं। मैं भी मतली और मांसपेशियों में दर्द से परेशान हो गया हूं।","দৃ strong ় চুলকানি, ঠাণ্ডা, বমি বমি ভাব এবং একটি উচ্চ তাপমাত্রা আমাকে জর্জরিত করে চলেছে। মাথাব্যথার পাশাপাশি, আমি অনেকটা ঘামও করছি। আমি বমি বমি ভাব এবং পেশী ব্যথা দ্বারাও বিরক্ত হয়েছি।"
271,Malaria,"Along with my intense scratching, chills, nausea, and high fever, I've also been feeling really unwell. I have a headache and am also perspiring a lot. I've been uncomfortable from nausea and muscle ache, too.","मेरे तीव्र खरोंच, ठंड लगना, मतली और तेज बुखार के साथ, मैं भी वास्तव में अस्वस्थ महसूस कर रहा हूं। मुझे सिरदर्द है और मैं भी बहुत कुछ कर रहा हूं। मैं मतली और मांसपेशियों में दर्द से भी असहज रहा हूं।","আমার তীব্র স্ক্র্যাচিং, শীতল, বমি বমি ভাব এবং উচ্চ জ্বরের পাশাপাশি আমিও সত্যিই অসুস্থ বোধ করছি। আমার মাথাব্যথা আছে এবং আমি অনেক বেশি ঘামও করছি। আমি বমি বমি ভাব এবং পেশী ব্যথা থেকেও অস্বস্তি বোধ করেছি।"
272,Malaria,"I've had a high fever, chills, and intense itching. In addition, I have a headache and am perspiring a lot. I've been suffering from nausea as well as muscle ache.","मुझे तेज बुखार, ठंड लगना और तीव्र खुजली है। इसके अलावा, मुझे सिरदर्द है और मैं बहुत कुछ कर रहा हूं। मैं मतली के साथ -साथ मांसपेशियों में दर्द से पीड़ित हूं।","আমি একটি উচ্চ জ্বর, ঠান্ডা এবং তীব্র চুলকানি পেয়েছি। তদতিরিক্ত, আমার মাথা ব্যথা আছে এবং আমি প্রচুর ঘাম দিচ্ছি। আমি বমি বমি ভাবের পাশাপাশি পেশী ব্যথা ভুগছি।"
273,Malaria,"I've had a high temperature, vomiting, chills, and intense itching. I also have a headache and am perspiring a lot. My discomfort has also been brought on by nausea and muscle ache.","मेरे पास एक उच्च तापमान, उल्टी, ठंड लगना और तीव्र खुजली है। मुझे सिरदर्द भी है और मैं बहुत कुछ कर रहा हूं। मेरी असुविधा को भी मतली और मांसपेशियों में दर्द से लाया गया है।","আমার উচ্চ তাপমাত্রা, বমি বমিভাব, শীতল এবং তীব্র চুলকানি ছিল। আমার মাথাব্যথাও আছে এবং অনেকটা ঘিরে আছি। আমার অস্বস্তি বমি বমি ভাব এবং পেশী ব্যথাও নিয়ে এসেছে।"
274,Malaria,"I've had intense itching, chills, vomiting, and a high fever. I'm also sweating a lot and have a headache. Nausea and muscle pain have been making me feel miserable.","मुझे तीव्र खुजली, ठंड लगना, उल्टी और तेज बुखार है। मुझे भी बहुत पसीना आ रहा है और सिरदर्द है। मतली और मांसपेशियों में दर्द मुझे दुखी महसूस कर रहा है।","আমার তীব্র চুলকানি, ঠাণ্ডা, বমি বমিভাব এবং একটি উচ্চ জ্বর হয়েছে। আমিও অনেক ঘামছি এবং মাথা ব্যাথা করছি। বমি বমি ভাব এবং পেশী ব্যথা আমাকে দু: খিত বোধ করে।"
275,Malaria,"I've been experiencing a lot of scratching, chills, vomiting, and a fever. I also have a headache and am perspiring a lot. I've been terrible with nausea and soreness in my muscles.","मैं बहुत खरोंच, ठंड लगने, उल्टी और बुखार का अनुभव कर रहा हूं। मुझे सिरदर्द भी है और मैं बहुत कुछ कर रहा हूं। मैं अपनी मांसपेशियों में मतली और व्यथा के साथ भयानक रहा हूं।","আমি প্রচুর স্ক্র্যাচিং, শীতল, বমি বমিভাব এবং জ্বরের অভিজ্ঞতা পেয়েছি। আমার মাথাব্যথাও আছে এবং অনেকটা ঘিরে আছি। আমি আমার পেশীগুলিতে বমি বমি ভাব এবং ব্যথা নিয়ে ভয়াবহ হয়েছি।"
276,Malaria,"I've experienced severe itching, chills, nausea, and a high fever. Besides having a headache, I'm also perspiring a lot. I've been terrible with nausea and muscle ache.","मैंने गंभीर खुजली, ठंड लगना, मतली और तेज बुखार का अनुभव किया है। सिरदर्द होने के अलावा, मैं भी बहुत कुछ कर रहा हूं। मैं मतली और मांसपेशियों में दर्द के साथ भयानक रहा हूँ।","আমি মারাত্মক চুলকানি, ঠাণ্ডা, বমি বমি ভাব এবং একটি উচ্চ জ্বরের অভিজ্ঞতা পেয়েছি। মাথাব্যথা থাকা ছাড়াও আমি অনেকটা ঘামও করছি। আমি বমি বমি ভাব এবং পেশী ব্যথা নিয়ে ভয়ানক হয়েছি।"
277,Malaria,"I have a high fever, chills, and severe itching. Along with my headache and excessive sweating, I've been terrible with nausea and muscle ache.","मुझे तेज बुखार, ठंड लगना और गंभीर खुजली है। मेरे सिरदर्द और अत्यधिक पसीने के साथ, मैं मतली और मांसपेशियों में दर्द के साथ भयानक रहा हूं।","আমার উচ্চ জ্বর, ঠাণ্ডা এবং গুরুতর চুলকানি রয়েছে। আমার মাথাব্যথা এবং অতিরিক্ত ঘামের পাশাপাশি আমি বমি বমি ভাব এবং পেশী ব্যথা নিয়ে ভয়ানক হয়েছি।"
278,Malaria,"I have a high fever, chills, and severe itching. In addition, I have a headache and am perspiring a lot. I've been feeling awful with nausea and muscle ache.","मुझे तेज बुखार, ठंड लगना और गंभीर खुजली है। इसके अलावा, मुझे सिरदर्द है और मैं बहुत कुछ कर रहा हूं। मैं मतली और मांसपेशियों में दर्द के साथ भयानक महसूस कर रहा हूं।","আমার উচ্চ জ্বর, ঠাণ্ডা এবং গুরুতর চুলকানি রয়েছে। তদতিরিক্ত, আমার মাথা ব্যথা আছে এবং আমি প্রচুর ঘাম দিচ্ছি। আমি বমি বমি ভাব এবং পেশী ব্যথা নিয়ে ভয়াবহ বোধ করছি।"
279,Malaria,"I've been experiencing severe itching, chills, vomiting, and a high fever. I'm also sweating a lot and have a headache. Nausea and muscle pain have been causing me a lot of discomfort.","मैं गंभीर खुजली, ठंड लगने, उल्टी और तेज बुखार का अनुभव कर रहा हूं। मुझे भी बहुत पसीना आ रहा है और सिरदर्द है। मतली और मांसपेशियों में दर्द मुझे बहुत असुविधा हो रहा है।","আমি মারাত্মক চুলকানি, ঠাণ্ডা, বমি বমিভাব এবং একটি উচ্চ জ্বর অনুভব করছি। আমিও অনেক ঘামছি এবং মাথা ব্যাথা করছি। বমি বমি ভাব এবং পেশী ব্যথা আমাকে অনেক অস্বস্তি সৃষ্টি করছে।"
280,Malaria,"I've had a high temperature, vomiting, chills, and intense itching. I also have a headache and am perspiring a lot. I've been really uncomfortable lately from nausea and muscle ache.","मेरे पास एक उच्च तापमान, उल्टी, ठंड लगना और तीव्र खुजली है। मुझे सिरदर्द भी है और मैं बहुत कुछ कर रहा हूं। मैं वास्तव में मतली और मांसपेशियों में दर्द से हाल ही में असहज रहा हूँ।","আমার উচ্চ তাপমাত্রা, বমি বমিভাব, শীতল এবং তীব্র চুলকানি ছিল। আমার মাথাব্যথাও আছে এবং অনেকটা ঘিরে আছি। আমি বমি বমি ভাব এবং পেশী ব্যথা থেকে ইদানীং সত্যিই অস্বস্তিকর হয়েছি।"
281,Malaria,"Strong itchiness, chills, nausea, and a high temperature have been plaguing me. Besides having a headache, I'm also perspiring a lot. I've been suffering from severe muscle pain and nausea.","मजबूत खुजली, ठंड लगना, मतली, और एक उच्च तापमान मुझे परेशान कर रहा है। सिरदर्द होने के अलावा, मैं भी बहुत कुछ कर रहा हूं। मैं गंभीर मांसपेशियों में दर्द और मतली से पीड़ित हूं।","দৃ strong ় চুলকানি, ঠাণ্ডা, বমি বমি ভাব এবং একটি উচ্চ তাপমাত্রা আমাকে জর্জরিত করে চলেছে। মাথাব্যথা থাকা ছাড়াও আমি অনেকটা ঘামও করছি। আমি তীব্র পেশী ব্যথা এবং বমি বমি ভাবে ভুগছি।"
282,Malaria,"Along with my intense scratching, chills, nausea, and high fever, I've also been feeling really unwell. Along with my headache and excessive sweating, I've been suffering from severe muscle pain and nausea.","मेरे तीव्र खरोंच, ठंड लगना, मतली और तेज बुखार के साथ, मैं भी वास्तव में अस्वस्थ महसूस कर रहा हूं। मेरे सिरदर्द और अत्यधिक पसीने के साथ, मैं गंभीर मांसपेशियों में दर्द और मतली से पीड़ित हूं।","আমার তীব্র স্ক্র্যাচিং, শীতল, বমি বমি ভাব এবং উচ্চ জ্বরের পাশাপাশি আমিও সত্যিই অসুস্থ বোধ করছি। আমার মাথাব্যথা এবং অতিরিক্ত ঘামের পাশাপাশি আমি তীব্র পেশী ব্যথা এবং বমি বমি ভাবে ভুগছি।"
283,Malaria,"I've had a high fever, chills, and intense itching. In addition, I have a headache and am perspiring a lot. I've been in a lot of agony from muscle ache and nausea.","मुझे तेज बुखार, ठंड लगना और तीव्र खुजली है। इसके अलावा, मुझे सिरदर्द है और मैं बहुत कुछ कर रहा हूं। मैं मांसपेशियों में दर्द और मतली से बहुत पीड़ा में रहा हूं।","আমি একটি উচ্চ জ্বর, ঠান্ডা এবং তীব্র চুলকানি পেয়েছি। তদতিরিক্ত, আমার মাথা ব্যথা আছে এবং আমি প্রচুর ঘাম দিচ্ছি। আমি পেশী ব্যথা এবং বমি বমি ভাব থেকে অনেক যন্ত্রণায় পড়েছি।"
284,Malaria,"I've had intense itching, chills, vomiting, and a high fever. I'm also sweating excessively and have a headache. Nausea and muscle pain have also been bothering me.","मुझे तीव्र खुजली, ठंड लगना, उल्टी और तेज बुखार है। मुझे भी अधिक पसीना आ रहा है और सिरदर्द है। मतली और मांसपेशियों में दर्द भी मुझे परेशान कर रहा है।","আমার তীব্র চুলকানি, ঠাণ্ডা, বমি বমিভাব এবং একটি উচ্চ জ্বর হয়েছে। আমিও অতিরিক্ত ঘামছি এবং মাথা ব্যথা করছি। বমি বমি ভাব এবং পেশী ব্যথাও আমাকে বিরক্ত করছে।"
285,Malaria,"I've been experiencing a lot of scratching, chills, vomiting, and a fever. I also have a headache and am perspiring a lot. Additionally hurting me have been nausea and muscle soreness.","मैं बहुत खरोंच, ठंड लगने, उल्टी और बुखार का अनुभव कर रहा हूं। मुझे सिरदर्द भी है और मैं बहुत कुछ कर रहा हूं। इसके अतिरिक्त मुझे चोट पहुँचाने में मतली और मांसपेशियों की व्यथा रही है।","আমি প্রচুর স্ক্র্যাচিং, শীতল, বমি বমিভাব এবং জ্বরের অভিজ্ঞতা পেয়েছি। আমার মাথাব্যথাও আছে এবং অনেকটা ঘিরে আছি। অতিরিক্তভাবে আমাকে আঘাত করা বমি বমি ভাব এবং পেশী ব্যথা ছিল।"
286,Malaria,"I've experienced severe itching, chills, nausea, and a high fever. Along with having a headache, I'm also perspiring a lot. I've also been bothered by nausea and muscle ache.","मैंने गंभीर खुजली, ठंड लगना, मतली और तेज बुखार का अनुभव किया है। सिरदर्द होने के साथ -साथ, मैं भी बहुत कुछ कर रहा हूं। मैं भी मतली और मांसपेशियों में दर्द से परेशान हो गया हूं।","আমি মারাত্মক চুলকানি, ঠাণ্ডা, বমি বমি ভাব এবং একটি উচ্চ জ্বরের অভিজ্ঞতা পেয়েছি। মাথাব্যথার পাশাপাশি, আমি অনেকটা ঘামও করছি। আমি বমি বমি ভাব এবং পেশী ব্যথা দ্বারাও বিরক্ত হয়েছি।"
287,Malaria,"I have a high fever, chills, and severe itching. I have a headache and am also perspiring a lot. I've been bothered by nausea as well as muscle ache.","मुझे तेज बुखार, ठंड लगना और गंभीर खुजली है। मुझे सिरदर्द है और मैं भी बहुत कुछ कर रहा हूं। मैं मतली के साथ -साथ मांसपेशियों में दर्द से भी परेशान हो गया हूं।","আমার উচ্চ জ্বর, ঠাণ্ডা এবং গুরুতর চুলকানি রয়েছে। আমার মাথাব্যথা আছে এবং আমি অনেক বেশি ঘামও করছি। আমি বমি বমি ভাবের পাশাপাশি পেশী ব্যথা দ্বারা বিরক্ত হয়েছি।"
288,Malaria,"I've been experiencing severe itching, chills, vomiting, and a high fever. In addition, I have a headache and am perspiring a lot. I've also been bothered by nausea and muscular ache.","मैं गंभीर खुजली, ठंड लगने, उल्टी और तेज बुखार का अनुभव कर रहा हूं। इसके अलावा, मुझे सिरदर्द है और मैं बहुत कुछ कर रहा हूं। मैं भी मतली और मांसपेशियों में दर्द से परेशान हो गया हूं।","আমি মারাত্মক চুলকানি, ঠাণ্ডা, বমি বমিভাব এবং একটি উচ্চ জ্বর অনুভব করছি। তদতিরিক্ত, আমার মাথা ব্যথা আছে এবং আমি প্রচুর ঘাম দিচ্ছি। আমি বমি বমি ভাব এবং পেশীবহুল ব্যথা দ্বারাও বিরক্ত হয়েছি।"
289,Malaria,"I'm suffering from severe itching, chills, vomiting, and a high fever. I've also been sweating a lot and have a headache. Nausea and muscle pain have also been causing me discomfort.","मैं गंभीर खुजली, ठंड लगना, उल्टी और तेज बुखार से पीड़ित हूं। मुझे भी बहुत पसीना आ रहा है और सिरदर्द है। मतली और मांसपेशियों में दर्द भी मुझे असुविधा का कारण बना रहा है।","আমি মারাত্মক চুলকানি, ঠাণ্ডা, বমি বমিভাব এবং একটি উচ্চ জ্বরতে ভুগছি। আমিও অনেক ঘামছি এবং মাথা ব্যাথা করছি। বমি বমি ভাব এবং পেশী ব্যথাও আমাকে অস্বস্তি সৃষ্টি করে।"
290,Malaria,"I have a high fever, severe itching, chills, and vomiting. I also have a headache and have been perspiring a lot. My discomfort has also been brought on by nausea and muscle ache.","मुझे तेज बुखार, गंभीर खुजली, ठंड लगना और उल्टी है। मुझे भी सिरदर्द है और बहुत कुछ है। मेरी असुविधा को भी मतली और मांसपेशियों में दर्द से लाया गया है।","আমার উচ্চ জ্বর, গুরুতর চুলকানি, ঠাণ্ডা এবং বমি বমিভাব রয়েছে। আমারও মাথা ব্যাথা আছে এবং অনেকটা ঘিরে রেখেছি। আমার অস্বস্তি বমি বমি ভাব এবং পেশী ব্যথাও নিয়ে এসেছে।"
291,Malaria,"I have a high fever, severe itching, chills, and vomiting. In addition, I've been perspiring a lot and have a headache. I've also been bothered by nausea and muscle ache.","मुझे तेज बुखार, गंभीर खुजली, ठंड लगना और उल्टी है। इसके अलावा, मैं बहुत कुछ कर रहा हूं और सिरदर्द है। मैं भी मतली और मांसपेशियों में दर्द से परेशान हो गया हूं।","আমার উচ্চ জ্বর, গুরুতর চুলকানি, ঠাণ্ডা এবং বমি বমিভাব রয়েছে। তদতিরিক্ত, আমি প্রচুর ঘামছি এবং মাথা ব্যথা করছি। আমি বমি বমি ভাব এবং পেশী ব্যথা দ্বারাও বিরক্ত হয়েছি।"
292,Malaria,"Strong itchiness, chills, nausea, and a high fever are all part of my current condition. Besides having a headache, I've been perspiring a lot. I've been uncomfortable from nausea and muscle ache, too.","मजबूत खुजली, ठंड लगना, मतली, और एक तेज बुखार मेरी वर्तमान स्थिति का हिस्सा है। सिरदर्द होने के अलावा, मैं बहुत कुछ कर रहा हूं। मैं मतली और मांसपेशियों में दर्द से भी असहज रहा हूं।","দৃ strong ় চুলকানি, ঠাণ্ডা, বমি বমি ভাব এবং একটি উচ্চ জ্বর আমার বর্তমান অবস্থার অংশ। মাথাব্যথা থাকার পাশাপাশি আমি অনেকটা ঘামছি। আমি বমি বমি ভাব এবং পেশী ব্যথা থেকেও অস্বস্তি বোধ করেছি।"
293,Malaria,"Strong itchiness, chills, nausea, and a high fever are all part of my current condition. In addition, I have a headache and have been perspiring a lot. I've been suffering from nausea as well as muscle ache.","मजबूत खुजली, ठंड लगना, मतली, और एक तेज बुखार मेरी वर्तमान स्थिति का हिस्सा है। इसके अलावा, मुझे सिरदर्द है और बहुत कुछ है। मैं मतली के साथ -साथ मांसपेशियों में दर्द से पीड़ित हूं।","দৃ strong ় চুলকানি, ঠাণ্ডা, বমি বমি ভাব এবং একটি উচ্চ জ্বর আমার বর্তমান অবস্থার অংশ। তদতিরিক্ত, আমার মাথাব্যথা আছে এবং অনেকটা ঘিরে রয়েছে। আমি বমি বমি ভাবের পাশাপাশি পেশী ব্যথা ভুগছি।"
294,Malaria,"I have a high fever, severe itching, chills, and vomiting. I also have a headache and have been perspiring a lot. My discomfort has also been brought on by nausea and muscle ache.","मुझे तेज बुखार, गंभीर खुजली, ठंड लगना और उल्टी है। मुझे भी सिरदर्द है और बहुत कुछ है। मेरी असुविधा को भी मतली और मांसपेशियों में दर्द से लाया गया है।","আমার উচ্চ জ্বর, গুরুতর চুলকানি, ঠাণ্ডা এবং বমি বমিভাব রয়েছে। আমারও মাথা ব্যাথা আছে এবং অনেকটা ঘিরে রেখেছি। আমার অস্বস্তি বমি বমি ভাব এবং পেশী ব্যথাও নিয়ে এসেছে।"
295,Malaria,"I've been experiencing intense itching, chills, vomiting, and a high fever. I'm also sweating a lot and have a headache. Nausea and muscle pain have been making me feel miserable.","मुझे तीव्र खुजली, ठंड लगने, उल्टी और तेज बुखार का अनुभव हो रहा है। मुझे भी बहुत पसीना आ रहा है और सिरदर्द है। मतली और मांसपेशियों में दर्द मुझे दुखी महसूस कर रहा है।","আমি তীব্র চুলকানি, ঠাণ্ডা, বমি বমিভাব এবং একটি উচ্চ জ্বর অনুভব করছি। আমিও অনেক ঘামছি এবং মাথা ব্যাথা করছি। বমি বমি ভাব এবং পেশী ব্যথা আমাকে দু: খিত বোধ করে।"
296,Malaria,"Intense scratching, chills, nausea, and a high temperature have been plaguing me. I also have a headache and am perspiring a lot. I've been terrible with nausea and soreness in my muscles.","तीव्र खरोंच, ठंड लगना, मतली, और एक उच्च तापमान मुझे परेशान कर रहा है। मुझे सिरदर्द भी है और मैं बहुत कुछ कर रहा हूं। मैं अपनी मांसपेशियों में मतली और व्यथा के साथ भयानक रहा हूं।","তীব্র স্ক্র্যাচিং, শীতল, বমি বমি ভাব এবং একটি উচ্চ তাপমাত্রা আমাকে জর্জরিত করে চলেছে। আমার মাথাব্যথাও আছে এবং অনেকটা ঘিরে আছি। আমি আমার পেশীগুলিতে বমি বমি ভাব এবং ব্যথা নিয়ে ভয়াবহ হয়েছি।"
297,Malaria,"Along with a high fever, I've had chills, vomiting, and severe itching. Besides having a headache, I'm also perspiring a lot. I've been terrible with nausea and muscle ache.","तेज बुखार के साथ, मुझे ठंड लगना, उल्टी और गंभीर खुजली है। सिरदर्द होने के अलावा, मैं भी बहुत कुछ कर रहा हूं। मैं मतली और मांसपेशियों में दर्द के साथ भयानक रहा हूँ।","উচ্চ জ্বরের পাশাপাশি আমার ঠাণ্ডা, বমি বমিভাব এবং গুরুতর চুলকানি হয়েছিল। মাথাব্যথা থাকা ছাড়াও আমি অনেকটা ঘামও করছি। আমি বমি বমি ভাব এবং পেশী ব্যথা নিয়ে ভয়ানক হয়েছি।"
298,Malaria,"Along with a high fever, I've had chills, vomiting, and severe itching. Along with my headache and excessive sweating, I've been feeling awful with nausea and muscle ache.","तेज बुखार के साथ, मुझे ठंड लगना, उल्टी और गंभीर खुजली है। मेरे सिरदर्द और अत्यधिक पसीने के साथ, मैं मतली और मांसपेशियों में दर्द के साथ भयानक महसूस कर रहा हूं।","উচ্চ জ্বরের পাশাপাশি আমার ঠাণ্ডা, বমি বমিভাব এবং গুরুতর চুলকানি হয়েছিল। আমার মাথাব্যথা এবং অতিরিক্ত ঘামের পাশাপাশি আমি বমি বমি ভাব এবং পেশী ব্যথা নিয়ে ভয়াবহ বোধ করছি।"
299,Malaria,"I've had severe itching, chills, vomiting, and a high fever. I'm also sweating excessively and have a headache. Nausea and muscle pain have also been causing me a lot of discomfort.","मुझे गंभीर खुजली, ठंड लगना, उल्टी और तेज बुखार है। मुझे भी अधिक पसीना आ रहा है और सिरदर्द है। मतली और मांसपेशियों में दर्द भी मुझे बहुत असुविधा हो रहा है।","আমার তীব্র চুলকানি, ঠাণ্ডা, বমি বমিভাব এবং একটি উচ্চ জ্বর হয়েছে। আমিও অতিরিক্ত ঘামছি এবং মাথা ব্যথা করছি। বমি বমি ভাব এবং পেশী ব্যথাও আমাকে অনেক অস্বস্তি সৃষ্টি করে।"
0,urinary tract infection,"Frequent urges to urinate with little output, pain during urination, cloudy or bloody urine, strong or foul-smelling urine, pelvic pain, low fever, nausea and vomiting","बार-बार थोड़ा उत्पादन, पेशाब के दौरान दर्द, बादल या खूनी मूत्र, मजबूत या बेईमानी-महक मूत्र, पेल्विक दर्द, कम बुखार, मतली और उल्टी के साथ पेशाब करने का आग्रह करता है","ঘন ঘন আউটপুট, প্রস্রাবের সময় ব্যথা, মেঘলা বা রক্তাক্ত প্রস্রাব, শক্তিশালী বা ফাউল গন্ধযুক্ত প্রস্রাব, শ্রোণী ব্যথা, কম জ্বর, বমি বমি ভাব এবং বমি বমি"
1,urinary tract infection,"I get frequent urges to urinate at night with little output, and a lot of pain during urination. The urine is coludy and bloody and sometime foul smelling, and I get nauseous","मुझे रात में पेशाब करने के लिए थोड़ा उत्पादन होता है, और पेशाब के दौरान बहुत दर्द होता है। मूत्र कोयली और खूनी और कुछ समय के लिए बदबू आ रही है, और मुझे मिचली आती है","আমি অল্প আউটপুট দিয়ে রাতে প্রস্রাব করার জন্য ঘন ঘন তাগিদ এবং প্রস্রাবের সময় প্রচুর ব্যথা পাই। প্রস্রাবটি কলুডি এবং রক্তাক্ত এবং কিছু সময় দুর্গন্ধযুক্ত গন্ধযুক্ত, এবং আমি বমি বমি ভাব পাই"
2,urinary tract infection,I get a burning sensation when I pee. Sometimes a lot of pain and foul smelling urine. I have been getting more urges to urinate at night,जब मैं पेशाब करता हूं तो मुझे एक जलन होती है। कभी -कभी बहुत दर्द और बेईमानी से दर्द होता है। मुझे रात में पेशाब करने के लिए अधिक आग्रह हो रहा है,আমি যখন প্রস্রাব করি তখন আমি জ্বলন্ত সংবেদন পাই। কখনও কখনও প্রচুর ব্যথা এবং দুর্গন্ধযুক্ত প্রস্রাব। আমি রাতে প্রস্রাব করার আরও তাগিদ পেয়েছি
3,urinary tract infection,I have been getting blood in my pee. Sometimes I get nauseous while peeing. This often almost coincides with me having a high temperature,मुझे अपने पेशाब में खून मिल रहा है। कभी -कभी मुझे पेशाब करते समय मिचली होती है। यह अक्सर मेरे साथ उच्च तापमान होने के साथ लगभग मेल खाता है,আমি আমার প্রস্রাবের মধ্যে রক্ত ​​পেয়ে যাচ্ছি। কখনও কখনও উঁকি দেওয়ার সময় আমি বমি বমি ভাব পাই। এটি প্রায়শই আমার সাথে উচ্চ তাপমাত্রা থাকার সাথে প্রায় মিলে যায়
4,urinary tract infection,"My pee looks cloudy and has storng and foul smell. I frequently get an urge to urinate at night, and have been getting high temperatures since these symptoms strted showing","मेरा पेशाब बादल दिखता है और स्टॉर्नग और फाउल गंध है। मुझे अक्सर रात में पेशाब करने का आग्रह मिलता है, और इन लक्षणों को दिखाने के बाद से उच्च तापमान मिल रहा है",আমার প্রস্রাব মেঘলা দেখাচ্ছে এবং স্টর্ন এবং দুর্গন্ধযুক্ত গন্ধ রয়েছে। আমি প্রায়শই রাতে প্রস্রাব করার তাগিদ পাই এবং এই লক্ষণগুলি প্রদর্শিত হওয়ার পর থেকে উচ্চ তাপমাত্রা পাচ্ছে
5,urinary tract infection,"I have pain in my abdomen, and often get feverish. I have sudden and strong urges to pee. The pain is almost constant, and often increases at night time. My pee almost always has a foul smell","मेरे पेट में दर्द होता है, और अक्सर बुखार होता है। मेरे पास अचानक और मजबूत आग्रह है। दर्द लगभग स्थिर है, और अक्सर रात के समय बढ़ता है। मेरे पेशाब में लगभग हमेशा एक बदबू आती है",আমার পেটে ব্যথা আছে এবং প্রায়শই জ্বর হয়। আমার প্রস্রাব করার হঠাৎ এবং দৃ strong ় অনুরোধ রয়েছে। ব্যথা প্রায় ধ্রুবক হয় এবং প্রায়শই রাতের সময় বৃদ্ধি পায়। আমার প্রস্রাব প্রায় সবসময় একটি দুর্গন্ধযুক্ত গন্ধ আছে
6,urinary tract infection,"I have been frequently getting sudden strong urges to pee. There is blood in my pee sometimes and it is very foul smelling. I think I have an infection, what do I do?","मैं अक्सर पेशाब करने के लिए अचानक मजबूत आग्रह कर रहा हूं। मेरे पेशाब में कभी -कभी खून होता है और यह बहुत ही बदबू आ रही है। मुझे लगता है कि मुझे एक संक्रमण है, मैं क्या करूँ?","আমি প্রায়শই প্রস্রাবের জন্য হঠাৎ দৃ strong ় অনুরোধ করছি। আমার প্রস্রাবের মধ্যে কখনও কখনও রক্ত ​​থাকে এবং এটি খুব দুর্গন্ধযুক্ত গন্ধযুক্ত। আমার মনে হয় আমার সংক্রমণ আছে, আমি কী করব?"
7,urinary tract infection,"I get blood in my pee sometimes and sometimes get nauseous whie peeing. I also have a bad smell in my pee and sometimes get high temperatures at nights, help me","मुझे कभी -कभी अपने पेशाब में खून मिलता है और कभी -कभी मिचली पेशाब कर देता है। मेरे पेशाब में भी एक बुरी गंध होती है और कभी -कभी रातों में उच्च तापमान मिलता है, मेरी मदद करें","আমি আমার প্রস্রাবের মধ্যে কখনও কখনও রক্ত ​​পাই এবং কখনও কখনও বমি বমি ভাব হয়। আমার প্রস্রাবের মধ্যেও আমার দুর্গন্ধ রয়েছে এবং কখনও কখনও রাতে উচ্চ তাপমাত্রা পাওয়া যায়, আমাকে সহায়তা করুন"
8,urinary tract infection,"I have pain in my lower abdomen, and get a buring sensation in my pee. I also have been getting low temperatures since I started to get these other symptoms. I have been weak because of this","मुझे अपने निचले पेट में दर्द है, और मेरे पेशाब में एक सनसनीखेज सनसनी मिलती है। मुझे भी कम तापमान मिल रहा है क्योंकि मैंने इन अन्य लक्षणों को प्राप्त करना शुरू कर दिया है। मैं इस वजह से कमजोर हो गया हूं","আমার তলপেটে আমার ব্যথা আছে, এবং আমার প্রস্রাবের মধ্যে একটি বিড়ম্বনা সংবেদন পেয়েছি। আমি এই অন্যান্য লক্ষণগুলি পেতে শুরু করার পর থেকে আমিও কম তাপমাত্রা পাচ্ছি। আমি এই কারণে দুর্বল হয়েছি"
9,urinary tract infection,There is blood in my urine and I have a low fever. My head hurts almost all the time and I get very strong uncontrollable urges to pee. I have been having pain in lower back also ,मेरे मूत्र में खून है और मुझे कम बुखार है। मेरा सिर लगभग हर समय दर्द करता है और मुझे पेशाब करने के लिए बहुत मजबूत बेकाबू आग्रह मिलता है। मुझे पीठ के निचले हिस्से में भी दर्द हो रहा है,আমার প্রস্রাবে রক্ত ​​আছে এবং আমার জ্বর কম। আমার মাথা প্রায় সমস্ত সময় ব্যথা করে এবং আমি প্রস্রাব করার জন্য খুব শক্তিশালী অনিয়ন্ত্রিত তাগিদ পাই। আমার পিছনেও ব্যথা হচ্ছে
10,urinary tract infection,I have been having low temperatures and bloody pee since some days now. My head hurts like crazy and pee also smells very foul. I have almost no control on my peeing and get very sudden urges,"मैं कुछ दिनों से कम तापमान और खूनी पेशाब कर रहा हूं। मेरा सिर पागल और पेशाब की तरह दर्द होता है, बहुत बेईमानी से बदबू आ रही है। मेरे पेशाब पर लगभग कोई नियंत्रण नहीं है और बहुत अचानक आग्रह मिलता है",আমি এখন থেকে কিছু দিন থেকে কম তাপমাত্রা এবং রক্তাক্ত প্রস্রাব করছি। আমার মাথা পাগলের মতো ব্যথা করে এবং প্রস্রাবও খুব দুর্গন্ধযুক্ত গন্ধ পায়। আমার উঁকি দেওয়ার উপর আমার প্রায় কোনও নিয়ন্ত্রণ নেই এবং খুব হঠাৎ তাগিদ পাই
11,urinary tract infection,I have pain near my pelvic region and vomit a lot. Sometimes there is blood in my pee and there is almost a very foul smell in my urine.I sometimes get headches and have trouble sleeping due to this,मुझे अपने पेल्विक क्षेत्र के पास दर्द है और बहुत उल्टी है। कभी -कभी मेरे पेशाब में खून होता है और मेरे मूत्र में लगभग बहुत ही बदबू आती है। मुझे कभी -कभी हेडचे मिलता है और इसके कारण सोने में परेशानी होती है,আমার শ্রোণী অঞ্চলের কাছে আমার ব্যথা আছে এবং অনেক বমি হয়। কখনও কখনও আমার প্রস্রাবের রক্ত ​​থাকে এবং আমার প্রস্রাবে প্রায় খুব খারাপ গন্ধ থাকে I
12,urinary tract infection,"I have to constantly to go the bathroom to relieve myself, but cant seem to empty my bladder. I get these very strong and uncontrollable urges to pee and sometimes get dark or bloody pee","मुझे लगातार खुद को राहत देने के लिए बाथरूम जाना है, लेकिन खिचड़ी भाषा मेरे मूत्राशय को खाली करने के लिए नहीं है। मुझे ये बहुत मजबूत और बेकाबू आग्रह मिलते हैं और कभी -कभी अंधेरे या खूनी पेशाब करते हैं","নিজেকে উপশম করতে আমাকে অবিচ্ছিন্নভাবে যেতে হবে, তবে আমার মূত্রাশয়টি খালি করতে পারে না বলে মনে হচ্ছে। আমি এগুলি খুব দৃ strong ় এবং অনিয়ন্ত্রিত তাগিদগুলি প্রস্রাব করার জন্য এবং কখনও কখনও অন্ধকার বা রক্তাক্ত প্রস্রাব পেতে পারি"
13,urinary tract infection,I been having very low temperatues and a very foul smelling pee. The area near my kidneys hurt a lot and I cant seem to hold my pee. I often get these uncontrollable urges,मैं बहुत कम तापमान और एक बहुत ही बेईमानी से महक पेशाब कर रहा था। मेरे गुर्दे के पास का क्षेत्र बहुत चोट पहुंचाता है और मैं अपने पेशाब को पकड़ नहीं सकता। मुझे अक्सर ये बेकाबू आग्रह मिलता है,আমি খুব কম তাপমাত্রা এবং খুব দুর্গন্ধযুক্ত গন্ধযুক্ত প্রস্রাব করছি। আমার কিডনির নিকটবর্তী অঞ্চলটি প্রচুর আঘাত করেছে এবং আমি আমার প্রস্রাবটি ধরে রাখতে পারি না। আমি প্রায়শই এই অনিয়ন্ত্রিত অনুরোধগুলি পাই
14,urinary tract infection,"I have to go the bathroom all the time, but the urine output is very low often just a few drops. My stomach hurts a lot and and cant seem to be able to control my urges to pee","मुझे हर समय बाथरूम जाना पड़ता है, लेकिन मूत्र का उत्पादन बहुत कम होता है जो अक्सर कुछ बूंदों पर होता है। मेरा पेट बहुत दर्द करता है और खिचड़ी भाषा पेशाब करने के लिए मेरे आग्रह को नियंत्रित करने में सक्षम लगती है","আমাকে সারাক্ষণ বাথরুমে যেতে হবে, তবে প্রস্রাবের আউটপুটটি প্রায়শই কয়েক ফোঁটা খুব কম থাকে। আমার পেট প্রচুর ব্যথা করে এবং এবং প্রস্রাব করার জন্য আমার তাগিদ নিয়ন্ত্রণ করতে সক্ষম বলে মনে হচ্ছে না"
15,urinary tract infection,My is pee is dark and often bloody and often has a very unfathomable smell. I have been having temperature fluctuations pretty frequently and often am not able to sleep at night because of this,मेरा पेशाब अंधेरा है और अक्सर खूनी होता है और अक्सर बहुत अथाह गंध होती है। मुझे तापमान में अक्सर उतार -चढ़ाव हो रहा है और अक्सर इस वजह से रात में सो नहीं पा रहे हैं,আমার প্রস্রাব অন্ধকার এবং প্রায়শই রক্তাক্ত এবং প্রায়শই খুব অদম্য গন্ধ থাকে। আমি খুব ঘন ঘন তাপমাত্রার ওঠানামা করছি এবং প্রায়শই রাতে ঘুমাতে সক্ষম হয় না
16,urinary tract infection,I have been having pain in my bladder and have been getting ,मुझे अपने मूत्राशय में दर्द हो रहा है और मिल रहा है,আমি আমার মূত্রাশয়টিতে ব্যথা করছি এবং পাচ্ছি
17,urinary tract infection,I have been urinating with blood in it. I occasionally feel queasy when urinating. I frequently almost have a fever at the same time.,मैं इसमें रक्त के साथ पेशाब कर रहा हूं। मैं कभी -कभी पेशाब करते समय queasy महसूस करता हूं। मुझे अक्सर एक ही समय में लगभग बुखार होता है।,আমি এতে রক্ত ​​দিয়ে প্রস্রাব করছি। প্রস্রাব করার সময় আমি মাঝে মাঝে কৌতুক বোধ করি। আমার প্রায়শই একই সাথে প্রায় জ্বর হয়।
18,urinary tract infection,"My pee has a strong, unpleasant scent and a hazy appearance. Since these symptoms started appearing, I regularly feel the desire to urinate at night and have been experiencing high temperatures","मेरे पेशाब में एक मजबूत, अप्रिय गंध और एक धुंधली उपस्थिति है। चूंकि ये लक्षण दिखाई देने लगे, इसलिए मैं नियमित रूप से रात में पेशाब करने की इच्छा महसूस करता हूं और उच्च तापमान का अनुभव कर रहा हूं","আমার প্রস্রাবের একটি শক্তিশালী, অপ্রীতিকর ঘ্রাণ এবং একটি আড়ম্বরপূর্ণ চেহারা রয়েছে। যেহেতু এই লক্ষণগুলি উপস্থিত হতে শুরু করেছে, তাই আমি নিয়মিত রাতে প্রস্রাব করার আকাঙ্ক্ষা অনুভব করি এবং উচ্চ তাপমাত্রা অনুভব করছি"
19,urinary tract infection,"My stomach hurts, and I frequently acquire a temperature. I experience sudden, intense cravings to urinate. The discomfort is virtually always there and frequently gets worse at night. My pee nearly always smells bad.","मेरा पेट दर्द होता है, और मैं अक्सर एक तापमान प्राप्त करता हूं। मैं अचानक, पेशाब करने के लिए तीव्र cravings का अनुभव करता हूं। असुविधा वस्तुतः हमेशा होती है और अक्सर रात में खराब हो जाती है। मेरा पेशाब लगभग हमेशा बदबू आ रही है।","আমার পেটে ব্যথা হয় এবং আমি প্রায়শই একটি তাপমাত্রা অর্জন করি। আমি প্রস্রাব করার জন্য হঠাৎ, তীব্র অভিলাষ অনুভব করি। অস্বস্তি কার্যত সর্বদা থাকে এবং প্রায়শই রাতে আরও খারাপ হয়। আমার প্রস্রাব প্রায় সবসময় খারাপ গন্ধ।"
20,urinary tract infection,"I've been experiencing frequent, intense, abrupt cravings to urinate. Sometimes I get blood in my pee, and it smells awful. What should I do if I believe I have an infection?","मैं पेशाब करने के लिए लगातार, तीव्र, अचानक cravings का अनुभव कर रहा हूं। कभी -कभी मुझे अपने पेशाब में खून मिलता है, और यह भयानक खुशबू आ रही है। अगर मुझे विश्वास है कि मुझे संक्रमण है तो मुझे क्या करना चाहिए?","আমি প্রস্রাব করার জন্য ঘন, তীব্র, আকস্মিক আকাঙ্ক্ষা অনুভব করছি। কখনও কখনও আমি আমার প্রস্রাবের মধ্যে রক্ত ​​পাই, এবং এটি ভয়াবহ গন্ধ। আমি যদি বিশ্বাস করি আমার সংক্রমণ হয় তবে আমার কী করা উচিত?"
21,urinary tract infection,I occasionally urinate with blood in it and occasionally feel queasy while doing so. Help! I also occasionally get high temps at night and have a terrible odour coming from my pee.,मैं कभी -कभी इसमें रक्त के साथ पेशाब करता हूं और ऐसा करते समय कभी -कभी महसूस करता हूं। मदद करना! मैं भी कभी -कभी रात में उच्च मंदिरों को प्राप्त करता हूं और मेरे पेशाब से एक भयानक गंध आ रहा है।,আমি মাঝে মধ্যে এটিতে রক্ত ​​দিয়ে প্রস্রাব করি এবং মাঝে মাঝে এটি করার সময় কৌতূহল বোধ করি। সাহায্য! আমি মাঝে মাঝে রাতে উচ্চ টেম্পস পাই এবং আমার প্রস্রাব থেকে ভয়ঙ্কর গন্ধ আসি।
22,urinary tract infection,"I have lower abdominal ache and a bursting sensation when I urinate. Since I began to experience these additional symptoms, I have also been experiencing low body temperatures. I've been weak as a result of this.","जब मैं पेशाब करता हूं तो मुझे पेट में दर्द कम होता है और एक फटने वाली सनसनी होती है। चूंकि मैंने इन अतिरिक्त लक्षणों का अनुभव करना शुरू किया है, इसलिए मैं शरीर के कम तापमान का भी अनुभव कर रहा हूं। मैं इसके परिणामस्वरूप कमजोर हो गया हूं।","আমি যখন প্রস্রাব করি তখন আমার পেটে ব্যথা এবং একটি ফেটে যাওয়া সংবেদন থাকে। যেহেতু আমি এই অতিরিক্ত লক্ষণগুলি অনুভব করতে শুরু করেছি, তাই আমি শরীরের কম তাপমাত্রাও অনুভব করছি। এর ফলস্বরূপ আমি দুর্বল হয়েছি।"
23,urinary tract infection,"I have a mild temperature and blood in my pee. My head hurts almost constantly, and I frequently experience severe, involuntary desires to urinate. Additionally, I've been experiencing lower back ache","मेरे पेशाब में हल्का तापमान और रक्त है। मेरा सिर लगभग लगातार दर्द करता है, और मैं अक्सर गंभीर, अनैच्छिक इच्छाओं को पेशाब करने के लिए अनुभव करता हूं। इसके अतिरिक्त, मैं पीठ के निचले हिस्से में दर्द का अनुभव कर रहा हूं","আমার প্রস্রাবের মধ্যে একটি হালকা তাপমাত্রা এবং রক্ত ​​রয়েছে। আমার মাথা প্রায় ক্রমাগত ব্যথা করে এবং আমি প্রায়শই তীব্র, অনৈচ্ছিক আকাঙ্ক্ষাগুলি প্রস্রাব করার অভিজ্ঞতা অর্জন করি। অতিরিক্তভাবে, আমি কম পিছনে ব্যথা অনুভব করছি"
24,urinary tract infection,"Since a few days ago, I've been experiencing low temperatures and bloody urination. My head is in excruciating pain, and my urine smells awful. I can hardly control when I urinate, and the impulses come on suddenly.","कुछ दिनों पहले से, मैं कम तापमान और खूनी पेशाब का अनुभव कर रहा हूं। मेरा सिर दर्दनाक दर्द में है, और मेरे मूत्र से भयानक खुशबू आ रही है। जब मैं पेशाब करता हूं तो मैं मुश्किल से नियंत्रित कर सकता हूं, और आवेग अचानक आते हैं।","কিছু দিন আগে থেকে আমি কম তাপমাত্রা এবং রক্তাক্ত প্রস্রাবের অভিজ্ঞতা পেয়েছি। আমার মাথা উদ্দীপনাজনক ব্যথায়, এবং আমার প্রস্রাব ভয়ঙ্কর গন্ধ পাচ্ছে। আমি যখন প্রস্রাব করি তখন আমি খুব কমই নিয়ন্ত্রণ করতে পারি এবং হঠাৎ আবেগগুলি আসে।"
25,urinary tract infection,"I frequently vomit and get discomfort at my pelvic area. My urine occasionally smells almost unbearably bad, and there is occasionally blood in it. Because of my headaches at times, I have problems falling asleep.","मैं अक्सर उल्टी करता हूं और अपने श्रोणि क्षेत्र में असुविधा हो जाता हूं। मेरा मूत्र कभी -कभी लगभग असहनीय रूप से खराब होता है, और इसमें कभी -कभी रक्त होता है। कई बार मेरे सिरदर्द के कारण, मुझे सोते हुए समस्या होती है।",আমি প্রায়শই বমি করি এবং আমার শ্রোণী অঞ্চলে অস্বস্তি পাই। আমার প্রস্রাব মাঝে মাঝে প্রায় অসহনীয়ভাবে খারাপ গন্ধ পায় এবং মাঝে মাঝে এতে রক্ত ​​থাকে। মাঝে মাঝে আমার মাথাব্যথার কারণে আমার ঘুমিয়ে পড়তে সমস্যা হয়।
26,urinary tract infection,"I have to use the restroom frequently to relieve myself, but I can't seem to get my bladder empty. I occasionally get severe, uncontrolled desires to urinate, as well as black or crimson urine.","मुझे खुद को राहत देने के लिए अक्सर टॉयलेट का उपयोग करना पड़ता है, लेकिन मैं अपने मूत्राशय को खाली नहीं कर सकता। मैं कभी -कभी गंभीर, अनियंत्रित इच्छाओं को पेशाब करने के साथ -साथ काले या क्रिमसन मूत्र को भी मिलता हूं।","নিজেকে উপশম করতে আমাকে ঘন ঘন রেস্টরুমটি ব্যবহার করতে হবে, তবে আমার মূত্রাশয়টি খালি পাওয়া যায় বলে মনে হয় না। আমি মাঝে মাঝে প্রস্রাব করার জন্য গুরুতর, অনিয়ন্ত্রিত আকাঙ্ক্ষাগুলি পাশাপাশি কালো বা ক্রিমসন প্রস্রাব পাই।"
27,urinary tract infection,"I've been experiencing really low moods and very bad urine odour. I can't seem to keep my urine back, and the area near my kidneys hurts a lot. I frequently experience these irrational cravings.","मैं वास्तव में कम मूड और बहुत खराब मूत्र गंध का अनुभव कर रहा हूं। मैं अपने मूत्र को वापस नहीं रखने के लिए प्रतीत नहीं कर सकता, और मेरे गुर्दे के पास का क्षेत्र बहुत दर्द करता है। मैं अक्सर इन तर्कहीन cravings का अनुभव करता हूं।","আমি সত্যিই কম মেজাজ এবং খুব খারাপ প্রস্রাবের গন্ধ অনুভব করছি। আমি আমার প্রস্রাবকে পিছনে রাখব বলে মনে হচ্ছে না, এবং আমার কিডনির কাছে অঞ্চলটি প্রচুর ব্যথা করে। আমি প্রায়শই এই অযৌক্তিক অভ্যাসগুলি অনুভব করি।"
28,urinary tract infection,"I have to use the restroom frequently, yet only a few drops of pee are usually produced. My stomach aches a lot, and I can't seem to control the desire to urinate.","मुझे अक्सर टॉयलेट का उपयोग करना पड़ता है, फिर भी पेशाब की केवल कुछ बूंदें आमतौर पर उत्पादित होती हैं। मेरे पेट में बहुत दर्द होता है, और मैं पेशाब करने की इच्छा को नियंत्रित नहीं कर सकता।","আমাকে ঘন ঘন রেস্টরুমটি ব্যবহার করতে হয়, তবুও সাধারণত কয়েক ফোঁটা প্রস্রাব উত্পাদিত হয়। আমার পেট প্রচুর ব্যথা করে এবং আমি প্রস্রাব করার আকাঙ্ক্ষাকে নিয়ন্ত্রণ করতে পারি না।"
29,urinary tract infection,"My urine is frequently black, red, and has a really strange odour. I have been experiencing temperature changes very regularly, which usually prevents me from sleeping at night.","मेरा मूत्र अक्सर काला, लाल होता है, और वास्तव में एक अजीब गंध होता है। मैं बहुत नियमित रूप से तापमान में बदलाव का अनुभव कर रहा हूं, जो आमतौर पर मुझे रात में सोने से रोकता है।","আমার প্রস্রাব প্রায়শই কালো, লাল এবং সত্যিই অদ্ভুত গন্ধ রয়েছে। আমি খুব নিয়মিত তাপমাত্রার পরিবর্তনগুলি অনুভব করছি, যা সাধারণত আমাকে রাতে ঘুমাতে বাধা দেয়।"
30,urinary tract infection,Blood has been found in my urination. I sometimes have nausea when urinating. I regularly feel like I'm almost feverish.,मेरे पेशाब में रक्त पाया गया है। पेशाब करते समय मुझे कभी -कभी मतली होती है। मुझे नियमित रूप से लगता है कि मैं लगभग बुखार हूँ।,আমার প্রস্রাবের মধ্যে রক্ত ​​পাওয়া গেছে। প্রস্রাব করার সময় আমার মাঝে মাঝে বমি বমি ভাব হয়। আমি নিয়মিত মনে করি আমি প্রায় জ্বর।
31,urinary tract infection,My pee smells strongly and is cloudy in appearance. I've had high temperatures and a regular urge to urinate at night since these symptoms first materialised.,मेरा पेशाब दृढ़ता से बदबू आ रही है और दिखने में बादल छाए रहती हैं। मेरे पास उच्च तापमान है और रात में पेशाब करने के लिए एक नियमित आग्रह है क्योंकि ये लक्षण पहले भौतिक थे।,আমার প্রস্রাব দৃ strongly ় গন্ধযুক্ত এবং চেহারা মেঘলা। এই লক্ষণগুলি প্রথমে বাস্তবায়িত হওয়ার কারণে আমার উচ্চ তাপমাত্রা এবং রাতে প্রস্রাব করার নিয়মিত তাগিদ ছিল।
32,urinary tract infection,"I've been having frequent, strong, sudden urges to urinate. I occasionally urinate with blood in it, and the stench is horrible. What ought I to do if I think I'm infected?","मैं लगातार, मजबूत, अचानक पेशाब करने के लिए आग्रह कर रहा हूं। मैं कभी -कभी इसमें रक्त के साथ पेशाब करता हूं, और बदबू भयानक होती है। अगर मुझे लगता है कि मैं संक्रमित हूं तो मुझे क्या करना चाहिए?","আমি ঘন ঘন, শক্তিশালী, হঠাৎ প্রস্রাব করার অনুরোধ করছি। আমি মাঝে মাঝে এতে রক্ত ​​দিয়ে প্রস্রাব করি এবং দুর্গন্ধটি ভয়াবহ। আমি যদি সংক্রামিত মনে করি তবে আমার কী করা উচিত?"
33,urinary tract infection,"On rare occasions, I pee with blood in it and have mild nausea. Help! I also occasionally experience high nighttime temperatures and a dreadful urine odour.","दुर्लभ अवसरों पर, मैं इसमें रक्त के साथ पेशाब करता हूं और हल्का मतली है। मदद करना! मैं भी कभी -कभी उच्च रात के तापमान और एक भयानक मूत्र गंध का अनुभव करता हूं।","বিরল উপলক্ষে, আমি এতে রক্ত ​​দিয়ে প্রস্রাব করি এবং হালকা বমি বমি ভাব করি। সাহায্য! আমি মাঝে মাঝে উচ্চ রাতের তাপমাত্রা এবং একটি ভয়ঙ্কর প্রস্রাবের গন্ধও অনুভব করি।"
34,urinary tract infection,"My lower abdomen hurts, and when I urinate, it feels like it's exploding. I've been having low body temps ever since I started having these new symptoms. Because of this, I've been weak.","मेरा निचला पेट दर्द होता है, और जब मैं पेशाब करता हूं, तो ऐसा लगता है कि यह विस्फोट हो रहा है। जब से मुझे ये नए लक्षण होने लगे हैं, तब से मैं कम बॉडी टेम्प्स कर रहा हूं। इस वजह से, मैं कमजोर हो गया हूं।",আমার তলপেটে ব্যথা হয় এবং আমি যখন প্রস্রাব করি তখন মনে হয় এটি বিস্ফোরিত হচ্ছে। আমার এই নতুন লক্ষণগুলি শুরু করার পর থেকেই আমার শরীরের কম টেম্পস রয়েছে। এ কারণে আমি দুর্বল হয়েছি।
35,urinary tract infection,"Blood is in my pee, and I have a low body temperature. I have practically continual headaches and often strong, uncontrollable need to urinate. In addition, I've started having lower back pain.","रक्त मेरे पेशाब में है, और मेरे पास शरीर का तापमान कम है। मेरे पास व्यावहारिक रूप से लगातार सिरदर्द है और अक्सर मजबूत, बेकाबू जरूरत है। इसके अलावा, मुझे पीठ कम दर्द होने लगा है।","রক্ত আমার প্রস্রাবের মধ্যে রয়েছে এবং আমার শরীরের তাপমাত্রা কম। আমার ব্যবহারিকভাবে নিয়মিত মাথাব্যথা রয়েছে এবং প্রায়শই শক্তিশালী, অনিয়ন্ত্রিত প্রয়োজন। তদতিরিক্ত, আমি পিঠে ব্যথা কম শুরু করেছি।"
36,urinary tract infection,"I've had low temps and bloody urine for the past four days. My pee smells terrible, and my head hurts like hell. I scarcely have any control over when I urinate, and the urges strike without warning.","मेरे पास पिछले चार दिनों से कम मंदिर और खूनी मूत्र है। मेरे पेशाब से भयानक खुशबू आ रही है, और मेरा सिर नरक की तरह दर्द करता है। जब मैं पेशाब करता हूं तो मेरा कोई नियंत्रण होता है, और चेतावनी के बिना आग्रह करता हूं।","আমি গত চার দিন ধরে কম টেম্পস এবং রক্তাক্ত প্রস্রাব করেছি। আমার প্রস্রাব ভয়ঙ্কর গন্ধযুক্ত, এবং আমার মাথা নরকের মতো ব্যথা করে। আমি যখন প্রস্রাব করি তখন আমার খুব কমই নিয়ন্ত্রণ থাকে এবং সতর্কতা ছাড়াই তাগিদ ধর্মঘট করে।"
37,urinary tract infection,"I regularly vomit and get pelvic pain. There is occasionally blood in my pee, and it occasionally has an absolutely intolerable odour. I occasionally have trouble falling asleep because of my migraines.","मैं नियमित रूप से उल्टी करता हूं और पेल्विक दर्द प्राप्त करता हूं। मेरे पेशाब में कभी -कभार खून होता है, और इसमें कभी -कभी एक बिल्कुल असहनीय गंध होती है। मुझे कभी -कभी अपने माइग्रेन के कारण सो जाने में परेशानी होती है।",আমি নিয়মিত বমি করি এবং শ্রোণী ব্যথা পাই। আমার প্রস্রাবের মাঝে মাঝে রক্ত ​​থাকে এবং মাঝে মাঝে এটির একেবারে অসহনীয় গন্ধ থাকে। আমার মাইগ্রেনের কারণে মাঝে মাঝে ঘুমিয়ে পড়তে সমস্যা হয়।
38,urinary tract infection,"I need to relieve myself regularly, but I can't seem to get my bladder to empty. On sometimes, I get intense, uncontrollable urges to urinate, along with dark or red urine.","मुझे नियमित रूप से खुद को राहत देने की आवश्यकता है, लेकिन मैं अपने मूत्राशय को खाली करने के लिए नहीं लग सकता। कभी -कभी, मैं गहरे या लाल मूत्र के साथ पेशाब करने के लिए तीव्र, बेकाबू आग्रह करता हूं।","আমার নিয়মিত নিজেকে মুক্তি দেওয়া দরকার, তবে আমি আমার মূত্রাশয়টি খালি পেয়ে যেতে পারি না বলে মনে হয়। কখনও কখনও, আমি গা dark ় বা লাল প্রস্রাবের সাথে প্রস্রাবের তীব্র, অনিয়ন্ত্রিত তাগিদ পাই।"
39,urinary tract infection,"My spirits have been incredibly low, and my pee smells awful. My kidney region hurts a lot, and I can't seem to hold my urine in. I get these unreasonable urges all the time.","मेरी आत्माएं अविश्वसनीय रूप से कम रही हैं, और मेरे पेशाब को भयानक खुशबू आ रही है। मेरा किडनी क्षेत्र बहुत दर्द करता है, और मैं अपने मूत्र को पकड़ नहीं सकता। मुझे ये अनुचित आग्रह हर समय मिलते हैं।","আমার প্রফুল্লতা অবিশ্বাস্যভাবে কম হয়েছে, এবং আমার প্রস্রাবটি ভয়াবহ গন্ধযুক্ত। আমার কিডনি অঞ্চলটি অনেকটা ব্যথা করে, এবং আমি আমার প্রস্রাবটি ধরে রাখব বলে মনে হয় না I আমি এই অযৌক্তিক অনুরোধগুলি সর্বদা পাই।"
40,urinary tract infection,"I have to go to the bathroom a lot, but generally only a few drops of urine come out. I have severe stomach pains and an overwhelming want to urinate.","मुझे बाथरूम में बहुत कुछ जाना है, लेकिन आम तौर पर मूत्र की केवल कुछ बूंदें निकलती हैं। मुझे पेट में गंभीर दर्द है और एक भारी पेशाब करना चाहता है।","আমাকে প্রচুর পরিমাণে বাথরুমে যেতে হবে, তবে সাধারণত কয়েক ফোঁটা প্রস্রাব বেরিয়ে আসে। আমার পেটের তীব্র ব্যথা রয়েছে এবং একটি অপ্রতিরোধ্য প্রস্রাব করতে চাই।"
41,urinary tract infection,"My urine often has a weird odour, is crimson or black in colour, and both. My body's temperature has been fluctuating often, which typically keeps me up at night.","मेरे मूत्र में अक्सर एक अजीब गंध होती है, रंग में क्रिमसन या काला होता है, और दोनों। मेरे शरीर के तापमान में अक्सर उतार -चढ़ाव होता रहा है, जो आमतौर पर मुझे रात में रखता है।","আমার প্রস্রাবের প্রায়শই একটি অদ্ভুত গন্ধ থাকে, এটি ক্রিমসন বা কালো রঙের এবং উভয়ই। আমার দেহের তাপমাত্রা প্রায়শই ওঠানামা করে যা সাধারণত আমাকে রাতে রাখে।"
42,urinary tract infection,I noticed blood in my urinating. I occasionally feel sick after urinating. I frequently feel as though I have a fever.,मैंने अपने पेशाब में खून देखा। मैं कभी -कभी पेशाब करने के बाद बीमार महसूस करता हूं। मुझे अक्सर लगता है जैसे मुझे बुखार है।,আমি আমার প্রস্রাবের মধ্যে রক্ত ​​লক্ষ্য করেছি। আমি মাঝে মাঝে প্রস্রাবের পরে অসুস্থ বোধ করি। আমি প্রায়শই মনে করি যেন আমার জ্বর আছে।
43,urinary tract infection,"My pee has a strong odour and a hazy look. Since these symptoms started, I've had high temperatures and frequent nighttime urges to urinate.","मेरे पेशाब में एक मजबूत गंध और एक धुंधला रूप है। चूंकि ये लक्षण शुरू हुए थे, इसलिए मैंने उच्च तापमान और लगातार रात को पेशाब करने के लिए आग्रह किया है।","আমার প্রস্রাবের একটি শক্ত গন্ধ এবং একটি আড়ম্বরপূর্ণ চেহারা আছে। যেহেতু এই লক্ষণগুলি শুরু হয়েছিল, তাই আমার উচ্চ তাপমাত্রা এবং ঘন ঘন রাতের সময় প্রস্রাব করার তাগিদ ছিল।"
44,urinary tract infection,I occasionally urinate with blood in it and feel a little queasy. Help! I also occasionally get horrible pee odours and excessive overnight temps.,मैं कभी -कभी इसमें रक्त के साथ पेशाब करता हूं और थोड़ा कम महसूस करता हूं। मदद करना! मैं भी कभी -कभी भयानक पेशाब गंध और रात भर अत्यधिक टेम्पों को प्राप्त करता हूं।,আমি মাঝে মাঝে এতে রক্ত ​​দিয়ে প্রস্রাব করি এবং কিছুটা কৌতুক বোধ করি। সাহায্য! আমি মাঝে মাঝে ভয়ঙ্কর প্রস্রাবের গন্ধ এবং রাতারাতি অতিরিক্ত টেম্পস পাই।
45,urinary tract infection,"My lower abdomen aches, and it feels like it may explode when I urinate. Since I began experiencing these new symptoms, my body temperature has been consistently low. That's why I've been weak.","मेरे निचले पेट में दर्द होता है, और ऐसा लगता है कि जब मैं पेशाब करता हूं तो यह विस्फोट हो सकता है। चूंकि मैंने इन नए लक्षणों का अनुभव करना शुरू किया है, इसलिए मेरे शरीर का तापमान लगातार कम रहा है। इसलिए मैं कमजोर रहा हूं।","আমার তলপেটে ব্যথা হয় এবং মনে হয় আমি যখন প্রস্রাব করি তখন এটি বিস্ফোরিত হতে পারে। যেহেতু আমি এই নতুন লক্ষণগুলি অনুভব করতে শুরু করেছি, তাই আমার শরীরের তাপমাত্রা ধারাবাহিকভাবে কম ছিল। এজন্য আমি দুর্বল ছিলাম।"
46,urinary tract infection,"In the last four days, I've experienced low temperatures and blood in my pee. My head hurts so much and my urine smells awful. The desires to urinate seldom come on cue, and I hardly ever have any control over when they do.","पिछले चार दिनों में, मैंने अपने पेशाब में कम तापमान और रक्त का अनुभव किया है। मेरा सिर बहुत दर्द करता है और मेरे मूत्र से भयानक खुशबू आ रही है। पेशाब करने की इच्छाएं शायद ही कभी क्यू पर आती हैं, और जब वे करते हैं तो मुझे शायद ही कभी कोई नियंत्रण होता है।","গত চার দিনে, আমি আমার প্রস্রাবের মধ্যে কম তাপমাত্রা এবং রক্তের অভিজ্ঞতা পেয়েছি। আমার মাথাটি খুব ব্যথা করে এবং আমার প্রস্রাব ভয়ঙ্কর গন্ধ পায়। খুব কমই প্রস্রাব করার আকাঙ্ক্ষাগুলি কিউতে আসে এবং তারা যখন করে তখন আমার খুব কমই নিয়ন্ত্রণ থাকে।"
47,urinary tract infection,"My pee frequently has an odd smell and is either red or black, or both. The frequent changes in my body temperature usually keep me awake at night.","मेरे पेशाब में अक्सर एक अजीब गंध होती है और वह या तो लाल या काला होता है, या दोनों। मेरे शरीर के तापमान में लगातार परिवर्तन आमतौर पर मुझे रात में जागते रहते हैं।",আমার প্রস্রাবের ঘন ঘন একটি বিজোড় গন্ধ থাকে এবং এটি লাল বা কালো বা উভয়ই হয়। আমার শরীরের তাপমাত্রায় ঘন ঘন পরিবর্তনগুলি সাধারণত আমাকে রাতে জাগ্রত রাখে।
48,urinary tract infection,My pee smells strongly and seems cloudy. I've had fevers and frequent overnight urination needs ever since these symptoms began.,मेरा पेशाब दृढ़ता से बदबू आ रही है और बादल लगता है। इन लक्षणों के शुरू होने के बाद से मुझे बुखार और लगातार रात भर पेशाब की जरूरत है।,আমার প্রস্রাব দৃ strongly ় গন্ধযুক্ত এবং মেঘলা মনে হচ্ছে। এই লক্ষণগুলি শুরু হওয়ার পর থেকেই আমার ফিভার এবং ঘন ঘন প্রস্রাবের প্রয়োজন ছিল।
49,urinary tract infection,"I've had low temps and blood in my urine for the past three days. My pee smells terrible, and my head hurts so much. Urinary urges seldom occur on cue, and I almost never have any control over when they do.","मेरे पास पिछले तीन दिनों से अपने मूत्र में कम मंदिर और रक्त है। मेरे पेशाब से भयानक खुशबू आ रही है, और मेरा सिर बहुत दर्द करता है। मूत्र का आग्रह शायद ही कभी क्यू पर होता है, और जब वे करते हैं तो मुझे लगभग कभी कोई नियंत्रण नहीं होता है।","আমি গত তিন দিন ধরে আমার প্রস্রাবে কম টেম্পস এবং রক্ত ​​পেয়েছি। আমার প্রস্রাব ভয়ঙ্কর গন্ধযুক্ত, এবং আমার মাথাটি খুব ব্যথা করে। মূত্রনালীর তাগিদ খুব কমই কিউতে ঘটে এবং তারা যখন করে তখন আমার প্রায় কোনও নিয়ন্ত্রণ থাকে না।"
50,allergy,"I have a runny nose and I am sneezing all the time. My eyes are itchy and often watery, and I am coughing all the time. My head hurts and all the time","मेरे पास एक बहती हुई नाक है और मैं हर समय छींक रहा हूं। मेरी आँखें खुजली और अक्सर पानी से भरी होती हैं, और मैं हर समय खांसी कर रही हूं। मेरा सिर दर्द होता है और हर समय",আমার নাকের নাক আছে এবং আমি সারাক্ষণ হাঁচি দিচ্ছি। আমার চোখ চুলকানি এবং প্রায়শই জলযুক্ত এবং আমি সর্বদা কাশি করছি। আমার মাথা ব্যাথা করে এবং সব সময়
51,allergy,I have sore throat and I am sneezing all the time. Sometimes I have swelling on my face like my lips and near my eyes. I just cant stop sneezing once I start sneezing,मेरे पास गले में खराश है और मैं हर समय छींक रहा हूं। कभी -कभी मेरे चेहरे पर मेरे होंठ और मेरी आँखों के पास सूजन होती है। मैं सिर्फ एक बार छींकना बंद नहीं कर सकता,আমার গলা ব্যথা আছে এবং আমি সারাক্ষণ হাঁচি দিচ্ছি। কখনও কখনও আমি আমার মুখের মতো আমার ঠোঁটের মতো এবং আমার চোখের কাছাকাছি ফোলাচ্ছি। আমি যখন হাঁচি শুরু করি তখন আমি কেবল হাঁচি বন্ধ করতে পারি না
52,allergy,I hace difficulty in breething and shortness of breath. I cough uncontrollably and get itchy eyes and swelling on my face and other body parts,मैं सांस की कमी और सांस की तकलीफ में कठिनाई करता हूं। मैं अनियंत्रित रूप से खांसी करता हूं और खुजली वाली आंखें और मेरे चेहरे और अन्य शरीर के अन्य हिस्सों पर सूजन करता हूं,আমি ব্রেথিং এবং শ্বাসকষ্টে অসুবিধা হেসে আছি। আমি অনিয়ন্ত্রিতভাবে কাশি করি এবং চুলকানি চোখ এবং আমার মুখ এবং শরীরের অন্যান্য অংশগুলিতে ফোলাভাব পাই
53,allergy,I have a nasal congestion and blocked nose. Sometimes at night I have chest pain and tightness. I have also lost my sense of smell and taste,मेरे पास एक नाक की भीड़ है और नाक अवरुद्ध है। कभी -कभी रात में मुझे सीने में दर्द और जकड़न होता है। मैंने अपनी गंध और स्वाद की भावना भी खो दी है,আমার অনুনাসিক যানজট এবং ব্লক করা নাক রয়েছে। কখনও কখনও রাতে আমার বুকে ব্যথা এবং দৃ ness ়তা থাকে। আমি আমার গন্ধ এবং স্বাদ অনুভূতিও হারিয়েছি
54,allergy,I have asthma like symptoms like wheezing and difficulty breathing. I often get fever and have headaches. I feel tired all the time,मुझे अस्थमा जैसे लक्षण हैं जैसे घरघराहट और सांस लेने में कठिनाई। मुझे अक्सर बुखार मिलता है और सिरदर्द होता है। मैं हर समय थका हुआ महसूस करता हूं,আমার হাঁপানির মতো লক্ষণগুলির মতো হুইজিং এবং শ্বাস নিতে অসুবিধা রয়েছে। আমি প্রায়শই জ্বর পাই এবং মাথা ব্যথা করি। আমি সারাক্ষণ ক্লান্ত বোধ করি
55,allergy,"I feel tired all the time, I have lost my taste and have a really sore throat. I also get feverish and often have muscle aches. Sometimes my whole body just cramps up","मैं हर समय थका हुआ महसूस करता हूं, मैंने अपना स्वाद खो दिया है और वास्तव में गले में खराश है। मुझे बुखार भी मिलता है और अक्सर मांसपेशियों में दर्द होता है। कभी -कभी मेरा पूरा शरीर बस ऐंठन करता है","আমি সারাক্ষণ ক্লান্ত বোধ করি, আমি আমার স্বাদ হারিয়ে ফেলেছি এবং সত্যিই গলা ব্যথা পেয়েছি। আমি জ্বরও পাই এবং প্রায়শই পেশী ব্যথা করি। কখনও কখনও আমার পুরো শরীরটি কেবল ক্র্যাম্প হয়ে যায়"
56,allergy,I have been experiencing a loss of appetite and have difficulty swallowing food. I have been suffering from sore throat and runnny nose also.,मुझे भूख कम होने का अनुभव हो रहा है और भोजन निगलने में कठिनाई होती है। मैं गले में खराश और रन्नी नाक से भी पीड़ित रहा हूं।,আমি ক্ষুধা হ্রাস পেয়েছি এবং খাবার গ্রাস করতে অসুবিধা করছি। আমি গলা ব্যথা এবং রান্নি নাকেও ভুগছি।
57,allergy,"I feel fatigued all the time, and have a tingling sensation in my throat. I have also developed flaky skin. Sometimes I get puffy eyes and sometimes puffs up too.","मैं हर समय थका हुआ महसूस करता हूं, और मेरे गले में एक झुनझुनी सनसनी है। मैंने परतदार त्वचा भी विकसित की है। कभी -कभी मुझे झाड़ू आँखें मिलती हैं और कभी -कभी पफ भी होती हैं।",আমি সারাক্ষণ ক্লান্তি বোধ করি এবং আমার গলায় একটি টিংলিং সংবেদন রয়েছে। আমি ফ্লেকি ত্বকও বিকাশ করেছি। কখনও কখনও আমি দু: খিত চোখ পাই এবং কখনও কখনও পিফও আপ করি।
58,allergy,"I have stomach cramps, nausea and diarrhea. My throat is swollen, and I have difficulty breathing. Sometimes at night night I get chest pain and nauseous.","मुझे पेट में ऐंठन, मतली और दस्त हैं। मेरा गला सूज गया है, और मुझे सांस लेने में कठिनाई होती है। कभी -कभी रात में मुझे सीने में दर्द और मिचली आती है।","আমার পেটের বাধা, বমি বমি ভাব এবং ডায়রিয়া রয়েছে। আমার গলা ফোলা, এবং আমার শ্বাস নিতে অসুবিধা হয়। কখনও কখনও রাতে রাতে আমি বুকে ব্যথা এবং বমি বমি ভাব পাই।"
59,allergy,I have itchy and red skin. Sometimes these result in flaking. My face and lips puff up and causes a lot of inconvinience. I get watery eyes sometimes and headches when the puffing gets severe,मुझे खुजली और लाल त्वचा है। कभी -कभी ये फ्लेकिंग में परिणाम होते हैं। मेरा चेहरा और होंठ फुफकारते हैं और बहुत सारी अनिश्चितता का कारण बनते हैं। मुझे कभी -कभी पानी की आंखें मिलती हैं और जब पफिंग गंभीर हो जाती है तो हेडचे,আমার চুলকানি এবং লাল ত্বক রয়েছে। কখনও কখনও এই ফলাফল flaking হয়। আমার মুখ এবং ঠোঁট ফুঁকছে এবং প্রচুর অসুবিধা সৃষ্টি করে। আমি মাঝে মাঝে জলযুক্ত চোখ পাই এবং যখন ফুঁকছে তীব্র হয়ে ওঠে
60,allergy,"I often sneeze and have a runny nose. My eyes are scratchy and frequently runny, and I frequently cough. My head hurts constantly.","मैं अक्सर छींकता हूं और एक बहती हुई नाक है। मेरी आँखें खरोंच और अक्सर बहती हैं, और मैं अक्सर खांसी करता हूं। मेरा सिर लगातार दर्द करता है।",আমি প্রায়শই হাঁচি করি এবং নাকের নাক থাকে। আমার চোখগুলি আঁচড়যুক্ত এবং ঘন ঘন ঘন এবং আমি প্রায়শই কাশি করি। আমার মাথা ক্রমাগত ব্যথা করে।
61,allergy,"I often sneeze and have a sore throat. My lips and the area around my eyes occasionally swell. Once I start sneezing, I just can't stop.","मैं अक्सर छींकता हूं और गले में खराश है। मेरे होंठ और मेरी आंखों के आसपास का क्षेत्र कभी -कभी सूज जाता है। एक बार जब मैं छींकना शुरू करता हूं, तो मैं बस रुक नहीं सकता।","আমি প্রায়শই হাঁচি এবং গলা ব্যথা হয়। আমার ঠোঁট এবং আমার চোখের চারপাশের অঞ্চলটি মাঝে মধ্যে ফুলে যায়। একবার আমি হাঁচি শুরু করলে, আমি কেবল থামতে পারি না।"
62,allergy,"I have trouble breathing and get short of breath. I have a dry, hacking cough, itchy eyes, and swelling all over my face and body.","मुझे सांस लेने में परेशानी होती है और सांस की कमी होती है। मेरे पास एक सूखी, हैकिंग खांसी, खुजली वाली आँखें और मेरे चेहरे और शरीर पर सूजन है।","আমার শ্বাস নিতে সমস্যা হয় এবং শ্বাসকষ্ট হয়। আমার একটি শুকনো, হ্যাকিং কাশি, চুলকানি চোখ এবং আমার মুখ এবং শরীর জুড়ে ফোলাভাব রয়েছে।"
63,allergy,I have a plugged nose and nasal congestion. I occasionally have stiffness and chest discomfort at night. I've also lost my ability to taste and smell.,मेरे पास एक प्लग की नाक और नाक की भीड़ है। मुझे कभी -कभी रात में कठोरता और छाती की असुविधा होती है। मैंने भी स्वाद और गंध करने की अपनी क्षमता खो दी है।,আমার কাছে একটি প্লাগড নাক এবং অনুনাসিক ভিড় রয়েছে। আমার মাঝে মাঝে রাতে কঠোরতা এবং বুকের অস্বস্তি থাকে। আমি স্বাদ এবং গন্ধ পাওয়ার ক্ষমতাও হারিয়েছি।
64,allergy,"I get symptoms of asthma, such as wheezing and breathing problems. I frequently have headaches and fever. All the time, I feel exhausted.","मुझे अस्थमा के लक्षण मिलते हैं, जैसे कि घरघराहट और सांस लेने की समस्या। मुझे अक्सर सिरदर्द और बुखार होता है। हर समय, मैं थका हुआ महसूस करता हूं।","আমি হাঁপানির লক্ষণগুলি পাই যেমন হুইজিং এবং শ্বাসকষ্টের সমস্যা। আমার প্রায়শই মাথা ব্যথা এবং জ্বর থাকে। সব সময়, আমি ক্লান্ত বোধ করি।"
65,allergy,"I always feel exhausted, have bad taste, and have an extremely scratchy throat. I also have muscular pain and heat. My entire body simply cramps up occasionally.","मैं हमेशा थका हुआ महसूस करता हूं, खराब स्वाद रखता हूं, और एक बेहद खरोंच गला होता है। मुझे मांसपेशियों में दर्द और गर्मी भी है। मेरा पूरा शरीर बस कभी -कभी ऐंठन करता है।","আমি সবসময় ক্লান্ত বোধ করি, খারাপ স্বাদ পেয়েছি এবং একটি অত্যন্ত স্ক্র্যাচি গলা আছে। আমার পেশীবহুল ব্যথা এবং তাপও রয়েছে। আমার পুরো শরীরটি মাঝে মধ্যে কেবল ক্র্যাম্প হয়ে যায়।"
66,allergy,"I've been losing my appetite, and I also have trouble swallowing. My nose has been running, and I have a sore throat.","मैं अपनी भूख खो रहा हूं, और मुझे निगलने में भी परेशानी होती है। मेरी नाक चल रही है, और मेरे गले में खराश है।","আমি আমার ক্ষুধা হারাচ্ছি, এবং আমার গিলে ফেলতেও সমস্যা হয়। আমার নাক চলছে, এবং আমার গলা ব্যথা হয়েছে।"
67,allergy,I'm always worn out and experiencing a tingle in my throat. I've also started to have dry skin. My eyes occasionally swell up,मैं हमेशा बाहर पहना हूं और मेरे गले में एक झुनझुनी का अनुभव कर रहा हूं। मैंने शुष्क त्वचा भी शुरू कर दी है। मेरी आँखें कभी -कभी सूज जाती हैं,আমি সর্বদা জীর্ণ হয়ে পড়েছি এবং আমার গলায় একটি টিংল অনুভব করছি। আমি শুকনো ত্বকও শুরু করেছি। আমার চোখ মাঝে মাঝে ফুলে যায়
68,allergy,"I feel queasy, nauseous, and dizzy. I have a swelling throat and am having breathing issues. I occasionally have chest discomfort and nausea at night.","मैं queasy, मिचली और चक्कर महसूस करता हूं। मेरे पास एक सूजन गला है और सांस लेने के मुद्दे हैं। मुझे कभी -कभी रात में सीने की परेशानी और मतली होती है।","আমি কৌতুকপূর্ণ, বমি বমি ভাব এবং চঞ্চল বোধ করি। আমার গলা ফোলা আছে এবং শ্বাস প্রশ্বাসের সমস্যা রয়েছে। আমার মাঝে মাঝে রাতে বুকের অস্বস্তি এবং বমি বমি ভাব হয়।"
69,allergy,"My skin is red and scratchy. These can occasionally flake. My cheeks and lips swell, which is really annoying. I occasionally have headaches and runny eyes because to the puffing.","मेरी त्वचा लाल और खरोंच है। ये कभी -कभार परत हो सकते हैं। मेरे गाल और होंठ सूजते हैं, जो वास्तव में कष्टप्रद है। मेरे पास कभी -कभी सिरदर्द और बहने वाली आँखें होती हैं क्योंकि पफिंग के लिए।","আমার ত্বক লাল এবং স্ক্র্যাচি। এগুলি মাঝে মাঝে ফ্লেক করতে পারে। আমার গাল এবং ঠোঁট ফুলে যায়, যা সত্যিই বিরক্তিকর। আমার মাঝে মাঝে মাথাব্যথা এবং সরু চোখ থাকে কারণ ফুঁকছে।"
70,allergy,"I frequently sneeze, and my nose runs. I constantly cough, and my eyes are sore and watery. My head hurts all the time.","मैं अक्सर छींकता हूं, और मेरी नाक चलती है। मैं लगातार खांसी करता हूं, और मेरी आँखें गले में खराश होती हैं। मेरा सिर हर समय दर्द होता है।","আমি প্রায়শই হাঁচি, এবং আমার নাক চলে। আমি ক্রমাগত কাশি, এবং আমার চোখ ব্যথা এবং জলযুক্ত। আমার মাথা সব সময় ব্যথা করে।"
71,allergy,I have a sore throat and frequently sneeze. Sometimes the skin around my eyes and my lips swells. I just can't stop sneezing once I get going.,मेरे पास गले में खराश है और अक्सर छींकते हैं। कभी -कभी मेरी आंखों के चारों ओर की त्वचा और मेरे होंठ सूज जाते हैं। एक बार मैं जाने के बाद मैं छींकना बंद नहीं कर सकता।,আমার গলা ব্যথা হয় এবং প্রায়শই হাঁচি হয়। কখনও কখনও আমার চোখের চারপাশে ত্বক এবং আমার ঠোঁট ফুলে যায়। আমি একবার যেতে একবার হাঁচি থামাতে পারি না।
72,allergy,"I have respiratory issues and experience breathlessness. My face and torso are swollen, my eyes are itching, and I have a dry, hacking cough.","मेरे पास श्वसन मुद्दे हैं और सांस की तकलीफ का अनुभव करते हैं। मेरा चेहरा और धड़ सूजन है, मेरी आँखें खुजली कर रही हैं, और मेरे पास एक सूखी, हैकिंग खांसी है।","আমার শ্বাসকষ্টের সমস্যা রয়েছে এবং শ্বাসকষ্টের অভিজ্ঞতা রয়েছে। আমার মুখ এবং ধড় ফুলে গেছে, আমার চোখ চুলকানি করছে এবং আমার শুকনো, হ্যাকিং কাশি রয়েছে।"
73,allergy,"I have nasal congestion and a blocked nose. On occasion, during the night, I have stiffness and chest pain. Additionally, I've lost my senses of taste and smell.","मेरे पास नाक की भीड़ और एक अवरुद्ध नाक है। अवसर पर, रात के दौरान, मुझे कठोरता और सीने में दर्द होता है। इसके अतिरिक्त, मैंने स्वाद और गंध की अपनी इंद्रियों को खो दिया है।","আমার অনুনাসিক যানজট এবং একটি অবরুদ্ধ নাক রয়েছে। উপলক্ষে, রাতের বেলা আমার কড়া এবং বুকে ব্যথা হয়। অতিরিক্তভাবে, আমি আমার স্বাদ এবং গন্ধের সংবেদনগুলি হারিয়ে ফেলেছি।"
74,allergy,"I get breathing issues and wheezing, which are asthma symptoms. I regularly have fevers and headaches. I constantly feel worn out.","मुझे सांस लेने के मुद्दे और घरघराहट मिलती है, जो अस्थमा के लक्षण हैं। मेरे पास नियमित रूप से बुखार और सिरदर्द हैं। मैं लगातार पहना हुआ महसूस करता हूं।","আমি শ্বাস প্রশ্বাসের সমস্যা এবং হুইজিং পাই, যা হাঁপানির লক্ষণ। আমার নিয়মিত ফিভার এবং মাথাব্যথা থাকে। আমি ক্রমাগত ক্লান্ত বোধ করি।"
75,allergy,"I always feel worn out, have unpleasant taste in my mouth, and have a really itchy throat. My muscles are also hot and hurting. Sometimes my whole body just cramps up.","मैं हमेशा बाहर पहना महसूस करता हूं, मेरे मुंह में अप्रिय स्वाद होता है, और वास्तव में खुजली वाला गला होता है। मेरी मांसपेशियां भी गर्म और दर्द कर रही हैं। कभी -कभी मेरा पूरा शरीर बस ऐंठन करता है।","আমি সবসময় ক্লান্ত বোধ করি, আমার মুখে অপ্রীতিকর স্বাদ পেয়েছি এবং সত্যিই চুলকানি করি। আমার পেশীগুলিও গরম এবং ব্যথা করছে। কখনও কখনও আমার পুরো শরীরটি কেবল ক্র্যাম্প হয়ে যায়।"
76,allergy,"Along with losing my appetite, I've been having swallowing issues. I have a sore throat, and my nose has been running.","अपनी भूख को खोने के साथ, मैं मुद्दों को निगल रहा हूं। मेरे गले में खराश है, और मेरी नाक चल रही है।","আমার ক্ষুধা হারানোর পাশাপাশি, আমি গিলে ফেলেছি। আমার গলা ব্যথা হয়েছে, এবং আমার নাক চলছে।"
77,allergy,I always feel exhausted and have a tickle in my throat. My skin has also started to feel dry. I occasionally get ocular swelling.,मैं हमेशा थका हुआ महसूस करता हूं और मेरे गले में गुदगुदी करता हूं। मेरी त्वचा भी सूखी महसूस करने लगी है। मुझे कभी -कभी ऑक्यूलर सूजन मिलती है।,আমি সবসময় ক্লান্ত বোধ করি এবং আমার গলায় একটি সুড়সুড়ি রাখি। আমার ত্বকও শুকনো বোধ করতে শুরু করেছে। আমি মাঝে মাঝে অকুলার ফোলা পেতে।
78,allergy,"I'm dizzy, nauseated, and shaky. I'm having trouble breathing since my throat is swollen. On occasion, throughout the night, my chest hurts and I feel sick.","मुझे चक्कर आ रहा है, मतली, और अस्थिर है। मुझे सांस लेने में परेशानी हो रही है क्योंकि मेरा गला सूज गया है। अवसर पर, रात भर, मेरी छाती में दर्द होता है और मैं बीमार महसूस करता हूं।","আমি চঞ্চল, বমি বমি ভাব এবং নড়বড়ে। আমার গলা ফুলে যাওয়ার কারণে শ্বাস নিতে আমার সমস্যা হচ্ছে। উপলক্ষে, সারা রাত জুড়ে, আমার বুক ব্যথা করে এবং আমি অসুস্থ বোধ করি।"
79,allergy,"My skin is irritated and inflamed. Sometimes, they can flake. My lips and cheeks expand, and it is really unpleasant. Because of the puffing, I occasionally have headaches and wet eyes.","मेरी त्वचा चिढ़ और सूजन है। कभी -कभी, वे परत हो सकते हैं। मेरे होंठ और गाल का विस्तार है, और यह वास्तव में अप्रिय है। पफिंग के कारण, मेरे पास कभी -कभी सिरदर्द और गीली आँखें होती हैं।","আমার ত্বক বিরক্ত এবং স্ফীত হয়। কখনও কখনও, তারা ফ্লেক করতে পারে। আমার ঠোঁট এবং গাল প্রসারিত হয় এবং এটি সত্যিই অপ্রীতিকর। ফাফিংয়ের কারণে আমার মাঝে মাঝে মাথা ব্যথা এবং ভেজা চোখ থাকে।"
80,allergy,"My nose runs and I sneeze a lot. My eyes are wet and hurt, and I cough all the time. My head aches constantly.","मेरी नाक चलती है और मैं बहुत छींकती हूं। मेरी आँखें गीली और आहत हैं, और मैं हर समय खांसी। मेरा सिर लगातार दर्द करता है।","আমার নাক চলে এবং আমি অনেক হাঁচি। আমার চোখ ভেজা এবং আহত, এবং আমি সব সময় কাশি। আমার মাথা ক্রমাগত ব্যথা করে।"
81,allergy,"I sneeze a lot and have a sore throat. My lips and the skin surrounding my eyes will occasionally swell. Once I start, I just can't stop sneezing.","मैं बहुत छींकता हूं और गले में खराश करता हूं। मेरे होंठ और मेरी आँखों के आसपास की त्वचा कभी -कभी सूज जाती है। एक बार जब मैं शुरू करता हूं, तो मैं सिर्फ छींकना बंद नहीं कर सकता।","আমি অনেক হাঁচি এবং গলা ব্যথা আছে। আমার চোখের চারপাশে আমার ঠোঁট এবং ত্বক মাঝে মাঝে ফুলে উঠবে। একবার আমি শুরু করলে, আমি কেবল হাঁচি থামাতে পারি না।"
82,allergy,"I have breathing problems and become out of breath easily. My eyes ache, I have a dry, hacking cough, and my face and body are bloated.","मुझे सांस लेने की समस्या है और आसानी से सांस से बाहर हो जाता है। मेरी आँखों में दर्द होता है, मेरे पास एक सूखी, हैकिंग खांसी है, और मेरा चेहरा और शरीर फूला हुआ है।","আমার শ্বাস প্রশ্বাসের সমস্যা রয়েছে এবং সহজেই শ্বাস -প্রশ্বাসের বাইরে চলে যাই। আমার চোখের ব্যথা, আমার একটি শুকনো, হ্যাকিং কাশি রয়েছে এবং আমার মুখ এবং শরীর ফুলে গেছে।"
83,allergy,I have a plugged nose and nasal congestion. I occasionally have stiffness and chest discomfort during the night. I've also lost my ability to smell and taste.,मेरे पास एक प्लग की नाक और नाक की भीड़ है। मुझे कभी -कभी रात के दौरान कठोरता और छाती की असुविधा होती है। मैंने सूंघने और स्वाद की अपनी क्षमता भी खो दी है।,আমার কাছে একটি প্লাগড নাক এবং অনুনাসিক ভিড় রয়েছে। আমার মাঝে মাঝে রাতের বেলা কঠোরতা এবং বুকের অস্বস্তি থাকে। আমি গন্ধ এবং স্বাদ নেওয়ার ক্ষমতাও হারিয়েছি।
84,allergy,"I get wheezing and breathing difficulties, which are asthma symptoms. I frequently have headaches and fever. I'm continuously exhausted.","मुझे घरघराहट और सांस लेने में कठिनाई होती है, जो अस्थमा के लक्षण हैं। मुझे अक्सर सिरदर्द और बुखार होता है। मैं लगातार थक गया हूं।","আমি হুইজিং এবং শ্বাস প্রশ্বাসের অসুবিধাগুলি পাই, যা হাঁপানির লক্ষণ। আমার প্রায়শই মাথা ব্যথা এবং জ্বর থাকে। আমি অবিচ্ছিন্নভাবে ক্লান্ত হয়ে পড়েছি।"
85,allergy,"I always feel exhausted, have a bad taste in my mouth, and my throat itches a lot. Also heated and painful are my muscles. My entire body can cramp up at times.","मैं हमेशा थका हुआ महसूस करता हूं, मेरे मुंह में एक बुरा स्वाद होता है, और मेरा गला बहुत खुजली करता है। गर्म और दर्दनाक भी मेरी मांसपेशियां हैं। मेरा पूरा शरीर कई बार ऐंठन कर सकता है।","আমি সবসময় ক্লান্ত বোধ করি, আমার মুখে খারাপ স্বাদ পেয়েছি এবং আমার গলা প্রচুর চুলকায়। এছাড়াও উত্তপ্ত এবং বেদনাদায়ক আমার পেশী। আমার পুরো শরীর মাঝে মাঝে ক্র্যাম্প আপ করতে পারে।"
86,allergy,"I've been losing my appetite and having trouble swallowing. My nose has been running, and I have a sore throat.","मैं अपनी भूख खो रहा हूं और निगलने में परेशानी हो रही है। मेरी नाक चल रही है, और मेरे गले में खराश है।","আমি আমার ক্ষুধা হারাচ্ছি এবং গিলে ফেলতে সমস্যা হচ্ছে। আমার নাক চলছে, এবং আমার গলা ব্যথা হয়েছে।"
87,allergy,I always get a tickle in my throat and feel fatigued. My skin has begun to feel dry as well. I have ocular edema on occasion.,मैं हमेशा अपने गले में गुदगुदी करता हूं और थका हुआ महसूस करता हूं। मेरी त्वचा भी सूखी महसूस करने लगी है। मेरे पास अवसर पर ओकुलर एडिमा है।,আমি সবসময় আমার গলায় একটি সুড়সুড়ি পাই এবং ক্লান্তি বোধ করি। আমার ত্বকও শুকনো বোধ করতে শুরু করেছে। আমার উপলক্ষে অকুলার এডিমা আছে।
88,allergy,"I feel queasy, sick, and wobbly. My throat is enlarged and making it difficult for me to breathe. My chest occasionally pains all through the night, and I occasionally feel ill.","मैं queasy, बीमार और wobbly महसूस करता हूं। मेरा गला बढ़ गया है और मेरे लिए सांस लेना मुश्किल है। मेरी छाती कभी -कभार रात भर दर्द होती है, और मैं कभी -कभार बीमार महसूस करता हूं।","আমি কৌতুকপূর্ণ, অসুস্থ এবং কাঁপুনি অনুভব করি। আমার গলা বাড়ানো হয়েছে এবং আমার পক্ষে শ্বাস নিতে অসুবিধা হয়। আমার বুক মাঝে মাঝে সারা রাত ব্যথা করে এবং আমি মাঝে মাঝে অসুস্থ বোধ করি।"
89,allergy,My skin is swollen and itchy. They may occasionally flake. It hurts a lot when my cheeks and lips swell. I occasionally get headaches and watery eyes from the puffing.,मेरी त्वचा सूजन और खुजली है। वे कभी -कभी परत हो सकते हैं। यह बहुत दर्द होता है जब मेरे गाल और होंठ सूज जाते हैं। मुझे कभी -कभी पफिंग से सिरदर्द और पानी की आंखें मिलती हैं।,আমার ত্বক ফোলা এবং চুলকানি। তারা মাঝে মাঝে ফ্লেক করতে পারে। আমার গাল এবং ঠোঁট ফুলে উঠলে এটি প্রচুর ব্যথা করে। আমি মাঝে মাঝে মাথা ব্যথা এবং জলাবদ্ধ চোখ থেকে পাই।
90,allergy,"I sneeze a lot and my nose is running. My eyes ache and are damp, and I frequently croak. My head hurts all the time.","मैं बहुत छींकता हूं और मेरी नाक चल रही है। मेरी आँखें दर्द करती हैं और नम होती हैं, और मैं अक्सर क्रैक करता हूं। मेरा सिर हर समय दर्द होता है।","আমি অনেক হাঁচি এবং আমার নাক চলছে। আমার চোখ ব্যথা এবং স্যাঁতসেঁতে, এবং আমি প্রায়শই ক্রোক করি। আমার মাথা সব সময় ব্যথা করে।"
91,allergy,"I have a sore throat and a lot of sneezing. There are times when the skin around my eyes and my lips swell. I find that once I start, I just cannot stop.","मेरे पास गले में खराश और बहुत सारी छींक है। ऐसे समय होते हैं जब मेरी आंखों के चारों ओर की त्वचा और मेरे होंठ सूज जाते हैं। मुझे लगता है कि एक बार जब मैं शुरू करता हूं, तो मैं बस रुक नहीं सकता।","আমার গলা ব্যথা এবং প্রচুর হাঁচি আছে। এমন সময় আছে যখন আমার চোখের চারপাশে ত্বক এবং আমার ঠোঁট ফুলে যায়। আমি দেখতে পাই যে একবার আমি শুরু করি, আমি কেবল থামতে পারি না।"
92,allergy,"I have trouble breathing and easily get out of breath. My face and torso are swollen, my eyes hurt, and I have a dry, hacking cough.","मुझे सांस लेने में परेशानी होती है और आसानी से सांस से बाहर निकल जाती है। मेरा चेहरा और धड़ सूजन है, मेरी आँखें चोट लगी हैं, और मेरे पास एक सूखी, हैकिंग खांसी है।","আমার শ্বাস নিতে সমস্যা হয় এবং সহজেই শ্বাস থেকে বেরিয়ে আসে। আমার মুখ এবং ধড় ফুলে গেছে, আমার চোখ আঘাত করেছে এবং আমার শুকনো, হ্যাকিং কাশি রয়েছে।"
93,allergy,"I have nasal congestion and a blocked nose. On occasion, during the night, I have stiffness and chest pain. I've also lost my senses of taste and smell.","मेरे पास नाक की भीड़ और एक अवरुद्ध नाक है। अवसर पर, रात के दौरान, मुझे कठोरता और सीने में दर्द होता है। मैंने भी स्वाद और गंध की अपनी इंद्रियों को खो दिया है।","আমার অনুনাসিক যানজট এবং একটি অবরুদ্ধ নাক রয়েছে। উপলক্ষে, রাতের বেলা আমার কড়া এবং বুকে ব্যথা হয়। আমি স্বাদ এবং গন্ধ সম্পর্কে আমার ইন্দ্রিয়ও হারিয়েছি।"
94,allergy,"I get breathing issues and wheezing, which are asthma symptoms. I regularly have fevers and headaches. I'm always worn out.","मुझे सांस लेने के मुद्दे और घरघराहट मिलती है, जो अस्थमा के लक्षण हैं। मेरे पास नियमित रूप से बुखार और सिरदर्द हैं। मैं हमेशा खराब हो गया हूं।","আমি শ্বাস প্রশ্বাসের সমস্যা এবং হুইজিং পাই, যা হাঁপানির লক্ষণ। আমার নিয়মিত ফিভার এবং মাথাব্যথা থাকে। আমি সবসময় জীর্ণ।"
95,allergy,"I frequently have exhaustion, a terrible taste in my mouth, and throat itchiness. My muscles are also burning and uncomfortable. Sometimes I have cramps all throughout my body.","मेरे पास अक्सर थकावट होती है, मेरे मुंह में एक भयानक स्वाद, और गले की खुजली होती है। मेरी मांसपेशियां भी जल रही हैं और असहज हैं। कभी -कभी मेरे पूरे शरीर में ऐंठन होती है।","আমার প্রায়শই ক্লান্তি থাকে, আমার মুখে একটি ভয়াবহ স্বাদ এবং গলা চুলকানি হয়। আমার পেশীগুলিও জ্বলন্ত এবং অস্বস্তিকর। কখনও কখনও আমি আমার সারা শরীর জুড়ে বাধা আছে।"
96,allergy,"My appetite has decreased, and I've been having swallowing issues. I have a sore throat, and my nose has been running.","मेरी भूख कम हो गई है, और मैं मुद्दों को निगल रहा हूं। मेरे गले में खराश है, और मेरी नाक चल रही है।","আমার ক্ষুধা হ্রাস পেয়েছে, এবং আমি গিলে ফেলেছি। আমার গলা ব্যথা হয়েছে, এবং আমার নাক চলছে।"
97,allergy,"My throat always tickles, and I'm worn out. Additionally, my skin has started to feel dry. Ocular inflammation occasionally affects me.","मेरा गला हमेशा गुदगुदी करता है, और मैं पहना जाता हूं। इसके अतिरिक्त, मेरी त्वचा सूखी महसूस करने लगी है। ओकुलर सूजन कभी -कभी मुझे प्रभावित करती है।","আমার গলা সবসময় সুড়সুড়ি, এবং আমি জীর্ণ। অতিরিক্তভাবে, আমার ত্বক শুকনো অনুভব করতে শুরু করেছে। Ocular প্রদাহ মাঝে মধ্যে আমাকে প্রভাবিত করে।"
98,allergy,"I'm nauseous, ill, and shaky. I have a huge throat, which makes it tough for me to breathe. I occasionally have nighttime chest aches and occasional sickness.","मैं मिचली, बीमार और अस्थिर हूं। मेरे पास एक विशाल गला है, जो मेरे लिए सांस लेना कठिन बनाता है। मेरे पास कभी -कभी रात की छाती में दर्द होता है और कभी -कभी बीमारी होती है।","আমি বমি বমি ভাব, অসুস্থ এবং নড়বড়ে। আমার গলা একটি বিশাল, যা আমার পক্ষে শ্বাস নিতে শক্ত করে তোলে। আমার মাঝে মাঝে রাতের বুকে ব্যথা এবং মাঝে মাঝে অসুস্থতা থাকে।"
99,allergy,"My skin is itching and swollen. Sometimes, they could flake. My lips and cheeks swelling aches a lot. The puffing occasionally gives me headaches and runny eyes.","मेरी त्वचा खुजली और सूज रही है। कभी -कभी, वे परिक्रमा कर सकते थे। मेरे होंठ और गाल सूजन बहुत दर्द करते हैं। पफिंग कभी -कभी मुझे सिरदर्द और बहती आँखें देता है।","আমার ত্বক চুলকানি এবং ফোলা। কখনও কখনও, তারা ফ্লেক করতে পারে। আমার ঠোঁট এবং গাল ফোলা প্রচুর ব্যথা করে। ফুঁকছে মাঝে মাঝে আমাকে মাথা ব্যথা এবং সরু চোখ দেয়।"
100,gastroesophageal reflux disease,I often get aburning sensation in my throat while and especially after eating. Sometimes this also leaves a sour or bitter taste in my mouth and I get nauseos beacuse of this,मुझे अक्सर अपने गले में और विशेष रूप से खाने के बाद सनसनी हो जाती है। कभी -कभी यह मेरे मुंह में एक खट्टा या कड़वा स्वाद भी छोड़ देता है और मुझे इस का Nausos beacuse मिलता है,আমি প্রায়শই আমার গলায় সংবেদনশীল হয়ে উঠি এবং বিশেষত খাওয়ার পরে। কখনও কখনও এটি আমার মুখে একটি টক বা তিক্ত স্বাদও ছেড়ে দেয় এবং আমি এর বমি বমি ভাব পাই
101,gastroesophageal reflux disease,"I have heartburn and indigestion. I often vomit whatever I eat and have difficultly swallowing food, beacuse the food gets stuck in my throat. I have a nagging pain in my upper abdomen","मेरे पास नाराज़गी और अपच है। मैं अक्सर जो कुछ भी खाता हूं उसे उल्टी करता हूं और मुश्किल से भोजन निगलता हूं, भोजन को मेरे गले में फंस जाता है। मुझे अपने ऊपरी पेट में दर्द होता है","আমার অম্বল এবং বদহজম আছে। আমি প্রায়শই যা কিছু খাই তা বমি করি এবং খাবার গিলে ফেলা কঠিন, খাবারটি আমার গলায় আটকে যায়। আমার উপরের পেটে একটি বেহুদা ব্যথা আছে"
102,gastroesophageal reflux disease,"I have frequent belching and burping. I have chest pain that often radiates to the back of my neck, jaw and arm. I get a feeling of tightness and pressure on my chest","मेरे पास लगातार बेलचिंग और दफन है। मुझे सीने में दर्द होता है जो अक्सर मेरी गर्दन, जबड़े और हाथ के पीछे तक पहुंच जाता है। मुझे अपनी छाती पर जकड़न और दबाव की भावना मिलती है","আমার ঘন ঘন বেলচিং এবং বার্পিং থাকে। আমার বুকে ব্যথা রয়েছে যা প্রায়শই আমার ঘাড়, চোয়াল এবং বাহুর পিছনে ছড়িয়ে পড়ে। আমি আমার বুকে দৃ ness ়তা এবং চাপ অনুভূতি পাই"
103,gastroesophageal reflux disease,"I have a persistent sour taste in my mouth, even when I haven't eaten anything acidic. I get frequent hiccups and a feeling of lump in my throat.","मेरे मुंह में लगातार खट्टा स्वाद है, तब भी जब मैंने कुछ भी अम्लीय नहीं खाया है। मुझे लगातार हिचकी और मेरे गले में गांठ की भावना मिलती है।","আমার মুখে আমার অবিরাম টকযুক্ত স্বাদ রয়েছে, এমনকি যখন আমি অ্যাসিডিক কিছু না খাই। আমি ঘন ঘন হিচাপ এবং আমার গলায় গলদ অনুভূতি পাই।"
104,gastroesophageal reflux disease,"I have a chronic bad breath and a sour taste in my mouth, It sometimes gets difficult to swallow food because of this tingling sensation in my throat","मेरे पास एक पुरानी सांस और मेरे मुंह में एक खट्टा स्वाद है, कभी -कभी मेरे गले में इस झुनझुनी सनसनी के कारण भोजन को निगलना मुश्किल हो जाता है",আমার মুখের মধ্যে দীর্ঘস্থ
105,gastroesophageal reflux disease,"I get frequent heartburn and indigestion, especially eating spicy foods or fatty foods. I get chest pain that gets worse when I lie down or bend over. I also often have chest pain","मुझे लगातार नाराज़गी और अपच मिलता है, विशेष रूप से मसालेदार खाद्य पदार्थ या वसायुक्त खाद्य पदार्थ खाते हैं। मुझे सीने में दर्द होता है जो लेटने या झुकने पर खराब हो जाता है। मुझे भी अक्सर सीने में दर्द होता है","আমি ঘন ঘন অম্বল এবং বদহজম পাই, বিশেষত মশলাদার খাবার বা চর্বিযুক্ত খাবার খাচ্ছি। আমি বুকের ব্যথা পাই যা আমি শুয়ে থাকি বা বাঁকানো হয় তখন আরও খারাপ হয়। আমারও প্রায়শই বুকে ব্যথা হয়"
106,gastroesophageal reflux disease,"I have a loss of appetite and difficulty swallowing. I often have this persistent feeling of fullness, even after eating small meals. I usually throw up and get heartburn and a tingling sensation in my throat",मुझे भूख और निगलने में कठिनाई का नुकसान है। मुझे अक्सर छोटे भोजन खाने के बाद भी पूर्णता की यह लगातार भावना होती है। मैं आमतौर पर फेंक देता हूं और मेरे गले में नाराज़गी और एक झुनझुनी सनसनी प्राप्त करता हूं,আমার ক্ষুধা এবং গ্রাস করতে অসুবিধা হ্রাস পেয়েছে। ছোট খাবার খাওয়ার পরেও আমার প্রায়শই পূর্ণতার এই অবিরাম অনুভূতি থাকে। আমি সাধারণত ছুঁড়ে ফেলি এবং আমার গলায় একটি টিংলিং সংবেদনশীলতা পাই
107,gastroesophageal reflux disease,"I have a sore throat or hoarseness, especially in the morning. I have a chronic nagging pain in my throat and bad breath. I also have frequent belching","मेरे पास गले में खराश या लहराता है, खासकर सुबह में। मेरे गले और खराब सांस में एक पुरानी नागिंग दर्द है। मैं भी लगातार बेलचिंग करता हूं","আমার গলা বা ঘোরাঘুরি খুব ভাল আছে, বিশেষত সকালে। আমার গলা এবং দুর্গন্ধে দীর্ঘস্থায়ী ব্যথা আছে। আমারও ঘন ঘন বেলচিং হয়"
108,gastroesophageal reflux disease,"I have a feeling of food or acid backing up into my throat. I chest pain which gets worse if I lie down. I get frequent heartburn or indigestion, after eating food and vomit it out","मेरे पास भोजन या एसिड की भावना है जो मेरे गले में है। मुझे सीने में दर्द होता है जो अगर मैं लेट जाता हूं तो खराब हो जाता है। मुझे भोजन खाने के बाद, लगातार नाराज़गी या अपच मिलती है और इसे बाहर निकालने के बाद",আমার গলায় খাবার বা অ্যাসিড ব্যাক আপ করার অনুভূতি রয়েছে। আমি বুকে ব্যথা যা আমি শুয়ে থাকলে আরও খারাপ হয়। আমি খাবার খাওয়ার পরে ঘন ঘন হার্টবার্ন বা বদহজম পাই এবং এটি বমি করে
109,gastroesophageal reflux disease,I feel uneasiness after eating and usually vomit whatever I've eaten. I always have this pain in my abdomen and have really bad acid reflux,मैं खाने के बाद बेचैनी महसूस करता हूं और आमतौर पर उल्टी करता हूं जो मैंने खाया है। मुझे हमेशा अपने पेट में यह दर्द होता है और वास्तव में खराब एसिड रिफ्लक्स होता है,আমি খাওয়ার পরে অস্বস্তি বোধ করি এবং সাধারণত আমি যা খেয়েছি তা বমি করি। আমার পেটে সবসময় এই ব্যথা থাকে এবং সত্যিই খারাপ অ্যাসিড রিফ্লাক্স থাকে
110,gastroesophageal reflux disease,"My throat frequently feels like it is burning, especially after eating. Additionally, I occasionally get a sour or bitter aftertaste, which causes me to feel queasy.","मेरा गला अक्सर ऐसा लगता है कि यह जल रहा है, खासकर खाने के बाद। इसके अतिरिक्त, मुझे कभी -कभी एक खट्टा या कड़वा आफ्टरस्टेस्ट मिलता है, जिसके कारण मुझे queasy महसूस होता है।","আমার গলা প্রায়শই মনে হয় এটি জ্বলছে, বিশেষত খাওয়ার পরে। অতিরিক্তভাবে, আমি মাঝে মাঝে একটি টক বা তিক্ত আফটার টেস্ট পাই, যা আমাকে কৌতুকপূর্ণ বোধ করে।"
111,gastroesophageal reflux disease,"I have indigestion and heartburn. I frequently vomit everything I eat, and I have trouble swallowing food because it gets caught in my throat. My upper abdomen is bothering me.","मेरे पास अपच और नाराज़ है। मैं अक्सर हर चीज की उल्टी करता हूं, और मुझे भोजन निगलने में परेशानी होती है क्योंकि यह मेरे गले में फंस जाता है। मेरा ऊपरी पेट मुझे परेशान कर रहा है।",আমার বদহজম এবং অম্বল আছে। আমি প্রায়শই আমার যা কিছু খাই তা বমি করি এবং খাবার গিলে ফেলতে আমার সমস্যা হয় কারণ এটি আমার গলায় ধরা পড়ে। আমার উপরের পেট আমাকে বিরক্ত করছে।
112,gastroesophageal reflux disease,"My burping and belching are frequent. I frequently get chest discomfort that spreads to the back of my neck, jaw, and arm. I have pressure and tension in my chest.","मेरे दफन और बेलचिंग अक्सर होते हैं। मुझे अक्सर छाती की असुविधा होती है जो मेरी गर्दन, जबड़े और हाथ के पीछे फैल जाती है। मेरी छाती में दबाव और तनाव है।","আমার বারপিং এবং বেলচিং ঘন ঘন। আমি প্রায়শই বুকের অস্বস্তি পাই যা আমার ঘাড়, চোয়াল এবং বাহুর পিছনে ছড়িয়ে পড়ে। আমার বুকে চাপ এবং উত্তেজনা আছে।"
113,gastroesophageal reflux disease,"Even when I don't have anything acidic in my stomach, I constantly have a sour taste in my mouth. I frequently have hiccups and a lump in my throat.","यहां तक ​​कि जब मेरे पेट में कुछ भी अम्लीय नहीं होता है, तो मेरे मुंह में लगातार एक खट्टा स्वाद होता है। मेरे गले में अक्सर हिचकी और एक गांठ होती है।",এমনকি আমার পেটে অ্যাসিডিক কিছু না থাকলেও আমার মুখে ক্রমাগত টকযুক্ত স্বাদ থাকে। আমার প্রায়শই হিচাপ এবং আমার গলায় একটি গলদা থাকে।
114,gastroesophageal reflux disease,"I always have foul breath and a sour taste in my mouth, and occasionally, the tingling in my throat makes it difficult to swallow meals.","मेरे पास हमेशा बेईमानी की सांस और मेरे मुंह में एक खट्टा स्वाद होता है, और कभी -कभी, मेरे गले में झुनझुनी भोजन को निगलने में मुश्किल होती है।",আমার সবসময় আমার মুখের মধ্যে দুষ্ট শ্বাস এবং একটি টকযুক্ত স্বাদ থাকে এবং মাঝে মাঝে আমার গলায় ঝাঁকুনি খাবার গিলে ফেলা কঠিন করে তোলে।
115,gastroesophageal reflux disease,"I frequently have heartburn and indigestion, particularly after consuming spicy or fatty foods. When I lie down or stoop over, my chest discomfort worsens. My chest hurts quite a bit too.","मुझे अक्सर नाराज़गी और अपच होता है, खासकर मसालेदार या वसायुक्त खाद्य पदार्थों का सेवन करने के बाद। जब मैं लेटता या रुकता हूं, तो मेरी छाती की असुविधा बिगड़ जाती है। मेरी छाती भी काफी दर्द करती है।","আমার প্রায়শই অম্বল এবং বদহজম হয়, বিশেষত মশলাদার বা চর্বিযুক্ত খাবার গ্রহণের পরে। আমি যখন শুয়ে থাকি বা উপরে উঠে যাই তখন আমার বুকের অস্বস্তি আরও খারাপ হয়। আমার বুক বেশ খানিকটা ব্যথা করে।"
116,gastroesophageal reflux disease,"I don't feel like eating, and swallowing is challenging. Even after eating little meals, I frequently get this lingering sense of fullness. Typically, I have heartburn, nausea, and tingling in my throat.","मुझे खाने का मन नहीं है, और निगलना चुनौतीपूर्ण है। थोड़ा भोजन खाने के बाद भी, मुझे अक्सर परिपूर्णता का यह अर्थ मिलता है। आमतौर पर, मेरे गले में नाराज़गी, मतली और झुनझुनी होती है।","আমার খাওয়ার মতো মনে হয় না, এবং গিলে ফেলা চ্যালেঞ্জিং। এমনকি সামান্য খাবার খাওয়ার পরেও আমি প্রায়শই এই দীর্ঘকাল পূর্ণতার বোধটি পাই। সাধারণত, আমার গলায় অম্বল, বমি বমি ভাব এবং কাতর হয়।"
117,gastroesophageal reflux disease,"I often wake up with a sore throat or a scratchy voice. My throat hurts constantly, and I also have poor breath. I also frequently burp.","मैं अक्सर गले में खराश या एक खरोंच आवाज के साथ जागता हूं। मेरा गला लगातार दर्द होता है, और मेरे पास भी खराब सांस है। मैं भी अक्सर burp।","আমি প্রায়শই গলা ব্যথা বা স্ক্র্যাচি ভয়েস দিয়ে ঘুম থেকে উঠি। আমার গলা ক্রমাগত ব্যথা করে, এবং আমারও শ্বাস প্রশ্বাস রয়েছে। আমি প্রায়শই বার্প।"
118,gastroesophageal reflux disease,"I feel as though acid or food is backing up into my throat. My chest hurts, and lying down makes it worse. After eating, I frequently have heartburn or indigestion and throw up.","मुझे लगता है जैसे एसिड या भोजन मेरे गले में वापस आ रहा है। मेरी छाती में दर्द होता है, और लेटने से यह बदतर होता है। खाने के बाद, मुझे अक्सर नाराज़गी या अपच होता है और फेंक दिया जाता है।","আমি মনে করি যেন অ্যাসিড বা খাবার আমার গলায় ব্যাক আপ করছে। আমার বুক ব্যথা করে, এবং শুয়ে থাকা এটিকে আরও খারাপ করে তোলে। খাওয়ার পরে, আমি প্রায়শই অম্বল বা বদহজম হয় এবং ফেলে দিই।"
119,gastroesophageal reflux disease,"After eating, I get queasy and frequently throw up everything I've eaten. I always get severe abdominal ache and have terrible acid reflux.","खाने के बाद, मैं queasy हो जाता हूं और अक्सर जो कुछ मैंने खाया है उसे फेंक दिया। मुझे हमेशा पेट में दर्द होता है और भयानक एसिड रिफ्लक्स होता है।","খাওয়ার পরে, আমি কৌতুকপূর্ণ হয়ে উঠি এবং প্রায়শই আমি খেয়েছি এমন সমস্ত কিছু ফেলে দিন। আমি সর্বদা তীব্র পেটে ব্যথা পাই এবং ভয়ঙ্কর অ্যাসিড রিফ্লাক্স থাকি।"
120,gastroesophageal reflux disease,"Especially after eating, my throat regularly feels like it is burning. I also occasionally get a bitter or sour aftertaste, which makes me feel sick.","विशेष रूप से खाने के बाद, मेरा गला नियमित रूप से लगता है कि यह जल रहा है। मुझे कभी -कभार भी एक कड़वा या खट्टा आफ्टरस्टेस्ट मिलता है, जिससे मुझे बीमार महसूस होता है।","বিশেষত খাওয়ার পরে, আমার গলা নিয়মিত মনে হয় এটি জ্বলছে। আমি মাঝে মাঝে একটি তিক্ত বা টক আফটার টেস্টও পাই, যা আমাকে অসুস্থ মনে করে।"
121,gastroesophageal reflux disease,"I have heartburn and indigestion. I regularly vomit everything I eat, and food gets stuck in my throat, making it difficult for me to swallow. I have a pain in my upper abdomen.","मेरे पास नाराज़गी और अपच है। मैं नियमित रूप से जो कुछ भी खाया जाता है वह सब कुछ उल्टी करता हूं, और भोजन मेरे गले में फंस जाता है, जिससे मेरे लिए निगलना मुश्किल हो जाता है। मेरे ऊपरी पेट में दर्द होता है।","আমার অম্বল এবং বদহজম আছে। আমি নিয়মিত আমি যা কিছু খাই তা বমি করি এবং খাবার আমার গলায় আটকে যায়, যা আমার পক্ষে গিলে ফেলা কঠিন করে তোলে। আমার পেটে ব্যথা আছে।"
122,gastroesophageal reflux disease,"Belching and burping are common in me. I often get chest pain that radiates to the back of my neck, my jaw, and my arm. In my chest, there is pressure and stress.","मेरे अंदर बेलचिंग और दफन आम हैं। मुझे अक्सर सीने में दर्द होता है जो मेरी गर्दन, मेरे जबड़े और मेरी बांह के पीछे तक पहुंच जाता है। मेरी छाती में, दबाव और तनाव है।","আমার মধ্যে বেলচিং এবং বার্পিং সাধারণ। আমি প্রায়শই বুকে ব্যথা পাই যা আমার ঘাড়ের পিছনে, আমার চোয়াল এবং আমার বাহুতে ছড়িয়ে পড়ে। আমার বুকে চাপ এবং চাপ আছে।"
123,gastroesophageal reflux disease,"I get a sour taste in my mouth all the time, even when there is nothing acidic in my stomach. I often get the hiccups and have a lump in my throat.","मुझे हर समय अपने मुंह में एक खट्टा स्वाद मिलता है, यहां तक ​​कि जब मेरे पेट में कुछ भी अम्लीय नहीं होता है। मुझे अक्सर हिचकी मिलती है और मेरे गले में एक गांठ होती है।",আমার পেটে অ্যাসিডিক কিছু না থাকলেও আমি আমার মুখে একটি টক স্বাদ পাই। আমি প্রায়শই হিচাপগুলি পাই এবং আমার গলায় একগুণ করি।
124,gastroesophageal reflux disease,"I periodically find it challenging to swallow food due to the tingling in my throat, bad breath, and bad taste in my mouth.","मुझे समय -समय पर मेरे गले में झुनझुनी, खराब सांस और मेरे मुंह में खराब स्वाद के कारण भोजन निगलने के लिए चुनौतीपूर्ण लगता है।","আমার গলায় ঝাঁকুনি, দুর্গন্ধ এবং আমার মুখে খারাপ স্বাদ হওয়ার কারণে আমি পর্যায়ক্রমে খাবার গিলে ফেলা চ্যালেঞ্জ মনে করি।"
125,gastroesophageal reflux disease," regularly have indigestion and heartburn, especially after eating spicy or fatty foods. My chest pain is worse when I hunch over or lie down. Additionally, my chest hurts a lot.","नियमित रूप से अपच और नाराज़गी है, खासकर मसालेदार या वसायुक्त खाद्य पदार्थ खाने के बाद। जब मैं ऊपर या लेट जाता हूं तो मेरी छाती का दर्द बदतर होता है। इसके अतिरिक्त, मेरी छाती बहुत दर्द करती है।","নিয়মিত বদহজম এবং অম্বল থাকে, বিশেষত মশলাদার বা চর্বিযুক্ত খাবার খাওয়ার পরে। আমার বুকে ব্যথা আরও খারাপ হয় যখন আমি কুঁচকে বা শুয়ে থাকি। অতিরিক্তভাবে, আমার বুক অনেক ব্যথা করে।"
126,gastroesophageal reflux disease,"I'm not in the mood to eat, and swallowing is difficult. I often have this lingering feeling of fullness even after little meals. My typical symptoms include heartburn, nausea, and throat tingling.","मैं खाने के मूड में नहीं हूं, और निगलना मुश्किल है। मुझे अक्सर छोटे भोजन के बाद भी पूर्णता की यह भावना होती है। मेरे विशिष्ट लक्षणों में नाराज़गी, मतली और गले में झुनझुनी शामिल हैं।","আমি খাওয়ার মুডে নেই, এবং গিলে ফেলা কঠিন। আমার প্রায়শই সামান্য খাবারের পরেও পূর্ণতার এই দীর্ঘায়িত অনুভূতি থাকে। আমার সাধারণ লক্ষণগুলির মধ্যে রয়েছে হার্টবার্ন, বমি বমি ভাব এবং গলা টিংগলিং।"
127,gastroesophageal reflux disease,I frequently get a scratchy voice or a painful throat when I wake up. I have bad breath and a continual sore throat. I also vomit a lot.,जब मैं जागता हूं तो मुझे अक्सर एक खरोंच आवाज या दर्दनाक गला मिलता है। मेरे पास सांस और एक निरंतर गले में खराश है। मैं भी बहुत उल्टी करता हूं।,আমি যখন ঘুম থেকে উঠি তখন আমি প্রায়শই একটি স্ক্র্যাচি ভয়েস বা বেদনাদায়ক গলা পাই। আমার খারাপ শ্বাস এবং গলা একটানা ব্যথা আছে। আমিও অনেক বমি করি।
128,gastroesophageal reflux disease,My throat feels as though food or acid is backing up. Lying down only makes my chest pain more. I regularly have heartburn or indigestion after eating and puke up.,मेरा गला ऐसा लगता है जैसे कि भोजन या एसिड का बैकअप हो रहा है। नीचे झूठ बोलने से मेरी छाती में दर्द अधिक हो जाता है। मैं नियमित रूप से खाने के बाद नाराज़गी या अपच है।,আমার গলা মনে হয় যেন খাবার বা অ্যাসিড ব্যাক আপ করছে। শুয়ে শুয়ে কেবল আমার বুকে ব্যথা আরও বেশি করে তোলে। আমার নিয়মিত খাওয়ার পরে অম্বল বা বদহজম হয়।
129,gastroesophageal reflux disease,I often feel sick after eating and puke up the entire meal. I constantly get excruciating acid reflux and severe stomach pain.,मैं अक्सर खाने के बाद बीमार महसूस करता हूं और पूरे भोजन को बढ़ाता हूं। मुझे लगातार एसिड रिफ्लक्स और पेट में दर्द होता है।,আমি প্রায়শই খাওয়ার পরে অসুস্থ বোধ করি এবং পুরো খাবারটি ছুঁড়ে ফেলি। আমি ক্রমাগত উদ্বেগজনক অ্যাসিড রিফ্লাক্স এবং পেটের তীব্র ব্যথা পাই।
130,gastroesophageal reflux disease,"My throat often feels like it is burning, especially after eating. A bitter or sour aftertaste that I occasionally experience also makes me feel unwell.","मेरा गला अक्सर ऐसा लगता है कि यह जल रहा है, खासकर खाने के बाद। एक कड़वा या खट्टा aftertaste जो मुझे कभी -कभी अनुभव होता है मुझे भी अस्वस्थ महसूस करता है।","আমার গলা প্রায়শই মনে হয় এটি জ্বলছে, বিশেষত খাওয়ার পরে। একটি তিক্ত বা টক আফটারস্টাস্ট যা আমি মাঝে মাঝে অনুভব করি তাও আমাকে অসুস্থ বোধ করে।"
131,gastroesophageal reflux disease,"I have indigestion and heartburn. I frequently vomit everything I eat, and it is hard for me to swallow since food gets caught in my throat. My upper abdomen is in discomfort.","मेरे पास अपच और नाराज़ है। मैं अक्सर जो कुछ भी खाया जाता हूं वह सब कुछ उलट देता हूं, और मेरे लिए निगलना मुश्किल है क्योंकि भोजन मेरे गले में फंस जाता है। मेरा ऊपरी पेट असुविधा में है।",আমার বদহজম এবং অম্বল আছে। আমি প্রায়শই আমার যা কিছু খাই তা বমি করি এবং খাবারটি আমার গলায় ধরা পড়ে বলে আমার পক্ষে গিলে ফেলা শক্ত। আমার উপরের পেট অস্বস্তিতে রয়েছে।
132,gastroesophageal reflux disease,"My tendency is to belch and burp frequently. I frequently get chest pain that spreads to my arm, jaw, and the back of my neck. There is pressure and stress in my chest.","मेरी प्रवृत्ति अक्सर बेलच और दफनाने की है। मुझे अक्सर सीने में दर्द होता है जो मेरी बांह, जबड़े और मेरी गर्दन के पीछे फैल जाता है। मेरी छाती में दबाव और तनाव है।","আমার প্রবণতাটি ঘন ঘন বেলচ এবং বার্প করা। আমি প্রায়শই বুকে ব্যথা পাই যা আমার বাহু, চোয়াল এবং আমার ঘাড়ের পিছনে ছড়িয়ে পড়ে। আমার বুকে চাপ এবং চাপ আছে।"
133,gastroesophageal reflux disease,"Even when I don't have anything acidic in my stomach, I constantly have a sour taste in my mouth. I frequently have a lump in my throat and the hiccups.","यहां तक ​​कि जब मेरे पेट में कुछ भी अम्लीय नहीं होता है, तो मेरे मुंह में लगातार एक खट्टा स्वाद होता है। मेरे गले और हिचकी में अक्सर एक गांठ होती है।",এমনকি আমার পেটে অ্যাসিডিক কিছু না থাকলেও আমার মুখে ক্রমাগত টকযুক্ত স্বাদ থাকে। আমি প্রায়শই আমার গলায় একটি গলদা এবং হিচাপ থাকি।
134,gastroesophageal reflux disease,"Periodically, the tingling in my throat, poor breath, and bad taste in my mouth make it difficult for me to swallow meals.","समय -समय पर, मेरे गले में झुनझुनी, खराब सांस और मेरे मुंह में खराब स्वाद मेरे लिए भोजन निगलने में मुश्किल हो जाता है।","পর্যায়ক্রমে, আমার গলায় ঝাঁকুনি, দুর্বল শ্বাস এবং আমার মুখের খারাপ স্বাদ আমার পক্ষে খাবার গিলে ফেলা কঠিন করে তোলে।"
135,gastroesophageal reflux disease,"I routinely experience heartburn and indigestion, particularly after consuming spicy or fatty foods. When I lean forward or lie down, my chest discomfort becomes worse. My chest hurts a lot as well.","मैं नियमित रूप से नाराज़गी और अपच का अनुभव करता हूं, विशेष रूप से मसालेदार या वसायुक्त खाद्य पदार्थों का सेवन करने के बाद। जब मैं आगे झुकता हूं या लेट जाता हूं, तो मेरी छाती की असुविधा खराब हो जाती है। मेरी छाती बहुत दर्द करती है।","আমি নিয়মিতভাবে অম্বল এবং বদহজম অনুভব করি, বিশেষত মশলাদার বা চর্বিযুক্ত খাবার গ্রহণের পরে। আমি যখন এগিয়ে ঝুঁকে পড়ি বা শুয়ে থাকি তখন আমার বুকের অস্বস্তি আরও খারাপ হয়। আমার বুকও অনেক ব্যথা করে।"
136,gastroesophageal reflux disease,"I don't feel like eating, and swallowing is challenging. Even after little meals, I frequently get this lingering sensation of fullness. My normal symptoms include nausea, heartburn, and tingling in my throat.","मुझे खाने का मन नहीं है, और निगलना चुनौतीपूर्ण है। थोड़ा भोजन के बाद भी, मुझे अक्सर पूर्णता की इस सुस्त सनसनी मिलती है। मेरे सामान्य लक्षणों में मतली, नाराज़गी और मेरे गले में झुनझुनी शामिल है।","আমার খাওয়ার মতো মনে হয় না, এবং গিলে ফেলা চ্যালেঞ্জিং। এমনকি অল্প খাবারের পরেও, আমি প্রায়শই পূর্ণতার এই দীর্ঘায়িত সংবেদন পাই। আমার সাধারণ লক্ষণগুলির মধ্যে বমি বমি ভাব, হার্টবার্ন এবং আমার গলায় ঝাঁকুনির অন্তর্ভুক্ত।"
137,gastroesophageal reflux disease,"I regularly wake up with a scratchy voice or a sore throat. My throat is constantly irritated, and I have horrible breath. I frequently throw up.","मैं नियमित रूप से एक खरोंच आवाज या गले में खराश के साथ जागता हूं। मेरा गला लगातार चिढ़ है, और मेरे पास भयानक सांस है। मैं अक्सर फेंक देता हूं।",আমি নিয়মিত একটি স্ক্র্যাচি ভয়েস বা গলা ব্যথা নিয়ে জেগে উঠি। আমার গলা ক্রমাগত বিরক্ত হয় এবং আমার ভয়ঙ্কর শ্বাস রয়েছে। আমি প্রায়শই ফেলে দিই।
138,gastroesophageal reflux disease,"It feels like food or acid is backing up in my throat. My chest discomfort only becomes worse while I'm lying down. After eating, I frequently have heartburn or indigestion and throw up.","ऐसा लगता है कि भोजन या एसिड मेरे गले में वापस आ रहा है। जब मैं लेट रहा हूं तो मेरी छाती की असुविधा केवल बदतर हो जाती है। खाने के बाद, मुझे अक्सर नाराज़गी या अपच होता है और फेंक दिया जाता है।","মনে হচ্ছে খাবার বা অ্যাসিড আমার গলায় ব্যাক আপ করছে। আমি শুয়ে থাকাকালীন আমার বুকের অস্বস্তি আরও খারাপ হয়ে যায়। খাওয়ার পরে, আমি প্রায়শই অম্বল বা বদহজম হয় এবং ফেলে দিই।"
139,gastroesophageal reflux disease,"After eating, I frequently feel unwell and throw up the entire meal. I suffer from painful acid reflux and excruciating stomach discomfort all the time.","खाने के बाद, मैं अक्सर अस्वस्थ महसूस करता हूं और पूरे भोजन को फेंक देता हूं। मैं दर्दनाक एसिड भाटा से पीड़ित हूं और हर समय पेट की परेशानी को बढ़ाता हूं।","খাওয়ার পরে, আমি প্রায়শই অসুস্থ বোধ করি এবং পুরো খাবারটি ফেলে দিই। আমি বেদনাদায়ক অ্যাসিড রিফ্লাক্স এবং সর্বদা পেটের অস্বস্তিতে ভুগছি।"
140,gastroesophageal reflux disease,"Especially after eating, my throat frequently feels scorching. I occasionally get a bitter or sour aftertaste that makes me feel sick.","विशेष रूप से खाने के बाद, मेरा गला अक्सर झुलसाने वाला लगता है। मुझे कभी -कभी एक कड़वा या खट्टा आफ्टरस्टेस्ट मिलता है जो मुझे बीमार महसूस कराता है।","বিশেষত খাওয়ার পরে, আমার গলা ঘন ঘন ঝলমলে অনুভব করে। আমি মাঝে মাঝে একটি তিক্ত বা টক আফটারস্টাস্ট পাই যা আমাকে অসুস্থ মনে করে।"
141,gastroesophageal reflux disease,"I have heartburn and indigestion. I regularly throw up everything I eat, and swallowing is difficult for me since food gets stuck in my throat. I'm experiencing pain in my upper abdomen.","मेरे पास नाराज़गी और अपच है। मैं नियमित रूप से जो कुछ भी खाता हूं उसे फेंक देता हूं, और मेरे लिए निगलना मुश्किल है क्योंकि भोजन मेरे गले में फंस जाता है। मैं अपने ऊपरी पेट में दर्द का अनुभव कर रहा हूं।",আমার অম্বল এবং বদহজম আছে। আমি নিয়মিত আমি যা কিছু খাই তা নিয়মিত ফেলে দিই এবং খাবার আমার গলায় আটকে যায় বলে আমার পক্ষে গিলে ফেলা কঠিন। আমি আমার পেটে ব্যথা অনুভব করছি।
142,gastroesophageal reflux disease,"I have a tendency to burp and belch regularly. I often get chest discomfort that radiates to my arm, jaw, and neck. My chest feels tight and stressed.","मेरे पास नियमित रूप से burp और belch की प्रवृत्ति है। मुझे अक्सर छाती की असुविधा होती है जो मेरी बांह, जबड़े और गर्दन तक पहुंच जाती है। मेरी छाती तंग और तनावग्रस्त लगती है।","আমার নিয়মিত বার্প এবং বেলচ করার প্রবণতা রয়েছে। আমি প্রায়শই বুকের অস্বস্তি পাই যা আমার বাহু, চোয়াল এবং ঘাড়ে ছড়িয়ে পড়ে। আমার বুক শক্ত এবং চাপ অনুভব করে।"
143,gastroesophageal reflux disease,"I always get a sour taste in my mouth, even when I don't have anything acidic in my stomach. I regularly have the hiccups and a knot in my throat.","मुझे हमेशा अपने मुंह में एक खट्टा स्वाद मिलता है, तब भी जब मेरे पेट में कुछ भी अम्लीय नहीं होता है। मेरे पास नियमित रूप से हिचकी और मेरे गले में एक गाँठ है।",আমার পেটে অ্যাসিডিক কিছু না থাকলেও আমি সবসময় আমার মুখে একটি টক স্বাদ পাই। আমি নিয়মিত আমার গলায় হিচাপ এবং একটি গিঁট রাখি।
144,gastroesophageal reflux disease,"I occasionally have trouble swallowing food because of the tingling in my throat, terrible breath, and bad taste in my mouth.","मेरे गले में झुनझुनी, भयानक सांस और मेरे मुंह में खराब स्वाद के कारण मुझे कभी -कभी भोजन निगलने में परेशानी होती है।","আমার গলায় ঝাঁকুনি, ভয়াবহ শ্বাস এবং মুখের খারাপ স্বাদ হওয়ার কারণে আমার মাঝে মাঝে খাবার গিলে সমস্যা হয়।"
145,gastroesophageal reflux disease,"I frequently have indigestion and heartburn, especially after eating spicy or fatty foods. My chest hurts when I lean forward or while I'm lying down. Additionally, my chest hurts a lot.","मुझे अक्सर अपच और नाराज़गी होती है, खासकर मसालेदार या वसायुक्त खाद्य पदार्थ खाने के बाद। जब मैं आगे झुक जाता हूं या जब मैं लेट जाता हूं तो मेरी छाती दर्द होती है। इसके अतिरिक्त, मेरी छाती बहुत दर्द करती है।","আমার প্রায়শই বদহজম এবং অম্বল থাকে, বিশেষত মশলাদার বা চর্বিযুক্ত খাবার খাওয়ার পরে। আমি যখন ঝুঁকে পড়ি বা আমি শুয়ে থাকাকালীন আমার বুকের ব্যাথা হয়। অতিরিক্তভাবে, আমার বুক অনেক ব্যথা করে।"
146,gastroesophageal reflux disease,I regularly feel sick after eating and puke up the entire meal. I constantly get horrible acid reflux agony and stomach discomfort.,मैं नियमित रूप से खाने के बाद बीमार महसूस करता हूं और पूरे भोजन को बढ़ाता हूं। मुझे लगातार भयानक एसिड रिफ्लक्स पीड़ा और पेट की परेशानी मिलती है।,আমি পুরো খাবার খাওয়ার পরে নিয়মিত অসুস্থ বোধ করি। আমি ক্রমাগত ভয়ঙ্কর অ্যাসিড রিফ্লাক্স যন্ত্রণা এবং পেটের অস্বস্তি পাই।
147,gastroesophageal reflux disease,"My throat often feels like it's on fire, especially after eating. I occasionally get an aftertaste that is sour or bitter and makes me feel nauseous.","मेरा गला अक्सर ऐसा लगता है कि यह आग पर है, खासकर खाने के बाद। मुझे कभी -कभी एक आफ्टरस्टैस्ट मिलता है जो खट्टा या कड़वा होता है और मुझे मिचली का एहसास कराता है।","আমার গলা প্রায়শই মনে হয় এটি আগুনে রয়েছে, বিশেষত খাওয়ার পরে। আমি মাঝে মাঝে একটি আফটারটেস্ট পাই যা টক বা তিক্ত এবং আমাকে বমি বমি ভাব বোধ করে।"
148,gastroesophageal reflux disease,"Even when I don't have anything acidic in my stomach, I constantly have a sour taste in my mouth. I frequently have a lump in my throat and the hiccups.","यहां तक ​​कि जब मेरे पेट में कुछ भी अम्लीय नहीं होता है, तो मेरे मुंह में लगातार एक खट्टा स्वाद होता है। मेरे गले और हिचकी में अक्सर एक गांठ होती है।",এমনকি আমার পেটে অ্যাসিডিক কিছু না থাকলেও আমার মুখে ক্রমাগত টকযুক্ত স্বাদ থাকে। আমি প্রায়শই আমার গলায় একটি গলদা এবং হিচাপ থাকি।
149,gastroesophageal reflux disease,"I'm not in the mood to eat, and swallowing is difficult. I often have this lingering feeling of fullness even after little meals. My typical symptoms include heartburn, nausea, and throat tingling.","मैं खाने के मूड में नहीं हूं, और निगलना मुश्किल है। मुझे अक्सर छोटे भोजन के बाद भी पूर्णता की यह भावना होती है। मेरे विशिष्ट लक्षणों में नाराज़गी, मतली और गले में झुनझुनी शामिल हैं।","আমি খাওয়ার মুডে নেই, এবং গিলে ফেলা কঠিন। আমার প্রায়শই সামান্য খাবারের পরেও পূর্ণতার এই দীর্ঘায়িত অনুভূতি থাকে। আমার সাধারণ লক্ষণগুলির মধ্যে রয়েছে হার্টবার্ন, বমি বমি ভাব এবং গলা টিংগলিং।"
150,drug reaction,"I have a metallic taste in my mouth, and also have a sense of change of taste and smell. Sometimes get very unbearable joint pain and muscle pain","मेरे मुंह में एक धातु का स्वाद है, और स्वाद और गंध के परिवर्तन की भी भावना है। कभी -कभी बहुत असहनीय जोड़ों में दर्द और मांसपेशियों में दर्द मिलता है",আমার মুখে ধাতব স্বাদ রয়েছে এবং স্বাদ এবং গন্ধের পরিবর্তনের অনুভূতিও রয়েছে। কখনও কখনও খুব অসহনীয় জয়েন্ট ব্যথা এবং পেশী ব্যথা পান
151,drug reaction,"I have headaches and migraines, have been having difficulty sleeping. I have been having muscle twitching and tremors. Sometimes I get lightheaded","मेरे पास सिरदर्द और माइग्रेन हैं, सोने में कठिनाई हो रही है। मुझे मांसपेशियों में चिकोटी और झटके मिल रहे हैं। कभी -कभी मैं लाइटहेड हो जाता हूं","আমার মাথাব্যথা এবং মাইগ্রেন রয়েছে, ঘুমাতে অসুবিধা হচ্ছে। আমার পেশী কুঁচকানো এবং কাঁপানো হয়েছে। কখনও কখনও আমি হালকা মাথা পেতে"
152,drug reaction,I have fever and feel very dizzy and lightheaded. My heart is beating very fast and I feel very confused. I am not able to think very clearing and everything feels very foggy,मुझे बुखार है और बहुत चक्करदार और लाइटहेड महसूस करता है। मेरा दिल बहुत तेजी से धड़क रहा है और मैं बहुत भ्रमित महसूस करता हूं। मैं बहुत समाशोधन नहीं सोच पा रहा हूं और सब कुछ बहुत धूमिल लगता है,আমার জ্বর আছে এবং খুব চঞ্চল এবং হালকা মাথা অনুভব করি। আমার হৃদয় খুব দ্রুত মারছে এবং আমি খুব বিভ্রান্ত বোধ করছি। আমি খুব ক্লিয়ারিং ভাবতে সক্ষম নই এবং সবকিছু খুব কুয়াশাচ্ছন্ন মনে হয়
153,drug reaction,I have rashes on my skin and these flake off from time to time. This leaves me prone to infection. My fingers start twitching and sometimes I experience tremors.,मेरी त्वचा पर चकत्ते हैं और ये समय -समय पर बंद हो जाते हैं। इससे मुझे संक्रमण होता है। मेरी उंगलियां चिकोटी काटने लगती हैं और कभी -कभी मुझे झटके का अनुभव होता है।,আমার ত্বকে ফুসকুড়ি রয়েছে এবং এই সময়ে সময়ে এই ফ্লেক বন্ধ হয়ে যায়। এটি আমাকে সংক্রমণের ঝুঁকিতে ফেলে দেয়। আমার আঙ্গুলগুলি কুঁচকানো শুরু করে এবং কখনও কখনও আমি কাঁপুনি অনুভব করি।
154,drug reaction,I feel very nauseous and have chest pain. Recently I have been experiencing chest pain. I feel very uneasy and often sweat profusely,मैं बहुत मिचली महसूस करता हूं और सीने में दर्द होता है। हाल ही में मुझे सीने में दर्द हो रहा है। मैं बहुत असहज महसूस करता हूं और अक्सर पसीना से पसीना आता है,আমি খুব বমি বোধ করি এবং বুকে ব্যথা হয়। সম্প্রতি আমি বুকে ব্যথা অনুভব করছি। আমি খুব অস্বস্তি বোধ করি এবং প্রায়শই ঘাম ঝরানো
155,drug reaction,"I have itching all over my body, and rashes in my chest and back. I get flaky skin from time to time and often this leaves marks on my body.","मुझे अपने पूरे शरीर में खुजली होती है, और मेरी छाती और पीठ में चकत्ते होते हैं। मुझे समय -समय पर परतदार त्वचा मिलती है और अक्सर यह मेरे शरीर पर निशान छोड़ देता है।",আমি আমার সমস্ত শরীর জুড়ে চুলকানি করছি এবং আমার বুকে এবং পিছনে ফুসকুড়ি। আমি সময়ে সময়ে ফ্লেকি ত্বক পাই এবং প্রায়শই এটি আমার শরীরে চিহ্ন ফেলে।
156,drug reaction,I have hair loss and there is a significant change in the texture of my hair. I have  dry and itchy sclap and increased dandruff. My skin is also getting very dry,मुझे बालों का झड़ना है और मेरे बालों की बनावट में एक महत्वपूर्ण बदलाव है। मेरे पास सूखा और खुजली वाली स्कलैप है और रूसी बढ़ गई है। मेरी त्वचा भी बहुत सूखी हो रही है,আমার চুল ক্ষতি হয়েছে এবং আমার চুলের টেক্সচারে একটি উল্লেখযোগ্য পরিবর্তন রয়েছে। আমার শুকনো এবং চুলকানি স্ক্ল্যাপ এবং খুশকি বাড়িয়েছে। আমার ত্বকও খুব শুকনো হচ্ছে
157,drug reaction,I am experiencing a decrease in my sex drive and difficulty to fucntion sexually. I feel very light headed and confused and often experince brain fog,मैं अपने सेक्स ड्राइव में कमी का अनुभव कर रहा हूं और यौन रूप से fucntion में कठिनाई कर रहा हूं। मैं बहुत हल्के सिर और भ्रमित महसूस करता हूं और अक्सर मस्तिष्क कोहरे का अनुभव करता हूं,আমি আমার সেক্স ড্রাইভে হ্রাস এবং যৌনতা ফুসনাতে অসুবিধা অনুভব করছি। আমি খুব হালকা মাথা এবং বিভ্রান্ত বোধ করি এবং প্রায়শই মস্তিষ্কের কুয়াশা পরীক্ষা করি
158,drug reaction,I am experiencing changes in my menstrual cycle and unexpected vaginal discharge. I often get mood swings and feel agitated from time to time,मैं अपने मासिक धर्म चक्र और अप्रत्याशित योनि निर्वहन में परिवर्तन का अनुभव कर रहा हूं। मुझे अक्सर मिजाज हो जाता है और समय -समय पर उत्तेजित महसूस होता है,আমি আমার stru তুস্রাব এবং অপ্রত্যাশিত যোনি স্রাবের পরিবর্তনগুলি অনুভব করছি। আমি প্রায়শই মেজাজের দোল পাই এবং সময়ে সময়ে উত্তেজিত বোধ করি
159,drug reaction,I have experinenced significant weight gain and become very obese. I have changes in my appetite and cravings for different foods,मैंने महत्वपूर्ण वजन बढ़ाने का अनुभव किया है और बहुत मोटे हो गया है। विभिन्न खाद्य पदार्थों के लिए मेरी भूख और cravings में बदलाव हैं,আমি উল্লেখযোগ্য ওজন বাড়ানোর পরীক্ষা -নিরীক্ষা করেছি এবং খুব স্থূল হয়ে উঠছি। আমার ক্ষুধা পরিবর্তন এবং বিভিন্ন খাবারের জন্য অভিলাষ রয়েছে
160,drug reaction,I have difficulty in maintianing concentration and very low mental clarity. I often forget things and in general have difficulty remembering things,मुझे मेनटियन एकाग्रता और बहुत कम मानसिक स्पष्टता में कठिनाई है। मैं अक्सर चीजों को भूल जाता हूं और सामान्य रूप से चीजों को याद रखने में कठिनाई होती है,আমার ঘনত্ব এবং খুব কম মানসিক স্পষ্টতা রক্ষণাবেক্ষণে অসুবিধা হয়। আমি প্রায়শই জিনিসগুলি ভুলে যাই এবং সাধারণভাবে জিনিসগুলি মনে রাখতে অসুবিধা হয়
161,drug reaction,"In addition to experiencing a change in taste and fragrance, I also have a metallic aftertaste in my tongue. occasionally get excruciating joint and muscular pain","स्वाद और खुशबू में बदलाव का अनुभव करने के अलावा, मेरी जीभ में एक धातु के बाद भी। कभी -कभी अतिरिक्त जोड़ और मांसपेशियों में दर्द हो जाता है",স্বাদ এবং সুগন্ধির পরিবর্তনের অভিজ্ঞতা ছাড়াও আমার জিহ্বায় একটি ধাতব আফটার টেস্টও রয়েছে। মাঝেমধ্যে উদ্দীপক যৌথ এবং পেশীবহুল ব্যথা পান
162,drug reaction,"I suffer migraines and headaches, and I've been having trouble falling asleep. My muscles have been trembling and twitching. I sometimes feel dizzy.","मैं माइग्रेन और सिरदर्द से पीड़ित हूं, और मुझे सो जाने में परेशानी हो रही है। मेरी मांसपेशियां कांप रही हैं और चिकोटी काट रही हैं। मुझे कभी -कभी चक्कर महसूस होता है।",আমি মাইগ্রেন এবং মাথাব্যথা ভোগ করি এবং ঘুমিয়ে পড়তে আমার সমস্যা হচ্ছে। আমার পেশী কাঁপছে এবং মোচড় দিচ্ছে। আমি মাঝে মাঝে চঞ্চল বোধ করি।
163,drug reaction,"I'm feeling really lightheaded and dizzy when I have a temperature. My mind is completely muddled, and my heart is racing. I find it difficult to think clearly, and everything seems quite hazy.","जब मेरे पास तापमान होता है तो मैं वास्तव में प्रकाशस्तंभ और चक्कर महसूस कर रहा हूं। मेरा मन पूरी तरह से गड्ढा है, और मेरा दिल दौड़ रहा है। मुझे स्पष्ट रूप से सोचना मुश्किल लगता है, और सब कुछ काफी धुंधला लगता है।","আমার যখন তাপমাত্রা থাকে তখন আমি সত্যিই হালকা এবং চঞ্চল বোধ করছি। আমার মন পুরোপুরি বিভ্রান্ত, এবং আমার হৃদয় দৌড়ছে। আমি পরিষ্কারভাবে চিন্তা করতে অসুবিধা বোধ করি এবং সবকিছু বেশ আচ্ছন্ন বলে মনে হয়।"
164,drug reaction,"My skin occasionally peels off the rashes that I have. This makes me more vulnerable to infections. My hands begin to shake, and occasionally I have tremors.","मेरी त्वचा कभी -कभार मेरे पास मौजूद चकत्ते से छीली होती है। यह मुझे संक्रमणों के प्रति अधिक संवेदनशील बनाता है। मेरे हाथ हिलने लगते हैं, और कभी -कभी मेरे पास झटके होते हैं।","আমার ত্বক মাঝে মধ্যে আমার যে ফুসকুড়িগুলি ছিটিয়ে দেয় তা খোঁচা দেয়। এটি আমাকে সংক্রমণের জন্য আরও দুর্বল করে তোলে। আমার হাত কাঁপতে শুরু করে, এবং মাঝে মাঝে আমার কাঁপুনি হয়।"
165,drug reaction,I have severe nausea and chest discomfort. I have been having chest discomfort lately. I often shiver a lot and feel really nervous.,मुझे गंभीर मतली और छाती की असुविधा है। मुझे हाल ही में सीने की असुविधा हो रही है। मैं अक्सर बहुत कांपता हूं और वास्तव में घबराता हुआ महसूस करता हूं।,আমার তীব্র বমি বমি ভাব এবং বুকের অস্বস্তি রয়েছে। আমি ইদানীং বুকের অস্বস্তি করছি। আমি প্রায়শই অনেক কাঁপতে থাকি এবং সত্যিই নার্ভাস বোধ করি।
166,drug reaction,"I have rashes in my chest and back and itch all over my body. I occasionally have flaky skin, which frequently creates markings on my body.","मेरे सीने और पीठ में चकत्ते हैं और मेरे पूरे शरीर में खुजली है। मेरे पास कभी -कभी परतदार त्वचा होती है, जो अक्सर मेरे शरीर पर निशान बनाती है।",আমার বুকে এবং পিঠে ফুসকুড়ি রয়েছে এবং আমার সারা শরীর জুড়ে চুলকানি রয়েছে। আমার মাঝে মাঝে ফ্লেকি ত্বক থাকে যা প্রায়শই আমার শরীরে চিহ্ন তৈরি করে।
167,drug reaction,"My hair's texture has significantly changed, and I'm experiencing hair loss. My scalp is dry and itching, and my dandruff is becoming worse. My skin is also becoming really dry.","मेरे बालों की बनावट काफी बदल गई है, और मैं बालों के झड़ने का अनुभव कर रहा हूं। मेरी खोपड़ी सूखी और खुजली है, और मेरा रूफ बदतर होता जा रहा है। मेरी त्वचा भी वास्तव में सूखी हो रही है।","আমার চুলের টেক্সচারটি উল্লেখযোগ্যভাবে পরিবর্তিত হয়েছে, এবং আমি চুল পড়া ক্ষতিগ্রস্থ করছি। আমার মাথার ত্বক শুকনো এবং চুলকানি, এবং আমার খুশকি আরও খারাপ হয়ে উঠছে। আমার ত্বকও সত্যিই শুকনো হয়ে উঠছে।"
168,drug reaction,"My sex desire has decreased, and I'm finding it harder to function sexually. I regularly have brain fog and feel quite dizzy and disoriented.","मेरी सेक्स की इच्छा कम हो गई है, और मुझे यौन रूप से काम करना मुश्किल है। मुझे नियमित रूप से मस्तिष्क कोहरे का सामना करना पड़ता है और यह काफी चक्कर और भटकाव महसूस होता है।",আমার যৌন আকাঙ্ক্ষা হ্রাস পেয়েছে এবং আমি যৌনভাবে কাজ করা আরও কঠিন বলে মনে করি। আমার নিয়মিত মস্তিষ্কের কুয়াশা থাকে এবং বেশ চঞ্চল এবং দিশেহারা অনুভব করি।
169,drug reaction,"My monthly cycle has changed, and I've had an unexpected vaginal discharge. I frequently experience mood swings and experience occasional agitation.","मेरा मासिक चक्र बदल गया है, और मुझे एक अप्रत्याशित योनि निर्वहन हुआ है। मैं अक्सर मिजाज का अनुभव करता हूं और कभी -कभार आंदोलन का अनुभव करता हूं।","আমার মাসিক চক্র পরিবর্তিত হয়েছে, এবং আমার একটি অপ্রত্যাশিত যোনি স্রাব ছিল। আমি প্রায়শই মেজাজের দোলগুলি অনুভব করি এবং মাঝে মাঝে আন্দোলনের অভিজ্ঞতা অর্জন করি।"
170,drug reaction,"I've gained a lot of weight and am now quite fat. My appetite varies, and I have desires for various things.","मैंने बहुत वजन प्राप्त किया है और अब काफी मोटा हूं। मेरी भूख भिन्न होती है, और मेरी विभिन्न चीजों के लिए इच्छाएं हैं।",আমি প্রচুর ওজন পেয়েছি এবং এখন বেশ মোটা। আমার ক্ষুধা পরিবর্তিত হয় এবং আমার বিভিন্ন জিনিসের জন্য ইচ্ছা রয়েছে।
171,drug reaction,"I struggle to maintain focus, and my mental clarity is really poor. I have trouble remembering things and frequently forget stuff.","मैं फोकस बनाए रखने के लिए संघर्ष करता हूं, और मेरी मानसिक स्पष्टता वास्तव में खराब है। मुझे चीजों को याद करने में परेशानी होती है और अक्सर सामान भूल जाती है।",আমি ফোকাস বজায় রাখতে সংগ্রাম করি এবং আমার মানসিক স্বচ্ছতা সত্যই দরিদ্র। জিনিসগুলি মনে রাখতে এবং প্রায়শই জিনিসগুলি ভুলে যেতে আমার সমস্যা হয়।
172,drug reaction,My tongue also has a metallic aftertaste in addition to a change in taste and scent. occasionally get acute muscle and joint ache,मेरी जीभ में स्वाद और खुशबू में बदलाव के अलावा एक धातु के बाद भी हैं। कभी -कभी तीव्र मांसपेशी और संयुक्त दर्द प्राप्त करें,আমার জিহ্বায় স্বাদ এবং ঘ্রাণের পরিবর্তন ছাড়াও একটি ধাতব আফটার টাস্ট রয়েছে। মাঝে মাঝে তীব্র পেশী এবং যৌথ ব্যথা পান
173,drug reaction,"I have headaches and migraines, and I have been having difficulties sleeping. My entire body has been shaking and twitching. Sometimes I become lightheaded.","मेरे पास सिरदर्द और माइग्रेन हैं, और मुझे सोने में कठिनाई हो रही है। मेरा पूरा शरीर हिल रहा है और चिकोटी चला रहा है। कभी -कभी मैं लाइटहेड हो जाता हूं।",আমার মাথাব্যথা এবং মাইগ্রেন রয়েছে এবং আমার ঘুমাতে অসুবিধা হচ্ছে। আমার পুরো শরীর কাঁপছে এবং মোচড় দিচ্ছে। কখনও কখনও আমি হালকা মাথায় পরিণত হয়।
174,drug reaction,"When I have a fever, I feel quite woozy and lightheaded. My heart is pounding, and my head is absolutely foggy. My ability to think properly is impaired, and everything appears to be somewhat blurry.","जब मुझे बुखार होता है, तो मुझे काफी लुभाने और प्रकाशित होता है। मेरा दिल तेज़ हो रहा है, और मेरा सिर बिल्कुल धूमिल है। ठीक से सोचने की मेरी क्षमता बिगड़ा हुआ है, और सब कुछ कुछ धुंधला प्रतीत होता है।","আমার যখন জ্বর হয় তখন আমি বেশ উজ্জীবিত এবং হালকা মনে করি। আমার হৃদয় ধাক্কা খায়, এবং আমার মাথা একেবারে কুয়াশাচ্ছন্ন। আমার সঠিকভাবে চিন্তা করার ক্ষমতা প্রতিবন্ধী, এবং সবকিছু কিছুটা অস্পষ্ট বলে মনে হচ্ছে।"
175,drug reaction,"My rashes occasionally cause my skin to peel off. I'm more susceptible to illnesses as a result. I start to tremble sometimes, and my hands start to shake.","मेरे चकत्ते कभी -कभी मेरी त्वचा को छीलने का कारण बनते हैं। मैं परिणाम के रूप में बीमारियों के लिए अतिसंवेदनशील हूं। मैं कभी -कभी कांपने लगता हूं, और मेरे हाथ हिलने लगते हैं।",আমার ফুসকুড়ি মাঝে মাঝে আমার ত্বককে খোসা ছাড়িয়ে দেয়। ফলস্বরূপ আমি অসুস্থতার জন্য বেশি সংবেদনশীল। আমি মাঝে মাঝে কাঁপতে শুরু করি এবং আমার হাত কাঁপতে শুরু করে।
176,drug reaction,"Both chest pain and extreme nausea are present. Recently, my chest has been hurting. I frequently shiver a lot and am really anxious.","सीने में दर्द और चरम मतली दोनों मौजूद हैं। हाल ही में, मेरी छाती दर्द कर रही है। मैं अक्सर बहुत कांपता हूं और वास्तव में उत्सुक हूं।","বুকের ব্যথা এবং চরম বমিভাব উভয়ই উপস্থিত রয়েছে। সম্প্রতি, আমার বুক ব্যাথা করছে। আমি প্রায়শই অনেক কাঁপছি এবং সত্যিই উদ্বিগ্ন।"
177,drug reaction,"My body itches all over, and I have rashes on my back and chest. My skin can be flaky on sometimes, which commonly results in body marks.","मेरे शरीर में सभी पर खुजली होती है, और मेरी पीठ और छाती पर चकत्ते हैं। मेरी त्वचा कभी -कभी परतदार हो सकती है, जिसके परिणामस्वरूप आमतौर पर शरीर के निशान होते हैं।","আমার দেহটি পুরোপুরি চুলকায় এবং আমার পিঠে এবং বুকে ফুসকুড়ি রয়েছে। আমার ত্বক কখনও কখনও ফ্লেকি হতে পারে, যা সাধারণত শরীরের চিহ্নের ফলস্বরূপ।"
178,drug reaction,"I'm losing hair, and my hair's texture has considerably altered. My dandruff is becoming worse, and my dry, itchy scalp. My skin is getting quite dry as well.","मैं बाल खो रहा हूं, और मेरे बालों की बनावट काफी बदल गई है। मेरा रूफ बदतर होता जा रहा है, और मेरी सूखी, खुजली वाली खोपड़ी। मेरी त्वचा भी काफी सूखी हो रही है।","আমি চুল হারাচ্ছি, এবং আমার চুলের টেক্সচারটি যথেষ্ট পরিবর্তন হয়েছে। আমার খুশকি আরও খারাপ হয়ে উঠছে, এবং আমার শুকনো, চুলকানি মাথার ত্বকে। আমার ত্বকও বেশ শুকনো হয়ে উঠছে।"
179,drug reaction,"My desire for sex has dropped, and I'm having trouble having sex. I frequently get brain fog, as well as feeling somewhat bewildered.","सेक्स के लिए मेरी इच्छा कम हो गई है, और मुझे सेक्स करने में परेशानी हो रही है। मुझे अक्सर मस्तिष्क कोहरे के साथ -साथ कुछ हद तक घबराया हुआ महसूस होता है।","আমার যৌনতার জন্য আকাঙ্ক্ষা হ্রাস পেয়েছে, এবং আমার সেক্স করতে সমস্যা হচ্ছে। আমি প্রায়শই মস্তিষ্কের কুয়াশা পাই, পাশাপাশি কিছুটা বিস্মিত বোধ করি।"
180,drug reaction,"I've noticed a difference in my monthly cycle and an unexpected vaginal discharge. I become irritable every now and again, and my moods swing a lot.","मैंने अपने मासिक चक्र और एक अप्रत्याशित योनि निर्वहन में एक अंतर देखा है। मैं हर बार और फिर से चिड़चिड़ा हो जाता हूं, और मेरे मूड बहुत झूलते हैं।","আমি আমার মাসিক চক্র এবং একটি অপ্রত্যাশিত যোনি স্রাবের মধ্যে একটি পার্থক্য লক্ষ্য করেছি। আমি বার বার বিরক্ত হয়ে উঠি, এবং আমার মেজাজ অনেক দুলছে।"
181,drug reaction,I have put on a lot of weight and am now very obese. I have different urges and different appetites.,मैंने बहुत अधिक वजन डाल दिया है और अब बहुत मोटे हूं। मेरे पास अलग -अलग आग्रह और अलग -अलग भूख हैं।,আমি অনেক ওজন রেখেছি এবং এখন খুব স্থূল। আমার বিভিন্ন তাগিদ এবং বিভিন্ন ক্ষুধা আছে।
182,drug reaction,I have terrible mental clarity and find it difficult to stay focused. I regularly forget things and have problems remembering things.,मेरे पास भयानक मानसिक स्पष्टता है और ध्यान केंद्रित रहना मुश्किल है। मैं नियमित रूप से चीजों को भूल जाता हूं और चीजों को याद रखने में समस्या है।,আমার কাছে ভয়াবহ মানসিক স্পষ্টতা রয়েছে এবং মনোনিবেশ করা কঠিন মনে হয়। আমি নিয়মিত জিনিসগুলি ভুলে যাই এবং জিনিসগুলি মনে রাখতে সমস্যা হয়।
183,drug reaction,"Along with a change in taste and smell, my tongue also has a metallic aftertaste. occasionally get severe joint and muscular pain","स्वाद और गंध में बदलाव के साथ, मेरी जीभ में एक धातु के बाद भी हैं। कभी -कभी गंभीर जोड़ और मांसपेशियों में दर्द मिलता है",স্বাদ এবং গন্ধের পরিবর্তনের পাশাপাশি আমার জিহ্বায় একটি ধাতব আফটারটেস্টও রয়েছে। মাঝে মাঝে তীব্র যৌথ এবং পেশীবহুল ব্যথা পান
184,drug reaction,"I suffer migraines and headaches, and I've been having trouble falling asleep. My whole body has been trembling and shivering. At times, I have dizziness.","मैं माइग्रेन और सिरदर्द से पीड़ित हूं, और मुझे सो जाने में परेशानी हो रही है। मेरा पूरा शरीर कांप रहा है और कांप रहा है। कई बार, मुझे चक्कर आते हैं।",আমি মাইগ্রেন এবং মাথাব্যথা ভোগ করি এবং ঘুমিয়ে পড়তে আমার সমস্যা হচ্ছে। আমার পুরো শরীর কাঁপছে এবং কাঁপছে। মাঝে মাঝে আমার মাথা ঘোরা হয়।
185,drug reaction,"I am quite queasy and dizzy when I have a temperature. My brain is completely cloudy, and my heart is racing. I'm having trouble thinking straight, and everything seems a little fuzzy.","जब मेरे पास तापमान होता है तो मैं काफी अजीब और चक्कर आता हूं। मेरा दिमाग पूरी तरह से बादल छा गया है, और मेरा दिल दौड़ रहा है। मुझे सीधे सोचने में परेशानी हो रही है, और सब कुछ थोड़ा फजी लगता है।","আমার তাপমাত্রা থাকলে আমি বেশ কৌতুকপূর্ণ এবং চঞ্চল। আমার মস্তিষ্ক সম্পূর্ণ মেঘলা, এবং আমার হৃদয় দৌড়ছে। আমার সোজা ভাবতে সমস্যা হচ্ছে, এবং সবকিছু কিছুটা অস্পষ্ট বলে মনে হচ্ছে।"
186,drug reaction,"Sometimes my skin starts to flake off from my rashes. I'm more prone to becoming sick as a result. On occasion, my hands begin to quiver and I begin to tremble.","कभी -कभी मेरी त्वचा मेरे चकत्ते से बाहर निकलने लगती है। मैं परिणामस्वरूप बीमार होने का अधिक खतरा हूं। इस अवसर पर, मेरे हाथ तरकश होने लगते हैं और मैं कांपने लगता हूं।","কখনও কখনও আমার ত্বক আমার ফুসকুড়ি থেকে দূরে যেতে শুরু করে। ফলস্বরূপ আমি অসুস্থ হয়ে পড়ার প্রবণ। উপলক্ষে, আমার হাত কাঁপতে শুরু করে এবং আমি কাঁপতে শুরু করি।"
187,drug reaction,There is severe nausea and chest discomfort. My chest has been aching lately. I'm really nervous and shiver a lot of the time.,गंभीर मतली और छाती की असुविधा है। मेरी छाती हाल ही में दर्द कर रही है। मैं वास्तव में घबराया हुआ हूं और बहुत समय कांपता हूं।,গুরুতর বমি বমি ভাব এবং বুকের অস্বস্তি রয়েছে। আমার বুক ইদানীং ব্যথা হচ্ছে। আমি সত্যিই নার্ভাস এবং অনেক সময় কাঁপছি।
188,drug reaction,"I have rashes on my back and chest, and my entire body itches. My skin may be dry and flaky at times, which frequently leaves body marks.","मेरी पीठ और छाती पर चकत्ते हैं, और मेरे पूरे शरीर में खुजली है। मेरी त्वचा कई बार सूखी और परतदार हो सकती है, जो अक्सर शरीर के निशान छोड़ देती है।","আমার পিঠে এবং বুকে ফুসকুড়ি রয়েছে এবং আমার পুরো শরীর চুলকায়। আমার ত্বক কখনও কখনও শুকনো এবং স্বচ্ছ হতে পারে, যা প্রায়শই শরীরের চিহ্ন ফেলে।"
189,drug reaction,"I'm shedding hair, and the texture of my hair has changed significantly. My dry, itchy scalp and dandruff are becoming worse. My skin is also becoming pretty dry.","मैं बाल बहा रहा हूं, और मेरे बालों की बनावट काफी बदल गई है। मेरी सूखी, खुजली वाली खोपड़ी और रूसी बदतर हो रही हैं। मेरी त्वचा भी बहुत सूखी हो रही है।","আমি চুল বর্ষণ করছি, এবং আমার চুলের টেক্সচারটি উল্লেখযোগ্যভাবে পরিবর্তিত হয়েছে। আমার শুকনো, চুলকানি মাথার ত্বকে এবং খুশকি আরও খারাপ হয়ে উঠছে। আমার ত্বকও বেশ শুকনো হয়ে উঠছে।"
190,drug reaction,"I no longer want to have sex, and it's difficult for me to do so. I regularly have brain fog and a sense of confusion.","मैं अब सेक्स नहीं करना चाहता, और मेरे लिए ऐसा करना मुश्किल है। मेरे पास नियमित रूप से मस्तिष्क कोहरे और भ्रम की भावना है।","আমি আর সেক্স করতে চাই না, এবং এটি করা আমার পক্ষে কঠিন। আমার নিয়মিত মস্তিষ্কের কুয়াশা এবং বিভ্রান্তির অনুভূতি থাকে।"
191,drug reaction,"My monthly cycle has changed, and I've had an unexpected vaginal discharge. I occasionally lose my temper, and my moods change a lot.","मेरा मासिक चक्र बदल गया है, और मुझे एक अप्रत्याशित योनि निर्वहन हुआ है। मैं कभी -कभी अपना आपा खो देता हूं, और मेरे मूड बहुत बदल जाते हैं।","আমার মাসিক চক্র পরিবর্তিত হয়েছে, এবং আমার একটি অপ্রত্যাশিত যোনি স্রাব ছিল। আমি মাঝে মাঝে আমার মেজাজ হারাতে পারি এবং আমার মেজাজ অনেক পরিবর্তন হয়।"
192,drug reaction,I've gained a lot of weight and am currently quite fat. I have many inclinations and cravings.,मैंने बहुत वजन प्राप्त किया है और वर्तमान में काफी मोटा हूं। मेरे पास कई झुकाव और cravings हैं।,আমি প্রচুর ওজন পেয়েছি এবং বর্তমানে বেশ মোটা। আমার অনেক ঝোঁক এবং অভিলাষ রয়েছে।
193,drug reaction,I have awful mental clarity and have trouble focusing. I frequently forget things and struggle with memory.,मुझे बहुत मानसिक स्पष्टता है और ध्यान केंद्रित करने में परेशानी है। मैं अक्सर चीजों को भूल जाता हूं और स्मृति के साथ संघर्ष करता हूं।,আমার ভয়াবহ মানসিক স্পষ্টতা আছে এবং ফোকাস করতে সমস্যা আছে। আমি প্রায়শই জিনিসগুলি ভুলে যাই এবং স্মৃতি নিয়ে লড়াই করি।
194,drug reaction,"My tongue also changes in taste and scent, leaving a metallic aftertaste. can have excruciating joint and muscle pain","मेरी जीभ स्वाद और खुशबू में भी बदल जाती है, जिससे एक धातु के बाद आ गया। जोड़ और मांसपेशियों में दर्द हो सकता है","আমার জিহ্বাও স্বাদ এবং ঘ্রাণে পরিবর্তিত হয়, একটি ধাতব আফটারটাস্ট রেখে। উদ্দীপক যৌথ এবং পেশী ব্যথা হতে পারে"
195,drug reaction,"I have headaches and migraines, and I have been having difficulties sleeping. I've been shaking and shivering all over. Sometimes I become lightheaded.","मेरे पास सिरदर्द और माइग्रेन हैं, और मुझे सोने में कठिनाई हो रही है। मैं हिला रहा हूं और कांप रहा हूं। कभी -कभी मैं लाइटहेड हो जाता हूं।",আমার মাথাব্যথা এবং মাইগ্রেন রয়েছে এবং আমার ঘুমাতে অসুবিধা হচ্ছে। আমি কাঁপছি এবং কাঁপছি। কখনও কখনও আমি হালকা মাথায় পরিণত হয়।
196,drug reaction,"When I have a temperature, I feel pretty nauseous and lightheaded. My heart is pounding, and my mind is absolutely foggy. Everything feels a little hazy to me, and I'm having difficulties thinking clearly.","जब मेरे पास एक तापमान होता है, तो मुझे बहुत मिचली और प्रकाशित महसूस होता है। मेरा दिल तेज़ हो रहा है, और मेरा मन बिल्कुल धूमिल है। सब कुछ मुझे थोड़ा धुंधला लगता है, और मुझे स्पष्ट रूप से सोचने में कठिनाई हो रही है।","আমার যখন তাপমাত্রা থাকে তখন আমি বেশ বমি বমি ভাব এবং হালকা মাথা অনুভব করি। আমার হৃদয় ধাক্কা খায়, এবং আমার মন একেবারে কুয়াশাচ্ছন্ন। সবকিছু আমার কাছে কিছুটা বেহুদা বোধ করে এবং আমার স্পষ্টভাবে ভাবতে অসুবিধা হচ্ছে।"
197,drug reaction,"My rashes occasionally cause my skin to start to fall off. I'm more likely to get ill as a result. My hands occasionally start to tremble, and I start to shake.","मेरे चकत्ते कभी -कभार मेरी त्वचा को गिरना शुरू कर देते हैं। मुझे परिणाम के रूप में बीमार होने की अधिक संभावना है। मेरे हाथ कभी -कभार कांपने लगते हैं, और मैं हिलना शुरू कर देता हूं।","আমার ফুসকুড়ি মাঝে মাঝে আমার ত্বককে পড়ে যেতে শুরু করে। ফলস্বরূপ আমি অসুস্থ হওয়ার সম্ভাবনা বেশি। আমার হাত মাঝে মাঝে কাঁপতে শুরু করে, এবং আমি কাঁপতে শুরু করি।"
198,drug reaction,"Chest pain and severe nausea are present. Recently, my chest has been hurting. I tremble a lot and am quite anxious.","सीने में दर्द और गंभीर मतली मौजूद हैं। हाल ही में, मेरी छाती दर्द कर रही है। मैं बहुत कांपता हूं और काफी चिंतित हूं।","বুকে ব্যথা এবং গুরুতর বমি বমি ভাব উপস্থিত রয়েছে। সম্প্রতি, আমার বুক ব্যাথা করছে। আমি অনেক কাঁপছি এবং বেশ উদ্বিগ্ন।"
199,drug reaction,"My entire body itches, and I have rashes on my back and chest. Sometimes my skin might be dry and flaky, which often results in body stains.","मेरा पूरा शरीर खुजली करता है, और मेरी पीठ और छाती पर चकत्ते हैं। कभी -कभी मेरी त्वचा सूखी और परतदार हो सकती है, जिसके परिणामस्वरूप अक्सर शरीर के दाग होते हैं।","আমার পুরো শরীর চুলকায়, এবং আমি আমার পিঠে এবং বুকে ফুসকুড়ি পেয়েছি। কখনও কখনও আমার ত্বক শুকনো এবং স্বচ্ছ হতে পারে, যার ফলে প্রায়শই শরীরের দাগ দেখা দেয়।"
200,peptic ulcer disease,"I have a burning sensation in my upper abdomen, ofetn between or at night. I have heartburn and indigestion and often feel very nauseous","मुझे अपने ऊपरी पेट में एक जलन है, रात के बीच या बीच में। मेरे पास नाराज़गी और अपच है और अक्सर बहुत मिचली महसूस होती है","আমার উপরের পেটে, রাতের মধ্যে বা রাতের মধ্যে আমার জ্বলন্ত সংবেদন রয়েছে। আমার অম্বল এবং বদহজম রয়েছে এবং প্রায়শই খুব বমি বমি ভাব অনুভব করি"
201,peptic ulcer disease,I have bloating and a feeling of uneasiness. I have been experiencing weight loss and a loss of appetite. Sometimes I have dark and tarry stools and blood in my vomit,मुझे सूजन और बेचैनी की भावना है। मैं वजन घटाने और भूख कम होने का अनुभव कर रहा हूं। कभी -कभी मेरी उल्टी में अंधेरा और टैरी स्टूल और खून होता है,আমার ফুলে যাওয়া এবং অস্বস্তির অনুভূতি রয়েছে। আমি ওজন হ্রাস এবং ক্ষুধা হ্রাস অনুভব করছি। কখনও কখনও আমার বমি মধ্যে অন্ধকার এবং ট্যারি মল এবং রক্ত ​​থাকে
202,peptic ulcer disease,I have difficulty swallowing food and often get a sensation of the food getting stuck in my throat. I have constant belching and bloating. There is a persitent sour taste in my mouth,मुझे भोजन निगलने में कठिनाई होती है और अक्सर मेरे गले में फंसने वाले भोजन की सनसनी होती है। मेरे पास लगातार बेलचिंग और ब्लोटिंग है। मेरे मुंह में एक पर्सिटेंट खट्टा स्वाद है,আমার খাবার গিলে ফেলতে অসুবিধা হয় এবং প্রায়শই আমার গলায় আটকে যাওয়ার খাবারটি পাওয়া যায়। আমার ধ্রুবক বেলচিং এবং ফোলাভাব আছে। আমার মুখে একটি পার্সেন্ট টক স্বাদ আছে
203,peptic ulcer disease,I have been having bloody stools which has resulted in bloos loss and loss of iron. Thiis has caused me anemia and I feel very weak in general,मेरे पास खूनी मल हो रहा है जिसके परिणामस्वरूप ब्लोस की हानि और लोहे का नुकसान हुआ है। थिस ने मुझे एनीमिया का कारण बना दिया है और मैं सामान्य रूप से बहुत कमजोर महसूस करता हूं,আমার রক্তাক্ত মল রয়েছে যার ফলস্বরূপ ব্লোস ক্ষতি এবং লোহার ক্ষতি হয়েছে। থিয়স আমাকে রক্তাল্পতা তৈরি করেছে এবং আমি সাধারণভাবে খুব দুর্বল বোধ করি
204,peptic ulcer disease,"I have persistant, gnawing hunger and apetite. Sometimes I get abdominal cramps and spasms. There is bloating and gas after eating which causes me a great deal of uneasiness","मेरे पास लगातार, भूख और एपेटाइट है। कभी -कभी मुझे पेट में ऐंठन और ऐंठन होती है। खाने के बाद सूजन और गैस है जो मुझे बहुत बेचैनी का कारण बनती है","আমার দৃ est ়, ক্ষুধা এবং এপিটাইট কুঁচকানো আছে। কখনও কখনও আমি পেটের ক্র্যাম্প এবং স্প্যামস পাই। খাওয়ার পরে ফোলাভাব এবং গ্যাস রয়েছে যা আমাকে প্রচুর অস্বস্তি সৃষ্টি করে"
205,peptic ulcer disease,"I have changes in my bowel movements, such as constipation and diarrhea. I have a loss of appetite and energy and often feel very fatigued","मेरे पास अपने आंत्र आंदोलनों में बदलाव हैं, जैसे कि कब्ज और दस्त। मुझे भूख और ऊर्जा का नुकसान होता है और अक्सर बहुत थका हुआ लगता है",আমার অন্ত্রের চলাচলে যেমন কোষ্ঠকাঠিন্য এবং ডায়রিয়ার পরিবর্তন রয়েছে। আমার ক্ষুধা এবং শক্তি হ্রাস পেয়েছে এবং প্রায়শই খুব ক্লান্তি বোধ করে
206,peptic ulcer disease,I have abdominal pain and it gets only worse if I bend over or lie down. I feel discomfort when I eat certain foods such as spicy or acidic food. Sometimes I get loose stools because of this,मुझे पेट में दर्द होता है और यह केवल खराब हो जाता है अगर मैं झुकता हूं या लेट जाता हूं। जब मैं मसालेदार या अम्लीय भोजन जैसे कुछ खाद्य पदार्थ खाता हूं तो मुझे असुविधा महसूस होती है। कभी -कभी मुझे इस वजह से ढीले मल हो जाते हैं,আমার পেটে ব্যথা রয়েছে এবং আমি যদি বাঁকানো বা শুয়ে থাকি তবে এটি আরও খারাপ হয়। আমি যখন মশলাদার বা অ্যাসিডিক খাবারের মতো কিছু খাবার খাই তখন আমি অস্বস্তি বোধ করি। কখনও কখনও আমি এই কারণে আলগা মল পেতে
207,peptic ulcer disease,I have difficulty sleeping due to abdominal pain or discomfort. I have a loss of appetite and feel fatigued after going to the bathroom. I feel very tited all the time,मुझे पेट में दर्द या असुविधा के कारण सोने में कठिनाई होती है। मुझे भूख का नुकसान होता है और बाथरूम जाने के बाद थका हुआ महसूस होता है। मुझे हर समय बहुत अच्छा लगता है,পেটে ব্যথা বা অস্বস্তির কারণে আমার ঘুমাতে অসুবিধা হয়। আমার ক্ষুধা ক্ষতি হয়েছে এবং বাথরুমে যাওয়ার পরে ক্লান্তি বোধ করি। আমি সব সময় খুব টাইটেড বোধ করি
208,peptic ulcer disease,I have a sour acidic taste in my mouth. I have frequent belching and burping. I have a feeling of pressure or fullness in my upper abdomen that last for a few hours,मेरे मुंह में एक खट्टा अम्लीय स्वाद है। मेरे पास लगातार बेलचिंग और दफन है। मुझे अपने ऊपरी पेट में दबाव या पूर्णता की भावना है जो कुछ घंटों तक चलती है,আমার মুখে টকযুক্ত অ্যাসিডিক স্বাদ আছে। আমার ঘন ঘন বেলচিং এবং বার্পিং থাকে। আমার উপরের পেটে চাপ বা পূর্ণতার অনুভূতি রয়েছে যা কয়েক ঘন্টা স্থায়ী হয়
209,peptic ulcer disease,I have unintended weight loss and difficulty gaining weight. I have pain and discomfort that is relieved by taking antacids. My mouth tastes very bad,मैंने वजन कम करने और वजन बढ़ाने में कठिनाई की है। मुझे दर्द और असुविधा है जो एंटासिड लेने से राहत मिली है। मेरे मुंह का स्वाद बहुत खराब है,আমার অনিচ্ছাকৃত ওজন হ্রাস এবং ওজন পেতে অসুবিধা রয়েছে। আমার ব্যথা এবং অস্বস্তি রয়েছে যা অ্যান্টাসিডগুলি গ্রহণ করে উপশম হয়। আমার মুখের স্বাদ খুব খারাপ
210,peptic ulcer disease,"Occasionally throughout the day or at night, I have burning in my upper abdomen. I get indigestion, heartburn, and frequent bouts of extreme nausea.","कभी -कभी दिन या रात में, मैं अपने ऊपरी पेट में जल रहा हूं। मुझे अपच, नाराज़गी और चरम मतली के लगातार मुकाबलों में मिलता है।","মাঝে মাঝে সারা দিন বা রাতে আমার পেটে জ্বলতে থাকে। I get indigestion, heartburn, and frequent bouts of extreme nausea."
211,peptic ulcer disease,"Bloating and unease are both present in me. I've been losing weight and losing interest in food. I occasionally get tarry, black stools and vomit that contains blood.","मेरे अंदर सूजन और बेचैनी दोनों मौजूद हैं। मैं वजन कम कर रहा हूं और भोजन में रुचि खो रहा हूं। मुझे कभी -कभी टाररी, काली स्टूल और उल्टी होती है जिसमें रक्त होता है।","ফোলাভাব এবং উদ্বেগ উভয়ই আমার মধ্যে উপস্থিত। আমি ওজন হারাচ্ছি এবং খাবারের প্রতি আগ্রহ হারাচ্ছি। আমি মাঝে মাঝে ট্যারি, কালো মল এবং বমি পাই যাতে রক্ত ​​থাকে।"
212,peptic ulcer disease,"I have trouble swallowing, and I frequently feel like food is getting stuck in my throat. I feel bloated and belch constantly. I always get a sour taste in my mouth.","मुझे निगलने में परेशानी होती है, और मुझे अक्सर लगता है कि भोजन मेरे गले में फंस रहा है। मैं फूला हुआ महसूस करता हूं और लगातार बेल्च करता हूं। मुझे हमेशा अपने मुंह में खट्टा स्वाद मिलता है।",আমার গিলে ফেলতে সমস্যা হয় এবং আমি প্রায়শই মনে করি যে খাবারটি আমার গলায় আটকে আছে। আমি ক্রমাগত ফুলে ও বেলচ অনুভব করি। আমি সবসময় আমার মুখে একটি টক স্বাদ পাই।
213,peptic ulcer disease,"My bloody stools have caused me to lose iron and bloos, among other things. I now have anaemia from this, and I generally feel quite weak.","मेरे खूनी मल ने मुझे अन्य चीजों के अलावा, लोहे और ब्लोस खोने का कारण बना दिया है। मुझे अब इससे एनीमिया है, और मैं आमतौर पर काफी कमजोर महसूस करता हूं।",আমার রক্তাক্ত মলগুলি আমাকে অন্যান্য জিনিসগুলির মধ্যে লোহা এবং ব্লস হারাতে বাধ্য করেছে। আমার এখন এ থেকে রক্তাল্পতা রয়েছে এবং আমি সাধারণত বেশ দুর্বল বোধ করি।
214,peptic ulcer disease,"My hunger and appetite are persistent and ravenous. Periodically, my stomach may cramp and spasm. After eating, I have bloating and gas, which makes me quite uncomfortable.","मेरी भूख और भूख लगातार और उग्र हैं। समय -समय पर, मेरा पेट ऐंठन और ऐंठन हो सकता है। खाने के बाद, मेरे पास ब्लोटिंग और गैस है, जो मुझे काफी असहज बनाता है।","আমার ক্ষুধা এবং ক্ষুধা অবিরাম এবং উদ্বেগজনক। পর্যায়ক্রমে, আমার পেট ক্র্যাম্প এবং স্প্যাম হতে পারে। খাওয়ার পরে, আমার ফুলে যাওয়া এবং গ্যাস রয়েছে, যা আমাকে বেশ অস্বস্তিকর করে তোলে।"
215,peptic ulcer disease,"My bowel motions have changed; they've been constipated and diarrhoeal. I lack energy, appetite, and frequently feel really exhausted.","मेरी आंत्र गतियां बदल गई हैं; उन्हें कब्ज और दस्त किया गया है। मुझे ऊर्जा, भूख की कमी है, और अक्सर वास्तव में थका हुआ महसूस होता है।","আমার অন্ত্রের গতি বদলে গেছে; তারা কোষ্ঠকাঠিন্য এবং ডায়রিয়েল হয়েছে। আমার শক্তি, ক্ষুধা এবং ঘন ঘন সত্যিই ক্লান্ত বোধ আছে।"
216,peptic ulcer disease,"I have stomach ache, and bending over or lying down just makes it worse. When I consume certain meals, such as spicy or acidic cuisine, I have discomfort. This sometimes causes me to have loose stools.","मुझे पेट में दर्द है, और झुकना या नीचे लेटा हुआ है बस इसे बदतर बनाता है। जब मैं कुछ भोजन का सेवन करता हूं, जैसे कि मसालेदार या अम्लीय व्यंजन, तो मुझे असुविधा होती है। यह कभी -कभी मुझे ढीले मल होने का कारण बनता है।","আমার পেটের ব্যথা আছে, এবং বাঁকানো বা শুয়ে থাকা কেবল এটি আরও খারাপ করে তোলে। আমি যখন নির্দিষ্ট খাবার যেমন মশলাদার বা অ্যাসিডিক রান্না গ্রহণ করি তখন আমার অস্বস্তি হয়। এটি কখনও কখনও আমাকে আলগা মল তৈরি করে।"
217,peptic ulcer disease,"I have trouble falling or staying asleep because of stomach ache. After using the restroom, I feel drained and lose my appetite. I constantly feel really anxious.","मुझे पेट में दर्द के कारण गिरने या सो जाने में परेशानी होती है। टॉयलेट का उपयोग करने के बाद, मुझे लगता है कि सूखा हुआ है और अपनी भूख खो देता है। मैं लगातार चिंतित महसूस करता हूं।","পেটে ব্যথার কারণে পড়তে বা ঘুমিয়ে থাকতে আমার সমস্যা হয়। রেস্টরুমটি ব্যবহার করার পরে, আমি শুকনো অনুভব করি এবং আমার ক্ষুধা হারাতে পারি। আমি ক্রমাগত সত্যিই উদ্বিগ্ন বোধ করি।"
218,peptic ulcer disease,"My mouth is filled with a sour, acidic flavour. My burping and belching are frequent. For a few hours, I get pressure or fullness in my upper belly.","मेरा मुंह एक खट्टा, अम्लीय स्वाद से भरा है। मेरे दफन और बेलचिंग अक्सर होते हैं। कुछ घंटों के लिए, मुझे अपने ऊपरी पेट में दबाव या पूर्णता मिलती है।","আমার মুখটি একটি টক, অ্যাসিডিক স্বাদে ভরা। আমার বারপিং এবং বেলচিং ঘন ঘন। কয়েক ঘন্টা ধরে, আমি আমার উপরের পেটে চাপ বা পূর্ণতা পাই।"
219,peptic ulcer disease,I lose weight unintentionally and find it challenging to acquire weight. I use antacids to ease the pain and discomfort I experience. My mouth feels horrible.,मैं अनजाने में वजन कम करता हूं और वजन हासिल करने के लिए चुनौतीपूर्ण लगता हूं। मैं दर्द और असुविधा को कम करने के लिए एंटासिड्स का उपयोग करता हूं। मेरा मुंह भयानक लगता है।,আমি অজান্তেই ওজন হ্রাস করি এবং ওজন অর্জন করা চ্যালেঞ্জিং মনে করি। আমি যে ব্যথা এবং অস্বস্তি অনুভব করি তা সহজ করতে আমি অ্যান্টাসিডগুলি ব্যবহার করি। আমার মুখটি ভয়াবহ বোধ করে।
220,peptic ulcer disease,"I occasionally have burning in my upper abdomen throughout the day or at night. I get heartburn, indigestion, and regular episodes of severe nausea.","मैं कभी -कभार अपने ऊपरी पेट में दिन भर या रात में जल रहा हूं। मुझे नाराज़गी, अपच और गंभीर मतली के नियमित एपिसोड मिलते हैं।","আমি মাঝে মাঝে সারা দিন বা রাতে আমার উপরের পেটে জ্বলতে থাকি। আমি হার্টবার্ন, বদহজম এবং গুরুতর বমি বমি ভাবের নিয়মিত পর্বগুলি পাই।"
221,peptic ulcer disease,"I feel bloated and uneasy at the same time. I've been losing weight, and I no longer like eating. I occasionally get bloody vomit and dark, tarry stools.","मैं एक ही समय में फूला हुआ और असहज महसूस करता हूं। मैं वजन कम कर रहा हूं, और मुझे अब खाना पसंद नहीं है। मुझे कभी -कभी खूनी उल्टी और अंधेरा, टैरी स्टूल मिलते हैं।","আমি একই সাথে ফুলে যাওয়া এবং অস্বস্তি বোধ করি। আমি ওজন হারাচ্ছি, এবং আমি আর খেতে পছন্দ করি না। আমি মাঝে মাঝে রক্তাক্ত বমি এবং গা dark ়, ট্যারি মল পাই।"
222,peptic ulcer disease,I often feel like food is getting caught in my throat and have problems swallowing. I feel bloated and frequently belch. I constantly have a bitter aftertaste.,मुझे अक्सर लगता है कि भोजन मेरे गले में फंस रहा है और निगलने में समस्या है। मैं फूला हुआ और अक्सर बेल्च महसूस करता हूं। मैं लगातार एक कड़वा aftertaste है।,আমার প্রায়শই মনে হয় খাবার আমার গলায় ধরা পড়ছে এবং গিলে ফেলতে সমস্যা হচ্ছে। আমি ফুলে যাওয়া এবং ঘন ঘন বেলচ অনুভব করি। আমি ক্রমাগত একটি তিক্ত আফটার টাস্ট আছে।
223,peptic ulcer disease,"I've lost a lot of stuff because of my bloody stools, including iron and bloos. Because of this, I now have anaemia and usually feel fairly weak.","मैंने अपने खूनी मल के कारण बहुत सारा सामान खो दिया है, जिसमें लोहे और ब्लोस शामिल हैं। इस वजह से, मुझे अब एनीमिया है और आमतौर पर काफी कमजोर महसूस होता है।","আয়রন এবং ব্লুস সহ আমার রক্তাক্ত মলগুলির কারণে আমি প্রচুর স্টাফ হারিয়েছি। এ কারণে, আমার এখন রক্তাল্পতা রয়েছে এবং সাধারণত মোটামুটি দুর্বল বোধ হয়।"
224,peptic ulcer disease,"My appetite and chronic hunger are both ferocious. My stomach may occasionally ache and spasm. I have gas and bloating after eating, which is really painful.","मेरी भूख और पुरानी भूख दोनों क्रूर हैं। मेरा पेट कभी -कभी दर्द और ऐंठन हो सकता है। मेरे पास खाने के बाद गैस और सूजन है, जो वास्तव में दर्दनाक है।","আমার ক্ষুধা এবং দীর্ঘস্থায়ী ক্ষুধা উভয়ই হিংস্র। আমার পেট মাঝে মাঝে ব্যথা করতে পারে এবং ঝাঁকুনি দিতে পারে। আমার খাওয়ার পরে গ্যাস এবং ফোলাভাব রয়েছে, যা সত্যিই বেদনাদায়ক।"
225,peptic ulcer disease,My bowel movements have become constipated and diarrheal. I often feel quite tired and lack both energy and appetite.,मेरे आंत्र आंदोलन कब्ज और दस्त हो गए हैं। मैं अक्सर काफी थका हुआ महसूस करता हूं और ऊर्जा और भूख दोनों की कमी है।,আমার অন্ত্রের গতিবিধি কোষ্ঠকাঠিন্য এবং ডায়রিয়ালে পরিণত হয়েছে। আমি প্রায়শই বেশ ক্লান্ত বোধ করি এবং শক্তি এবং ক্ষুধা উভয়েরই অভাব বোধ করি।
226,peptic ulcer disease,"Bending down or reclining down only makes my stomach feel more. I have pain after eating some foods, such as hot or acidic food. I occasionally get loose stools as a result of this.","नीचे झुकना या नीचे गिरना केवल मेरे पेट को अधिक महसूस करता है। मुझे कुछ खाद्य पदार्थ खाने के बाद दर्द होता है, जैसे कि गर्म या अम्लीय भोजन। मुझे कभी -कभी इसके परिणामस्वरूप ढीले मल हो जाते हैं।","নিচে বাঁকানো বা নীচে নামানো কেবল আমার পেটকে আরও বেশি অনুভব করে। কিছু খাবার খাওয়ার পরে আমার ব্যথা হয়, যেমন গরম বা অ্যাসিডিক খাবার। এর ফলস্বরূপ আমি মাঝে মাঝে আলগা মল পাই।"
227,peptic ulcer disease,"Due to a stomach discomfort, I have problems sleeping or staying asleep. I am exhausted after using the bathroom and lose my appetite. I'm quite nervous all the time.","पेट की परेशानी के कारण, मुझे सोते हुए या सोते रहने में समस्या होती है। मैं बाथरूम का उपयोग करने के बाद थक गया हूं और अपनी भूख खो देता हूं। मैं हर समय काफी घबराया हुआ हूं।",পেটের অস্বস্তির কারণে আমার ঘুমাতে বা ঘুমিয়ে থাকতে সমস্যা হয়। আমি বাথরুম ব্যবহার করার পরে ক্লান্ত হয়ে পড়েছি এবং আমার ক্ষুধা হারাতে পারি। আমি সারাক্ষণ বেশ নার্ভাস।
228,peptic ulcer disease,"A sour, acidic taste is all over my mouth. Belching and burping are common in me. I have pressure or fullness in my upper abdomen for a few hours.","मेरे मुंह में एक खट्टा, अम्लीय स्वाद है। मेरे अंदर बेलचिंग और दफन आम हैं। मेरे पास कुछ घंटों के लिए अपने ऊपरी पेट में दबाव या पूर्णता है।","একটি টক, অ্যাসিডিক স্বাদ আমার মুখ জুড়ে। আমার মধ্যে বেলচিং এবং বার্পিং সাধারণ। আমার উপরের পেটে কয়েক ঘন্টা চাপ বা পূর্ণতা রয়েছে।"
229,peptic ulcer disease,"I unknowingly lose weight and find it difficult to gain weight. To relieve the pain and discomfort I feel, I take antacids. My mouth hurts so much.","मैं अनजाने में वजन कम करता हूं और वजन बढ़ाना मुश्किल लगता है। मुझे लगता है कि दर्द और असुविधा को दूर करने के लिए, मैं एंटासिड लेता हूं। मेरा मुंह बहुत दर्द करता है।","আমি অজান্তেই ওজন হ্রাস করি এবং ওজন বাড়াতে অসুবিধা হয়। আমি যে ব্যথা এবং অস্বস্তি অনুভব করি তা উপশম করতে, আমি অ্যান্টাসিডগুলি গ্রহণ করি। আমার মুখ এত ব্যথা করে।"
230,peptic ulcer disease,"On occasion, throughout the day or at night, I have burning in my upper abdomen. I frequently get extreme nauseous episodes, heartburn, and indigestion.","अवसर पर, दिन या रात में, मैं अपने ऊपरी पेट में जल रहा हूं। मुझे अक्सर चरम मिचली के एपिसोड, नाराज़गी और अपच मिलते हैं।","উপলক্ষ্যে, সারা দিন বা রাতে, আমার পেটে জ্বলছে। আমি প্রায়শই চরম বমিভাব এপিসোড, অম্বল এবং বদহজম পাই।"
231,peptic ulcer disease,"I have both bloating and unease. I no longer like eating because I've been losing weight. I sometimes vomit blood and have tarry, black stools.","मेरे पास ब्लोटिंग और बेकार दोनों हैं। मुझे अब खाना पसंद नहीं है क्योंकि मैं अपना वजन कम कर रहा हूं। मैं कभी -कभी खून उल्टी करता हूं और टाररी, काली स्टूल करता हूं।","আমার উভয়ই ফুলে ওঠা এবং উদ্বেগ আছে। আমি আর খাওয়া পছন্দ করি না কারণ আমার ওজন হারাচ্ছে। আমি মাঝে মাঝে রক্তকে বমি করি এবং ট্যারি, কালো মল।"
232,peptic ulcer disease,I frequently get swallowing issues and the sensation that food is getting stuck in my throat. I regularly belch and feel bloated. My aftertaste is unpleasant all the time.,मैं अक्सर निगलने वाले मुद्दों और सनसनी को निगल जाता हूं कि भोजन मेरे गले में फंस रहा है। मैं नियमित रूप से बेलच और फूला हुआ महसूस करता हूं। मेरा aftertaste हर समय अप्रिय है।,আমি প্রায়শই গ্রাস করার সমস্যাগুলি এবং সংবেদনটি আমার গলায় আটকে যাচ্ছে তা সংবেদনশীল হয়ে উঠি। আমি নিয়মিত বেলচ এবং ফুলে যাওয়া অনুভব করি। আমার আফটারটাস্ট সারাক্ষণ অপ্রীতিকর।
233,peptic ulcer disease,"My bloody stools have caused me to lose a lot of things, including iron and bloos. I now have anaemia as a result, and I typically feel rather weak.","मेरे खूनी मल ने मुझे बहुत सारी चीजें खो दी हैं, जिनमें लोहा और ब्लोस शामिल हैं। अब मुझे एनीमिया है, और मैं आमतौर पर कमजोर महसूस करता हूं।",আমার রক্তাক্ত মলগুলি আমাকে আয়রন এবং ব্লস সহ প্রচুর জিনিস হারাতে বাধ্য করেছে। ফলস্বরূপ আমার এখন রক্তাল্পতা রয়েছে এবং আমি সাধারণত দুর্বল বোধ করি।
234,peptic ulcer disease,"Both my appetite and ongoing hunger are fierce. There are times when my stomach hurts and cramps. Following a meal, I have very painful gas and bloating.","मेरी भूख और चल रही भूख दोनों भयंकर हैं। ऐसे समय होते हैं जब मेरा पेट दर्द होता है और ऐंठन करता है। भोजन के बाद, मेरे पास बहुत दर्दनाक गैस और सूजन है।",আমার ক্ষুধা এবং চলমান ক্ষুধা উভয়ই মারাত্মক। এমন সময় আছে যখন আমার পেট ব্যাথা করে এবং বাধা দেয়। খাবার অনুসরণ করে আমার খুব বেদনাদায়ক গ্যাস এবং ফুলে যাওয়া রয়েছে।
235,peptic ulcer disease,Constipated and diarrheal bowel motions have been happening to me. I frequently have a lack of energy and appetite.,मेरे साथ कब्ज और डायरियल आंत्र गति हो रही है। मुझे अक्सर ऊर्जा और भूख की कमी होती है।,কোষ্ঠকাঠিন্য এবং ডায়রিয়াল অন্ত্রের গতি আমার সাথে ঘটছে। আমার প্রায়শই শক্তি এবং ক্ষুধা অভাব থাকে।
236,peptic ulcer disease,"My stomach only feels worse when I stoop or recline. After eating particular meals, such as spicy or acidic cuisine, I have discomfort. This occasionally causes me to have loose stools.","मेरा पेट तभी बदतर लगता है जब मैं रुकता हूं या फिर से तैयार करता हूं। विशेष भोजन खाने के बाद, जैसे कि मसालेदार या अम्लीय व्यंजन, मुझे असुविधा होती है। यह कभी -कभी मुझे ढीले मल होने का कारण बनता है।",আমার পেট কেবল তখনই আরও খারাপ লাগে যখন আমি স্টুপ বা পুনরায় লাইন করি। মশলাদার বা অ্যাসিডিক রান্নার মতো নির্দিষ্ট খাবার খাওয়ার পরে আমার অস্বস্তি রয়েছে। এটি মাঝে মধ্যে আমাকে আলগা মল তৈরি করে।
237,peptic ulcer disease,"I have a stomach ache that keeps me from falling or staying asleep. After using the restroom, I feel worn out and lose interest in food. I'm constantly pretty anxious.","मुझे पेट में दर्द होता है जो मुझे गिरने या सोते रहने से रोकता है। टॉयलेट का उपयोग करने के बाद, मुझे लगता है कि यह खराब हो गया है और भोजन में रुचि खो देता है। मैं लगातार बहुत चिंतित हूं।","আমার পেটে ব্যথা আছে যা আমাকে পড়তে বা ঘুমিয়ে থাকতে বাধা দেয়। রেস্টরুমটি ব্যবহার করার পরে, আমি ক্লান্ত বোধ করি এবং খাবারের প্রতি আগ্রহ হারাতে পারি। আমি ক্রমাগত বেশ উদ্বিগ্ন।"
238,peptic ulcer disease,"My mouth is filled with an acidic, sour flavour. Burping and belching are frequent in me. For a few hours, my upper abdomen has felt pressured or full.","मेरा मुंह एक अम्लीय, खट्टा स्वाद से भरा है। दफन और बेलचिंग मेरे लिए अक्सर होते हैं। कुछ घंटों के लिए, मेरे ऊपरी पेट ने दबाव या पूर्ण महसूस किया है।","আমার মুখটি অ্যাসিডিক, টক স্বাদে ভরা। আমার মধ্যে বার্পিং এবং বেলচিং ঘন ঘন হয়। কয়েক ঘন্টা ধরে, আমার উপরের পেটে চাপ বা পূর্ণ অনুভূত হয়েছে।"
239,peptic ulcer disease,I inadvertently lose weight and have a hard time gaining it back. I use antacids to get rid of the pain and discomfort I experience. It aches so much in my mouth.,मैं अनजाने में अपना वजन कम करता हूं और इसे वापस पाने में कठिन समय होता है। मैं दर्द और असुविधा से छुटकारा पाने के लिए एंटासिड का उपयोग करता हूं। यह मेरे मुंह में बहुत दर्द होता है।,আমি অজান্তেই ওজন হ্রাস করি এবং এটি ফিরে পেতে খুব কঠিন সময় পেয়েছি। আমি যে ব্যথা এবং অস্বস্তি অনুভব করি তা থেকে মুক্তি পেতে আমি অ্যান্টাসিডগুলি ব্যবহার করি। এটা আমার মুখে অনেক ব্যথা করে।
240,peptic ulcer disease,"I occasionally have burning in my upper abdomen throughout the day or at night. I regularly get severe heartburn, indigestion, and nausea.","मैं कभी -कभार अपने ऊपरी पेट में दिन भर या रात में जल रहा हूं। मैं नियमित रूप से गंभीर नाराज़गी, अपच और मतली प्राप्त करता हूं।","আমি মাঝে মাঝে সারা দিন বা রাতে আমার উপরের পেটে জ্বলতে থাকি। আমি নিয়মিত মারাত্মক হার্টবার্ন, বদহজম এবং বমি বমি ভাব পাই।"
241,peptic ulcer disease,"I'm feeling both bloated and uneasy. Because I've been losing weight, I no longer like eating. I occasionally get tarry, black stools and blood in my vomit.","मैं फूला हुआ और असहज दोनों महसूस कर रहा हूं। क्योंकि मैं वजन कम कर रहा हूं, मुझे अब खाना पसंद नहीं है। मुझे कभी -कभी मेरी उल्टी में टैरी, काली मल और खून मिलता है।","আমি উভয় ফুলে ও অস্বস্তি বোধ করছি। কারণ আমি ওজন হারাচ্ছি, আমি আর খেতে পছন্দ করি না। আমি মাঝে মাঝে আমার বমি মধ্যে ট্যারি, কালো মল এবং রক্ত ​​পাই।"
242,peptic ulcer disease,"I regularly have trouble swallowing, and I sometimes feel like food is becoming trapped in my throat. I frequently feel bloated and belch. Every time, I have a bad aftertaste.","मुझे नियमित रूप से निगलने में परेशानी होती है, और मुझे कभी -कभी ऐसा लगता है कि भोजन मेरे गले में फंस रहा है। मैं अक्सर फूला हुआ और बेलच महसूस करता हूं। हर बार, मेरे पास एक बुरा aftertaste है।","আমার নিয়মিত গিলে ফেলতে সমস্যা হয় এবং আমার মাঝে মাঝে মনে হয় খাবার আমার গলায় আটকা পড়ছে। আমি প্রায়শই ফুলে যাওয়া এবং বেলচ অনুভব করি। প্রতিবার, আমার একটি খারাপ আফটারটেস্ট আছে।"
243,peptic ulcer disease,"I've lost a lot of stuff because of my bloody stools, including iron and bloos. As a result, I now have anaemia and generally feel rather weak.","मैंने अपने खूनी मल के कारण बहुत सारा सामान खो दिया है, जिसमें लोहे और ब्लोस शामिल हैं। नतीजतन, मुझे अब एनीमिया है और आम तौर पर कमजोर महसूस होता है।","আয়রন এবং ব্লুস সহ আমার রক্তাক্ত মলগুলির কারণে আমি প্রচুর স্টাফ হারিয়েছি। ফলস্বরূপ, আমার এখন রক্তাল্পতা রয়েছে এবং সাধারণত বরং দুর্বল বোধ করি।"
244,peptic ulcer disease,I have a strong appetite and am constantly hungry. My stomach occasionally aches and cramps. I have really painful gas and bloating after eating.,मुझे एक मजबूत भूख है और मैं लगातार भूखा हूं। मेरा पेट कभी -कभी दर्द और ऐंठन करता है। मुझे खाने के बाद वास्तव में दर्दनाक गैस और सूजन है।,আমার একটি শক্ত ক্ষুধা আছে এবং ক্রমাগত ক্ষুধার্ত। আমার পেট মাঝে মাঝে ব্যথা করে এবং বাধা দেয়। খাওয়ার পরে আমার সত্যিই বেদনাদায়ক গ্যাস এবং ফুলে যাওয়া আছে।
245,peptic ulcer disease,I've been experiencing bowel movements that are both constipated and diarrhoeic. I often lack the will to eat and energy.,मैं आंत्र आंदोलनों का अनुभव कर रहा हूं जो कब्ज और डायरहिक दोनों हैं। मुझे अक्सर खाने और ऊर्जा की इच्छाशक्ति की कमी होती है।,আমি অন্ত্রের গতিবিধিগুলি অনুভব করছি যা উভয়ই কোষ্ঠকাঠিন্য এবং ডায়রিয়োইক। আমার প্রায়শই খাওয়ার ইচ্ছা এবং শক্তি অভাব হয়।
246,peptic ulcer disease,"Only when I hunch down or lie down does my stomach hurt more. I have pain after eating certain foods, such as hot or acidic food. I occasionally get loose stools as a result of this.","जब मैं नीचे या लेट जाता हूं तो मेरे पेट में अधिक चोट लगती है। मुझे कुछ खाद्य पदार्थ खाने के बाद दर्द होता है, जैसे कि गर्म या अम्लीय भोजन। मुझे कभी -कभी इसके परिणामस्वरूप ढीले मल हो जाते हैं।","আমি যখন নিচে বা শুয়ে শুয়ে পড়ি কেবল তখনই আমার পেটে বেশি আঘাত লাগে। কিছু খাবার খাওয়ার পরে আমার ব্যথা হয়, যেমন গরম বা অ্যাসিডিক খাবার। এর ফলস্বরূপ আমি মাঝে মাঝে আলগা মল পাই।"
247,peptic ulcer disease,I can't get to sleep or remain asleep because I have a stomach pain. I get exhausted after using the bathroom and stop being hungry. I worry a lot of the time.,मैं सो नहीं सकता या सो रहा हूं क्योंकि मुझे पेट में दर्द है। मैं बाथरूम का उपयोग करने के बाद थक गया और भूखा रहना बंद कर दिया। मुझे बहुत समय की चिंता है।,আমার পেটে ব্যথা হওয়ার কারণে আমি ঘুমাতে বা ঘুমাতে পারি না। আমি বাথরুমটি ব্যবহার করার পরে ক্লান্ত হয়ে পড়েছি এবং ক্ষুধার্ত হওয়া বন্ধ করব। আমি অনেক সময় চিন্তা করি।
248,peptic ulcer disease,"My mouth is filled with a sour, acidic flavour. I have frequent belching and burping. My upper abdomen has felt pressed in or full for the past few hours.","मेरा मुंह एक खट्टा, अम्लीय स्वाद से भरा है। मेरे पास लगातार बेलचिंग और दफन है। मेरे ऊपरी पेट को पिछले कुछ घंटों से दबा हुआ या भरा हुआ महसूस किया है।","আমার মুখটি একটি টক, অ্যাসিডিক স্বাদে ভরা। আমার ঘন ঘন বেলচিং এবং বার্পিং থাকে। আমার উপরের পেটে গত কয়েক ঘন্টা ধরে চাপ বা পূর্ণ অনুভূত হয়েছে।"
249,peptic ulcer disease,"I unintentionally lose weight and find it challenging to gain it back. To relieve the pain and discomfort I feel, I take antacids. My mouth hurts so severely right now.","मैं अनजाने में अपना वजन कम करता हूं और इसे वापस पाने के लिए चुनौतीपूर्ण लगता हूं। मुझे लगता है कि दर्द और असुविधा को दूर करने के लिए, मैं एंटासिड लेता हूं। मेरा मुंह अभी बहुत गंभीर रूप से दर्द करता है।","আমি অনিচ্ছাকৃতভাবে ওজন হ্রাস করি এবং এটি আবার অর্জন করা চ্যালেঞ্জিং বলে মনে করি। আমি যে ব্যথা এবং অস্বস্তি অনুভব করি তা উপশম করতে, আমি অ্যান্টাসিডগুলি গ্রহণ করি। আমার মুখটি এখনই এত মারাত্মকভাবে ব্যথা করছে।"
250,diabetes,I have increased thirst and frequent urination. I often have a dry mouth and throat. Recently I have been having increased hunger and appetite,मैंने प्यास और लगातार पेशाब में वृद्धि की है। मेरे पास अक्सर एक सूखा मुंह और गला होता है। हाल ही में मैं भूख और भूख बढ़ा रहा हूं,আমি তৃষ্ণা এবং ঘন ঘন প্রস্রাব বৃদ্ধি করেছি। আমার প্রায়শই শুকনো মুখ এবং গলা থাকে। সম্প্রতি আমি ক্ষুধা ও ক্ষুধা বাড়িয়েছি
251,diabetes,I have blurred vision and it only seems to be getting worse. I feel fatigued and tired all the time. I also feel very dizzy and light headed at times,मेरे पास धुंधली दृष्टि है और यह केवल खराब हो रहा है। मैं हर समय थका हुआ और थका हुआ महसूस करता हूं। मैं भी कई बार बहुत चक्कर और हल्का महसूस करता हूं,আমি ঝাপসা দৃষ্টি দিয়েছি এবং এটি কেবল আরও খারাপ হচ্ছে বলে মনে হচ্ছে। আমি সারাক্ষণ ক্লান্তি এবং ক্লান্ত বোধ করি। আমিও অনেক সময় খুব চঞ্চল এবং হালকা মাথা ঘামায়
252,diabetes,I have a dry mouth and throat. I also have been experiencing an increased appetite and hunger. However I do feel very tired at times,मेरे पास एक सूखा मुंह और गला है। मैं भी एक बढ़ी हुई भूख और भूख का अनुभव कर रहा हूं। हालाँकि मैं कई बार बहुत थका हुआ महसूस करता हूं,আমার মুখ এবং গলা শুকনো। আমিও ক্ষুধা ও ক্ষুধার্ত অভিজ্ঞতা পেয়েছি। তবে আমি মাঝে মাঝে খুব ক্লান্ত বোধ করি
253,diabetes,I have slow healing of wounds and cuts. I have this tingling sensation in my hand and numbness in both my hands and feet,मेरे पास घावों और कटों की धीमी गति है। मेरे हाथ में यह झुनझुनी सनसनी है और मेरे हाथों और पैरों दोनों में सुन्नता है,আমার ক্ষত এবং কাটগুলির ধীরে ধীরে নিরাময় রয়েছে। আমার হাতে এই টিংলিং সংবেদন এবং আমার হাত এবং পায়ে অসাড়তা রয়েছে
254,diabetes,I have mood changes and have difficulty concentrating. My mind feels hazy and foggy at times and it gets difficult to do even regular chores,मुझे मूड में बदलाव है और ध्यान केंद्रित करने में कठिनाई होती है। मेरा मन कई बार धुंधला और धूमिल लगता है और नियमित रूप से काम करना भी मुश्किल हो जाता है,আমার মেজাজ পরিবর্তন হয়েছে এবং মনোনিবেশ করতে অসুবিধা হয়। আমার মন অনেক সময় বেহুদা এবং কুয়াশাচ্ছন্ন বোধ করে এবং এটি নিয়মিত কাজ করাও কঠিন হয়ে পড়ে
255,diabetes,I have a feeling of tremors and muscle twitching. I have decreased sense of smell or taste and I feel fatigued. Sometimes I have a feeling of rapid hearbeat or palipatations,मुझे झटके और मांसपेशियों की चिकोटी की भावना है। मैंने गंध या स्वाद की भावना को कम कर दिया है और मैं थका हुआ महसूस करता हूं। कभी -कभी मुझे तेजी से हार्दिक या पैलिपेटेशन की भावना होती है,আমার কাঁপুনি এবং পেশী কুঁচকে অনুভূতি আছে। আমি গন্ধ বা স্বাদ অনুভূতি হ্রাস করেছি এবং আমি ক্লান্তি বোধ করি। কখনও কখনও আমার দ্রুত হরবিট বা প্যালিপ্যাটেশনের অনুভূতি থাকে
256,diabetes,I have rashes and skin irritations especially in the folds of the skin. There is also very slow healing of any cuts and bruises I have on my skin,मुझे विशेष रूप से त्वचा के सिलवटों में चकत्ते और त्वचा की जलन है। मेरी त्वचा पर मेरे पास किसी भी कट और चोटों की बहुत धीमी गति भी है,আমার বিশেষত ত্বকের ভাঁজগুলিতে ফুসকুড়ি এবং ত্বকের জ্বালা রয়েছে। আমার ত্বকে আমার যে কোনও কাট এবং আঘাতের নিরাময় খুব ধীর
257,diabetes,I have a frequent need to urinate and often have these uncontrollable urges. I feel dizzy and often confused. I have also been loss of visuals,मुझे लगातार पेशाब करने की आवश्यकता है और अक्सर ये बेकाबू आग्रह होते हैं। मुझे चक्कर आ रहा है और अक्सर भ्रमित होता है। मुझे भी दृश्य का नुकसान हुआ है,আমার ঘন ঘন প্রস্রাব করার প্রয়োজন হয় এবং প্রায়শই এই অনিয়ন্ত্রিত তাগিদ থাকে। আমি চঞ্চল এবং প্রায়শই বিভ্রান্ত বোধ করি। আমি ভিজ্যুয়াল ক্ষতিও হয়েছে
258,diabetes,I have difficulty breathing especially during physical activity. I have unusual sweating and flushing. I frequently get yeast infections,मुझे विशेष रूप से शारीरिक गतिविधि के दौरान सांस लेने में कठिनाई होती है। मुझे असामान्य पसीना और फ्लशिंग है। मुझे अक्सर खमीर संक्रमण मिलता है,বিশেষত শারীরিক ক্রিয়াকলাপের সময় আমার শ্বাস নিতে অসুবিধা হয়। আমার অস্বাভাবিক ঘাম এবং ফ্লাশিং রয়েছে। আমি প্রায়শই খামিরের সংক্রমণ পাই
259,diabetes,I have persistent dry cough. My infections dont seem to be healing and I have palpitations. I also have this problem of sore throat that does seem to go away,मुझे लगातार सूखी खांसी है। मेरे संक्रमण नहीं लगते हैं और मेरे पास palpitations हैं। मुझे गले में खराश की यह समस्या भी है जो दूर जाने के लिए लगता है,আমার অবিরাম শুকনো কাশি আছে। আমার সংক্রমণগুলি নিরাময় করছে বলে মনে হচ্ছে না এবং আমার ধড়ফড় রয়েছে। আমার গলা ব্যথার এই সমস্যাটিও রয়েছে যা মনে হয় দূরে চলে গেছে
260,diabetes,"I'm drinking more water and urinating more frequently. My throat and mouth are frequently dry. Recently, my appetite and hunger have both grown.","मैं अधिक पानी पी रहा हूं और अधिक बार पेशाब कर रहा हूं। मेरा गला और मुंह अक्सर सूखा होता है। हाल ही में, मेरी भूख और भूख दोनों बड़े हो गए हैं।","আমি আরও বেশি জল পান করছি এবং আরও ঘন ঘন প্রস্রাব করছি। আমার গলা এবং মুখ প্রায়শই শুকনো হয়। সম্প্রতি, আমার ক্ষুধা এবং ক্ষুধা উভয়ই বেড়েছে।"
261,diabetes,"My vision is foggy, and it seems to be growing worse. I'm constantly feeling worn out and exhausted. Additionally, I occasionally have severe lightheadedness and dizziness.","मेरी दृष्टि धूमिल है, और यह खराब हो रहा है। मैं लगातार पहना और थका हुआ महसूस कर रहा हूं। इसके अतिरिक्त, मेरे पास कभी -कभी गंभीर रूप से प्रकाश और चक्कर आना होता है।","আমার দৃষ্টি কুয়াশাচ্ছন্ন, এবং মনে হচ্ছে এটি আরও খারাপ হচ্ছে। আমি ক্রমাগত ক্লান্ত এবং ক্লান্ত বোধ করছি। অতিরিক্তভাবে, আমার মাঝে মাঝে মারাত্মক হালকা এবং মাথা ঘোরা হয়।"
262,diabetes,My throat and mouth are dry. I've also been feeling more hungry and more hungry. But sometimes I do feel quite exhausted.,मेरा गला और मुंह सूखा है। मैं भी अधिक भूखा और अधिक भूखा महसूस कर रहा हूं। लेकिन कभी -कभी मैं काफी थका हुआ महसूस करता हूं।,আমার গলা এবং মুখ শুকনো। আমি আরও ক্ষুধার্ত এবং আরও ক্ষুধার্ত বোধ করছি। তবে কখনও কখনও আমি বেশ ক্লান্ত বোধ করি।
263,diabetes,I have a sluggish wound and reduced healing rate. My hands and feet are both numb and have this tingling sensation.,मेरे पास एक सुस्त घाव है और उपचार दर कम है। मेरे हाथ और पैर दोनों सुन्न हैं और यह झुनझुनी सनसनी है।,আমার একটি আলস্য ক্ষত রয়েছে এবং নিরাময়ের হার হ্রাস পেয়েছে। আমার হাত -পা উভয়ই অসাড় এবং এই টিংলিং সংবেদন রয়েছে।
264,diabetes,"I struggle to focus and have emotional swings. At times, my head seems cloudy and foggy, making it challenging for me to do even simple tasks.","मैं ध्यान केंद्रित करने के लिए संघर्ष करता हूं और भावनात्मक झूलता है। कई बार, मेरा सिर बादल और धूमिल लगता है, जिससे मेरे लिए सरल कार्य भी करना चुनौतीपूर्ण हो जाता है।","আমি ফোকাস করতে এবং সংবেদনশীল দোল পেতে সংগ্রাম করি। মাঝে মাঝে আমার মাথা মেঘলা এবং কুয়াশাচ্ছন্ন বলে মনে হয়, এটি আমার পক্ষে এমনকি সাধারণ কাজগুলি করা চ্যালেঞ্জ করে তোলে।"
265,diabetes,I feel my muscles trembling and shaking. I feel worn out and my senses of taste and smell have diminished. Sometimes I have palpitations or a quick heartbeat.,मुझे लगता है कि मेरी मांसपेशियों को कांपना और हिलाना है। मुझे लगता है कि पहना हुआ है और मेरे स्वाद और गंध की इंद्रियां कम हो गई हैं। कभी -कभी मेरे पास धड़कन या त्वरित दिल की धड़कन होती है।,আমি আমার পেশী কাঁপছে এবং কাঁপছে অনুভব করছি। আমি ক্লান্ত বোধ করি এবং আমার স্বাদ এবং গন্ধের সংবেদনগুলি হ্রাস পেয়েছে। কখনও কখনও আমার ধড়ফড় বা দ্রুত হার্টবিট থাকে।
266,diabetes,"I experience skin irritations and rashes, especially in my skin's creases. Any wounds and bruises I have on my skin also heal quite slowly.","मैं त्वचा की जलन और चकत्ते का अनुभव करता हूं, खासकर मेरी त्वचा के क्रीज में। मेरी त्वचा पर मेरे पास कोई भी घाव और चोट भी काफी धीरे -धीरे ठीक हो जाती है।",আমি বিশেষত আমার ত্বকের ক্রিজগুলিতে ত্বকের জ্বালা এবং ফুসকুড়ি অনুভব করি। আমার ত্বকে আমার যে কোনও ক্ষত এবং আঘাতের বিষয়টিও বেশ ধীরে ধীরে নিরাময় করে।
267,diabetes,I frequently feel the want to urinate and frequently have these strong cravings. I frequently feel woozy and bewildered. I've also had sight loss.,मैं अक्सर महसूस करता हूं कि पेशाब करना चाहता है और अक्सर इन मजबूत cravings होते हैं। मैं अक्सर woozy और हतप्रभ महसूस करता हूं। मुझे भी दृष्टि हानि हुई है।,আমি প্রায়শই প্রস্রাব করতে চাই এবং ঘন ঘন এই দৃ strong ় অভ্যাসগুলি অনুভব করি। আমি প্রায়শই কৌতুকপূর্ণ এবং বিস্মিত বোধ করি। আমারও দৃষ্টিশক্তি ক্ষতি হয়েছে।
268,diabetes,"I have trouble breathing, especially when exercising. I'm flushed and sweating in an unexpected way. I have yeast infections a lot.","मुझे सांस लेने में परेशानी होती है, खासकर व्यायाम करते समय। मैं एक अप्रत्याशित तरीके से फ्लश और पसीना बहा रहा हूँ। मुझे खमीर संक्रमण बहुत है।","আমার শ্বাস নিতে সমস্যা হয়, বিশেষত অনুশীলন করার সময়। আমি ফ্লাশ এবং একটি অপ্রত্যাশিত উপায়ে ঘামছি। আমার খামিরের সংক্রমণ অনেক আছে।"
269,diabetes,"I have a chronic dry cough. I have palpitations and my infections don't appear to be getting better. I also have a painful throat issue, although it does seem to go away.","मेरे पास एक पुरानी सूखी खांसी है। मेरे पास palpitations हैं और मेरे संक्रमण बेहतर नहीं होते हैं। मेरे पास एक दर्दनाक गले का मुद्दा भी है, हालांकि यह दूर जाने लगता है।","আমার দীর্ঘস্থায়ী শুকনো কাশি আছে। আমার ধড়ফড়ানি রয়েছে এবং আমার সংক্রমণগুলি আরও ভাল হচ্ছে বলে মনে হয় না। আমার গলার বেদনাদায়ক সমস্যাও রয়েছে, যদিও মনে হচ্ছে এটি চলে গেছে।"
270,diabetes,Both my water intake and frequency of urination have increased. My mouth and throat regularly feel dry. My appetite and hunger have both increased recently.,मेरे पानी का सेवन और पेशाब की आवृत्ति दोनों में वृद्धि हुई है। मेरा मुंह और गला नियमित रूप से सूखा महसूस होता है। मेरी भूख और भूख हाल ही में बढ़ी है।,আমার জল গ্রহণ এবং প্রস্রাবের ফ্রিকোয়েন্সি উভয়ই বেড়েছে। আমার মুখ এবং গলা নিয়মিত শুকনো মনে হয়। আমার ক্ষুধা এবং ক্ষুধা উভয়ই সম্প্রতি বৃদ্ধি পেয়েছে।
271,diabetes,"I have blurry vision, and it seems to be getting worse. I'm continuously fatigued and worn out. I also occasionally have acute lightheadedness and vertigo.","मेरे पास धुंधली दृष्टि है, और यह खराब हो रहा है। मैं लगातार थका हुआ हूं और खराब हो गया हूं। मेरे पास कभी -कभी तीव्र प्रकाश और वर्टिगो भी होता है।","আমার অস্পষ্ট দৃষ্টি রয়েছে, এবং মনে হচ্ছে এটি আরও খারাপ হচ্ছে। আমি অবিচ্ছিন্নভাবে ক্লান্ত হয়ে পড়েছি এবং জরাজীর্ণ। আমার মাঝে মাঝে তীব্র বাতিঘর এবং ভার্টিগোও থাকে।"
272,diabetes,"My mouth and throat are dry. Additionally, I've been growing increasingly hungry. But on occasion, I do feel rather worn out.","मेरा मुंह और गला सूखा है। इसके अतिरिक्त, मैं तेजी से भूखा बढ़ रहा हूं। लेकिन इस अवसर पर, मुझे लगता है कि यह पहना हुआ है।","আমার মুখ এবং গলা শুকনো। অতিরিক্তভাবে, আমি ক্রমবর্ধমান ক্ষুধার্ত হয়ে উঠছি। তবে উপলক্ষ্যে, আমি বরং ক্লান্ত বোধ করি।"
273,diabetes,My wound is healing slowly and at a slower rate. My hands and feet are numb and tingling at the same time.,मेरा घाव धीरे -धीरे और धीमी गति से ठीक हो रहा है। मेरे हाथ और पैर एक ही समय में सुन्न और झुनझुनी हैं।,আমার ক্ষতটি ধীরে ধীরে এবং ধীর গতিতে নিরাময় করছে। আমার হাত -পা একই সময়ে অসাড় এবং টিংগল করছে।
274,diabetes,"I have trouble focusing, and my emotions fluctuate. My brain might seem murky and foggy at times, making it difficult for me to complete even straightforward chores.","मुझे ध्यान केंद्रित करने में परेशानी होती है, और मेरी भावनाओं में उतार -चढ़ाव होता है। मेरा मस्तिष्क कई बार मर्की और धूमिल लग सकता है, जिससे मेरे लिए सीधे कामों को पूरा करना मुश्किल हो जाता है।","আমার ফোকাস করতে সমস্যা হয়, এবং আমার আবেগগুলি ওঠানামা করে। আমার মস্তিষ্কটি সময়ে সময়ে নকল এবং কুয়াশাচ্ছন্ন বলে মনে হতে পারে, এটি আমার পক্ষে এমনকি সোজা কাজগুলি সম্পূর্ণ করা কঠিন করে তোলে।"
275,diabetes,"My body is shaking and trembling. My senses of taste and smell have gotten weaker, and I feel exhausted. I occasionally have palpitations or a rapid pulse.","मेरा शरीर हिल रहा है और कांप रहा है। स्वाद और गंध की मेरी इंद्रियां कमजोर हो गई हैं, और मैं थका हुआ महसूस करता हूं। मेरे पास कभी -कभी तालमेल या तेजी से पल्स होता है।",আমার শরীর কাঁপছে এবং কাঁপছে। আমার স্বাদ এবং গন্ধের ইন্দ্রিয়গুলি দুর্বল হয়ে পড়েছে এবং আমি ক্লান্ত বোধ করি। আমার মাঝে মাঝে ধড়ফড় বা দ্রুত নাড়ি থাকে।
276,diabetes,"I have rashes and skin irritations, especially in the crevices of my skin. My skin bruises and cuts also take a long time to heal.","मुझे चकत्ते और त्वचा की जलन है, खासकर मेरी त्वचा के दरारों में। मेरी त्वचा और कटौती को ठीक करने में भी लंबा समय लगता है।","আমার ফুসকুড়ি এবং ত্বকের জ্বালা রয়েছে, বিশেষত আমার ত্বকের ক্রেভিসে। আমার ত্বকের আঘাত এবং কাটগুলি নিরাময়ে দীর্ঘ সময় নেয়।"
277,diabetes,I often feel the want to urinate and experience these intense desires. I often feel dizzy and confused. I also lost my sight.,मैं अक्सर महसूस करता हूं कि इन गहन इच्छाओं को पेशाब करना और अनुभव करना चाहता है। मैं अक्सर चक्कर और भ्रमित महसूस करता हूं। मैंने अपनी दृष्टि भी खो दी।,আমি প্রায়শই এই তীব্র আকাঙ্ক্ষাগুলি প্রস্রাব করতে এবং অনুভব করতে চাই। আমি প্রায়শই চঞ্চল এবং বিভ্রান্ত বোধ করি। আমিও আমার দৃষ্টি হারিয়েছি।
278,diabetes,"I have respiratory issues, especially when doing out. Unexpectedly, I'm sweating and flushed. I frequently have yeast infections and urinary tract infections","मेरे पास श्वसन मुद्दे हैं, खासकर जब बाहर कर रहे हैं। अप्रत्याशित रूप से, मुझे पसीना आ रहा है और फ्लश किया गया है। मुझे अक्सर खमीर संक्रमण और मूत्र पथ के संक्रमण होते हैं","আমার শ্বাস প্রশ্বাসের সমস্যা রয়েছে, বিশেষত যখন বাইরে চলে যায়। অপ্রত্যাশিতভাবে, আমি ঘামছি এবং ফ্লাশ করছি। আমার প্রায়শই খামিরের সংক্রমণ এবং মূত্রনালীর সংক্রমণ থাকে"
279,diabetes,"I constantly have a dry cough. My infections don't seem to be healing, and I have palpitations. My throat hurts occasionally, but it does appear to get better.","मुझे लगातार सूखी खांसी होती है। मेरे संक्रमण ठीक नहीं लगते हैं, और मेरे पास palpitations हैं। मेरा गला कभी -कभार दर्द होता है, लेकिन यह बेहतर होता दिखता है।",আমি ক্রমাগত একটি শুকনো কাশি আছে। আমার সংক্রমণগুলি নিরাময় করছে বলে মনে হচ্ছে না এবং আমার ধড়ফড় রয়েছে। আমার গলা মাঝে মাঝে ব্যথা করে তবে এটি আরও ভাল হয়ে উঠেছে বলে মনে হয়।
280,diabetes,"I've been drinking more water and urinating more frequently. My throat and mouth frequently feel dry. Recently, both my hunger and appetite have grown.","मैं अधिक पानी पी रहा हूं और अधिक बार पेशाब कर रहा हूं। मेरा गला और मुंह अक्सर सूखा महसूस करता है। हाल ही में, मेरी भूख और भूख दोनों बढ़ी हैं।","আমি আরও বেশি জল পান করছি এবং আরও ঘন ঘন প্রস্রাব করছি। আমার গলা এবং মুখ ঘন ঘন শুকনো মনে হয়। সম্প্রতি, আমার ক্ষুধা এবং ক্ষুধা উভয়ই বেড়েছে।"
281,diabetes,"My vision is foggy, and it appears to be growing worse. I feel exhausted and worn out all the time. I also have severe dizziness and lightheadedness on occasion.","मेरी दृष्टि धुंधली है, और यह बदतर हो रहा है। मैं थका हुआ महसूस करता हूं और हर समय पहना जाता हूं। मेरे पास भी गंभीर चक्कर आना और इस अवसर पर प्रकाशस्तंभ है।","আমার দৃষ্টি কুয়াশাচ্ছন্ন, এবং এটি আরও খারাপ হয়ে যাচ্ছে বলে মনে হচ্ছে। আমি সর্বদা ক্লান্ত এবং জীর্ণ বোধ করি। উপলক্ষে আমার তীব্র মাথা ঘোরা এবং হালকা মাথাও রয়েছে।"
282,diabetes,"My throat and mouth are dry. I've also been getting hungry more and more. I do, however, occasionally feel rather exhausted.","मेरा गला और मुंह सूखा है। मैं भी अधिक से अधिक भूख लग रहा है। मैं, हालांकि, कभी -कभी थका हुआ महसूस करता हूं।",আমার গলা এবং মুখ শুকনো। আমি আরও বেশি করে ক্ষুধার্ত হয়ে আসছি। আমি তবে মাঝে মাঝে ক্লান্ত বোধ করি।
283,diabetes,My wound is recovering more slowly now. Both my hands and feet are tingling and going numb. I feel very weak,मेरा घाव अब अधिक धीरे -धीरे ठीक हो रहा है। मेरे दोनों हाथ और पैर झुनझुनी कर रहे हैं और सुन्न हो रहे हैं। मैं बहुत कमजोर महसूस करता हूं,আমার ক্ষত এখন আরও ধীরে ধীরে সুস্থ হয়ে উঠছে। আমার হাত -পা উভয়ই কাতর হয়ে যাচ্ছে এবং অসাড় হয়ে যাচ্ছে। আমি খুব দুর্বল বোধ করি
284,diabetes,"My emotions change, and I have difficulties focusing. At times, my mind might be cloudy and hazy, making it challenging for me to do even simple tasks.","मेरी भावनाएं बदल जाती हैं, और मुझे ध्यान केंद्रित करने में कठिनाई होती है। कभी -कभी, मेरा दिमाग बादल और धुंधला हो सकता है, जिससे मेरे लिए सरल कार्य भी करने के लिए चुनौतीपूर्ण हो जाता है।","আমার আবেগগুলি পরিবর্তিত হয় এবং আমার ফোকাস করতে অসুবিধা হয়। অনেক সময়, আমার মন মেঘলা এবং আড়ম্বরপূর্ণ হতে পারে, এটি আমার পক্ষে এমনকি সাধারণ কাজগুলি করা চ্যালেঞ্জ করে তোলে।"
285,diabetes,"My entire body is trembling and shaky. I've lost my ability to taste and smell, and I'm worn out. I sometimes get a racing heart or palpitations.","मेरा पूरा शरीर कांप रहा है और अस्थिर है। मैंने स्वाद और गंध करने की अपनी क्षमता खो दी है, और मैं खराब हो गया हूं। मुझे कभी -कभी एक रेसिंग दिल या तालमेल मिलता है।",আমার পুরো শরীর কাঁপছে এবং নড়বড়ে। আমি স্বাদ এবং গন্ধ পাওয়ার ক্ষমতা হারিয়ে ফেলেছি এবং আমি জীর্ণ হয়ে পড়েছি। আমি মাঝে মাঝে রেসিং হার্ট বা ধড়ফড়ানি পাই।
286,diabetes,"I get skin irritations and rashes, especially in my skin's crevices. Cuts and bruises on my skin also take a while to heal.","मुझे त्वचा की जलन और चकत्ते मिलते हैं, खासकर मेरी त्वचा के दरारों में। मेरी त्वचा पर कटौती और चोट भी चंगा करने में भी कुछ समय लगता है।","আমি ত্বকের জ্বালা এবং ফুসকুড়ি পাই, বিশেষত আমার ত্বকের ক্রেভগুলিতে। আমার ত্বকে কাটা এবং আঘাতগুলি নিরাময়ে কিছুটা সময় নেয়।"
287,diabetes,"I frequently feel the want to urinate and have these strong cravings. I get woozy and disoriented a lot. Moreover, I have lost my vision considerably","मैं अक्सर महसूस करता हूं कि पेशाब करना चाहता है और इन मजबूत cravings है। मुझे बहुत कुछ मिलता है और बहुत कुछ भटका दिया जाता है। इसके अलावा, मैंने अपनी दृष्टि को काफी खो दिया है","আমি প্রায়শই প্রস্রাব করতে চাই এবং এই দৃ strong ় আকাঙ্ক্ষাগুলি অনুভব করি। আমি অনেকটা উজ্জীবিত এবং দিশেহারা হয়ে উঠি। তদুপরি, আমি আমার দৃষ্টিটি যথেষ্ট হারিয়েছি"
288,diabetes,"I have breathing problems, especially when I'm outside. I'm suddenly flushed and perspiring. I experience yeast infections and urinary tract infections rather regularly.","मुझे सांस लेने की समस्या है, खासकर जब मैं बाहर हूं। मैं अचानक बह गया और पसीना आ रहा हूं। मैं नियमित रूप से खमीर संक्रमण और मूत्र पथ के संक्रमण का अनुभव करता हूं।","আমার শ্বাস প্রশ্বাসের সমস্যা রয়েছে, বিশেষত যখন আমি বাইরে থাকি। আমি হঠাৎ ফ্লাশ এবং ভেসে উঠছি। আমি নিয়মিতভাবে খামির সংক্রমণ এবং মূত্রনালীর সংক্রমণ অনুভব করি।"
289,diabetes,"I have a dry cough that never stops. I have palpitations and my infections don't appear to be getting better. Sometimes my throat hurts, but it seems to get better.","मुझे एक सूखी खांसी है जो कभी नहीं रुकती। मेरे पास palpitations हैं और मेरे संक्रमण बेहतर नहीं होते हैं। कभी -कभी मेरा गला दर्द होता है, लेकिन यह बेहतर लगता है।","আমার একটি শুকনো কাশি আছে যা কখনও থামে না। আমার ধড়ফড়ানি রয়েছে এবং আমার সংক্রমণগুলি আরও ভাল হচ্ছে বলে মনে হয় না। কখনও কখনও আমার গলা ব্যথা হয়, তবে মনে হয় এটি আরও ভাল।"
290,diabetes,Both my water intake and frequency of urination have increased. My mouth and throat feel dry a lot. My hunger and appetite have both increased recently.,मेरे पानी का सेवन और पेशाब की आवृत्ति दोनों में वृद्धि हुई है। मेरा मुंह और गला बहुत सूखा महसूस करते हैं। मेरी भूख और भूख हाल ही में दोनों में वृद्धि हुई है।,আমার জল গ্রহণ এবং প্রস্রাবের ফ্রিকোয়েন্সি উভয়ই বেড়েছে। আমার মুখ এবং গলা অনেক শুকনো অনুভব করে। আমার ক্ষুধা এবং ক্ষুধা উভয়ই সম্প্রতি বৃদ্ধি পেয়েছে।
291,diabetes,"My vision is blurry, and it feels like it's getting worse. All the time, I feel worn out and fatigued. I occasionally have extreme lightheadedness and vertigo as well.","मेरी दृष्टि धुंधली है, और ऐसा लगता है कि यह खराब हो रहा है। हर समय, मैं बाहर पहना और थका हुआ महसूस करता हूं। मेरे पास कभी -कभी चरम लाइटहेडनेस और वर्टिगो भी होता है।","আমার দৃষ্টি অস্পষ্ট, এবং মনে হচ্ছে এটি আরও খারাপ হচ্ছে। সব সময়, আমি ক্লান্ত এবং ক্লান্তি বোধ করি। আমার মাঝে মাঝে চরম হালকা এবং ভার্টিগোও থাকে।"
292,diabetes,"My mouth and throat are dry. Additionally, I've been growing increasingly hungry. However, I do get periodic bouts of exhaustion.","मेरा मुंह और गला सूखा है। इसके अतिरिक्त, मैं तेजी से भूखा बढ़ रहा हूं। हालांकि, मुझे थकावट के आवधिक मुकाबलों में मिलता है।","আমার মুখ এবং গলা শুকনো। অতিরিক্তভাবে, আমি ক্রমবর্ধমান ক্ষুধার্ত হয়ে উঠছি। যাইহোক, আমি ক্লান্তির পর্যায়ক্রমিক পদক্ষেপগুলি পাই।"
293,diabetes,My wound is healing more slowly these days. My feet and hands are tingling and becoming numb. I feel really fragile.,मेरा घाव इन दिनों अधिक धीरे -धीरे ठीक हो रहा है। मेरे पैर और हाथ झुनझुनी कर रहे हैं और सुन्न हो रहे हैं। मैं वास्तव में नाजुक महसूस करता हूं।,আমার ক্ষত আজকাল আরও ধীরে ধীরে নিরাময় করছে। আমার পা এবং হাত কাতর হয়ে উঠছে এবং অসাড় হয়ে উঠছে। আমি সত্যিই ভঙ্গুর বোধ করছি।
294,diabetes,"My emotions fluctuate, and it's hard for me to concentrate. My mind can be foggy and foggy at times, making it difficult for me to perform even simple chores.","मेरी भावनाओं में उतार -चढ़ाव होता है, और मेरे लिए ध्यान केंद्रित करना मुश्किल है। मेरा मन कई बार धूमिल और धूमिल हो सकता है, जिससे मेरे लिए सरल काम भी करना मुश्किल हो जाता है।","আমার আবেগগুলি ওঠানামা করে এবং আমার পক্ষে মনোনিবেশ করা শক্ত। আমার মন মাঝে মাঝে কুয়াশাচ্ছন্ন এবং কুয়াশাচ্ছন্ন হতে পারে, যা আমার পক্ষে এমনকি সাধারণ কাজগুলি সম্পাদন করা কঠিন করে তোলে।"
295,diabetes,"I'm shaking and trembling all over. I've lost my sense of taste and smell, and I'm exhausted. I occasionally get palpitations or a speeding heart.","मैं हिला रहा हूं और कांप रहा हूं। मैंने अपने स्वाद और गंध की भावना खो दी है, और मैं थक गया हूं। मुझे कभी -कभार palpitations या तेजी से दिल मिलता है।",আমি কাঁপছি এবং কাঁপছি। আমি আমার স্বাদ এবং গন্ধের অনুভূতিটি হারিয়ে ফেলেছি এবং আমি ক্লান্ত হয়ে পড়েছি। আমি মাঝে মাঝে ধড়ফড়ানি বা একটি দ্রুতগতির হৃদয় পাই।
296,diabetes,"Particularly in the crevices of my skin, I have skin rashes and irritations. My skin bruises and cuts take a while to heal as well.","विशेष रूप से मेरी त्वचा के दरारों में, मुझे त्वचा चकत्ते और जलन है। मेरी त्वचा को चोट लगी है और कटौती के साथ -साथ चंगा करने में थोड़ा समय लगता है।",বিশেষত আমার ত্বকের ক্রেভিসে আমার ত্বকের ফুসকুড়ি এবং জ্বালা রয়েছে। আমার ত্বকের আঘাত এবং কাটগুলিও নিরাময়ে কিছুটা সময় নেয়।
297,diabetes,I regularly experience these intense urges and the want to urinate. I frequently feel drowsy and lost. I've also significantly lost my vision.,मैं नियमित रूप से इन तीव्र आग्रहों और पेशाब करना चाहता हूं। मैं अक्सर ड्रॉ और खो गया महसूस करता हूं। मैंने भी अपनी दृष्टि खो दी है।,আমি নিয়মিত এই তীব্র অনুরোধগুলি এবং প্রস্রাব করতে চাই। আমি প্রায়শই ঘ্রাণ অনুভব করি এবং হারিয়েছি। আমি আমার দৃষ্টি উল্লেখযোগ্যভাবে হারিয়েছি।
298,diabetes,"I have trouble breathing, especially outside. I start to feel hot and start to sweat. I frequently have urinary tract infections and yeast infections.","मुझे सांस लेने में परेशानी होती है, खासकर बाहर। मैं गर्म महसूस करने लगता हूं और पसीना बहाने लगता हूं। मुझे अक्सर मूत्र पथ के संक्रमण और खमीर संक्रमण होते हैं।","আমার শ্বাস নিতে সমস্যা হয়, বিশেষত বাইরে। আমি গরম বোধ করতে শুরু করি এবং ঘাম হতে শুরু করি। আমার প্রায়শই মূত্রনালীর সংক্রমণ এবং খামিরের সংক্রমণ থাকে।"
299,diabetes,"I constantly sneeze and have a dry cough. My infections don't seem to be healing, and I have palpitations. My throat does ache occasionally, but it usually gets better.","मैं लगातार छींकता हूं और सूखी खांसी करता हूं। मेरे संक्रमण ठीक नहीं लगते हैं, और मेरे पास palpitations हैं। मेरा गला कभी -कभी दर्द होता है, लेकिन यह आमतौर पर बेहतर हो जाता है।",আমি ক্রমাগত হাঁচি এবং একটি শুকনো কাশি আছে। আমার সংক্রমণগুলি নিরাময় করছে বলে মনে হচ্ছে না এবং আমার ধড়ফড় রয়েছে। আমার গলা মাঝে মাঝে ব্যথা করে তবে এটি সাধারণত আরও ভাল হয়।
